date,open,high,low,close,volume
2013-01-01,808.9239043673958,833.4367499542866,800.7529558384322,817.0948528963594,16408.327222424
2013-01-02,805.6634782904258,830.0775230871054,797.5254633581992,813.8014932226523,94160.4522696473
2013-01-03,827.7447335260633,852.8279072692774,819.3836756116586,836.105791440468,101594.82223164191
2013-01-04,879.4135483321406,906.0624437361449,870.5305831974725,888.2965134668087,20311.73415612538
2013-01-05,872.4959626498631,898.9352342453135,863.6828721180464,881.3090531816799,8034.9115293601935
2013-01-06,865.6333646080266,891.8646786870577,856.8895932483495,874.3771359677036,2735.5892027249765
2013-01-07,921.6125867717296,949.5402409163275,912.3033687235304,930.921804819929,5054.139689563129
2013-01-08,951.2861058884101,980.1129575819983,941.6771553238808,960.8950564529396,5575.65554019764
2013-01-09,934.8488566308263,963.1776098620635,925.4059388870805,944.291774374572,87419.1484497913
2013-01-10,956.5395953717691,985.5256437163682,946.8775792569027,966.2016114866354,24731.291600302728
2013-01-11,940.2433098699887,968.7355313812005,930.7459026995847,949.7407170403926,32519.80359378454
2013-01-12,924.1377034347204,952.1418762660755,914.8029791576021,933.4724277118388,2391.267863446493
2013-01-13,934.4681683083878,962.7853855298541,925.0290959012324,943.9072407155433,6647.748938017877
2013-01-14,864.3538911334105,890.5464332889684,855.6230437482244,873.0847385185964,53480.89554242019
2013-01-15,806.0128443533886,830.4374760004611,797.8713004710311,814.1543882357461,29341.967626490354
2013-01-16,789.0934247884004,813.0053467516852,781.1227841339721,797.0640654428287,19011.412226118504
2013-01-17,758.3083298265045,781.2873701242773,750.6486497272468,765.9680099257621,38748.30758493127
2013-01-18,768.9776471185545,792.280000061541,761.2101961375589,776.74509809955,113074.00627749482
2013-01-19,742.2011049043803,764.6920474772403,734.7041240467602,749.6980857620002,17658.235188493327
2013-01-20,701.3858718580727,722.6399891871052,694.3011660817286,708.4705776344169,23608.68195137062
2013-01-21,743.5573642509702,766.0894055919086,736.0466838039906,751.0680446979496,26704.75500831705
2013-01-22,737.9575950613424,760.3199464268376,730.5034779395106,745.4117121831741,240893.3624944943
2013-01-23,741.0578495151468,763.5141479853028,733.5724166917614,748.5432823385321,2699.019223865917
2013-01-24,699.9366032103815,721.1468033076658,692.8665365112868,707.0066699094763,43617.90520124939
2013-01-25,685.7451723131743,706.5253290499371,678.81845340092,692.6718912254286,19637.52884116693
2013-01-26,689.8163752874048,710.7199018112656,682.8485331127845,696.784217462025,38823.139479425205
2013-01-27,659.0921311480744,679.0646199707434,652.4346348738515,665.7496274222974,11414.359488548014
2013-01-28,669.9855536479789,690.2881461827661,663.2180228030498,676.753084492908,20973.91851086605
2013-01-29,654.893762170145,674.7390276904524,648.2786736633758,661.5088506769141,44864.879749997315
2013-01-30,648.2349661252547,667.8784499472321,641.6871381845955,654.7827940659138,495295.68222497863
2013-01-31,633.6054279586078,652.805592442202,627.2053731307432,640.0054827864726,49416.32871762679
2013-02-01,681.5003765723129,702.1519031351103,674.6165343847139,688.3842187599121,9432.66931613052
2013-02-02,682.1546925875082,702.8260469083417,675.2642411472303,689.045144027786,14418.109764835974
2013-02-03,654.317025682855,674.1448143399114,647.7077627971696,660.9262885685405,13996.82632203945
2013-02-04,676.8267068364963,697.336607043663,669.9900734341074,683.6633402388852,3656.8479056826295
2013-02-05,644.7899634098657,664.3290532101647,638.2769334764326,651.3029933432987,15833.920870846508
2013-02-06,651.1440743462113,670.8757129627631,644.5668614740273,657.7212872183952,45836.18308197314
2013-02-07,601.0796869042257,619.2942228710205,595.008174915294,607.1511988931572,6159.604690961867
2013-02-08,570.0474802576848,587.3216463260995,564.2894249015466,575.805535613823,62848.51908492118
2013-02-09,575.3913615367755,592.8274634015264,569.5793275818586,581.2033954916925,35874.24189831429
2013-02-10,593.2507402155994,611.2280353736479,587.2583084962499,599.2431719349489,10569.911203543637
2013-02-11,598.20719071254,616.3346813401927,592.1646938366557,604.2496875884242,19119.620969962216
2013-02-12,596.3372361338808,614.408061471271,590.313627688084,602.3608445796775,108914.86572515915
2013-02-13,590.0493681633849,607.9296520471239,584.0892735354719,596.0094627912979,45869.13884078864
2013-02-14,556.0384035663512,572.888052159271,550.4218540353779,561.6549530973244,22220.790861748555
2013-02-15,540.8620201936095,557.2517783812947,535.3987674643812,546.3252729228379,17366.818520867655
2013-02-16,531.7076325742674,547.819985076518,526.3368484068507,537.0784167416844,23780.21164786163
2013-02-17,554.988392272909,571.806222341785,549.3824489166169,560.5943356292009,13203.489663175777
2013-02-18,563.4490413446449,580.5232547187251,557.7576368866181,569.1404458026716,2684.501944701794
2013-02-19,524.558883491012,540.4546072331639,519.2603089102947,529.8574580717293,169766.27388310194
2013-02-20,532.1457668219714,548.2713961196068,526.7705570560929,537.5209765878499,25727.738276065604
2013-02-21,524.7471892561365,540.6486192335951,519.4467125969836,530.0476659152894,32798.80186249357
2013-02-22,511.325793359773,526.8205143706753,506.1608863561389,516.4907003634071,20787.190821952172
2013-02-23,524.6034165966494,540.5004898268509,519.3043921865823,529.9024410067166,10560.577035445125
2013-02-24,547.0249566019801,563.6014704384037,541.4994519898388,552.5504612141212,18289.37408422717
2013-02-25,568.2228327066359,585.4417064250189,562.4832081338417,573.9624572794303,4449.759095293072
2013-02-26,550.0006646235913,566.6673514303668,544.4451023546662,555.5562268925165,214719.21955602552
2013-02-27,544.0229851314065,560.5085301353885,538.5278034634124,549.5181667994004,6409.188876483358
2013-02-28,552.0476164417851,568.7763320915361,546.471377891868,557.623854991702,7848.154724120196
2013-03-01,574.4175823528195,591.8241757574505,568.615384551276,580.2197801543632,14182.169642548253
2013-03-02,564.269364437195,581.3684360868069,558.5696738873244,569.9690549870656,79863.62127272165
2013-03-03,560.9253015732846,577.9230379845962,555.2593894361808,566.5912137103885,22348.377431488574
2013-03-04,536.9438383682285,553.2148637733263,531.5201632331958,542.3675135032611,6398.790095958446
2013-03-05,512.0574230771657,527.5743146855647,506.88512587436605,517.2297202799654,77214.1771318695
2013-03-06,529.4679043637345,545.5123863141508,524.1197437135958,534.8160650138733,45752.4502563555
2013-03-07,558.9855288499443,575.9244842696396,553.3392103767126,564.6318473231761,37738.45791071862
2013-03-08,558.2139025074541,575.1294753107103,552.575378239702,563.8524267752061,45059.280270686395
2013-03-09,581.4586639702922,599.0786234845434,575.5853441322083,587.3319838083759,241436.52970660248
2013-03-10,590.7419079649566,608.6431779032886,584.7748179855126,596.7089979444006,195848.15039000104
2013-03-11,576.3840498388514,593.8502331673014,570.5619887293681,582.2061109483348,11084.296512203346
2013-03-12,585.5807324214858,603.3256031009248,579.6657755283395,591.4956893146322,111734.96843851694
2013-03-13,622.4848866834049,641.3480650677504,616.1971605552897,628.77261281152,32311.167411772607
2013-03-14,622.5265672976029,641.3910087308636,616.2384201531827,628.8147144420232,36282.681623147524
2013-03-15,662.421646912464,682.4950301522356,655.7305191658734,669.1127746590545,4055.0940844194843
2013-03-16,594.0002447291529,612.0002521451878,588.0002422571412,600.0002472011645,18575.786947024437
2013-03-17,614.419656645942,633.0384341200615,608.2133974879023,620.6259158039819,9771.022626917442
2013-03-18,617.4806233220684,636.1921573621311,611.2434453087141,623.7178013354226,50415.74544502813
2013-03-19,611.0215944513096,629.5374003437736,604.8496591538216,617.1935297487976,64284.929214826254
2013-03-20,614.1808394824591,632.7923800728366,607.9769926189998,620.3846863459182,2766.9852497067577
2013-03-21,566.2730409617301,583.4328300817825,560.553111255046,571.9929706684143,21546.423868750408
2013-03-22,562.1466798055906,579.1814276784872,556.4684305146251,567.8249290965562,67633.68960289554
2013-03-23,571.0198856809857,588.3235185804095,565.2520080478445,576.787763314127,18275.580296541262
2013-03-24,605.6326910485835,623.9851968379345,599.5151891187999,611.7501929783672,45663.91436755929
2013-03-25,593.9858846058203,611.9854568666027,587.9860271855595,599.9857420260811,31293.493127835423
2013-03-26,575.6675119162227,593.1119819742901,569.8526885635335,581.4823352689118,30997.45030790511
2013-03-27,564.9772040294271,582.0977253636522,559.2703635846854,570.6840444741688,16792.45608415498
2013-03-28,586.5119229963486,604.2850115719956,580.5875601377996,592.4362858548976,6525.1498396893385
2013-03-29,595.1043487013906,613.1378138135539,589.0931936640028,601.1155037387783,7175.80229557309
2013-03-30,583.3865011832147,601.0648800069484,577.4937082419701,589.2792941244593,44772.63986119966
2013-03-31,596.2389126140012,614.3067584507891,590.2162973350718,602.2615278929304,22459.259443715197
2013-04-01,599.4485274814225,617.613634374799,593.3934918502971,605.503563112548,19177.399501712247
2013-04-02,623.5738128017325,642.4699889472396,617.2750874198967,629.8725381835682,14416.230338230636
2013-04-03,606.9978965394009,625.39177219211,600.8666046551646,613.1291884236373,16233.156944785702
2013-04-04,599.9527840337929,618.1331714287563,593.8926549021384,606.0129131654473,62749.87057788878
2013-04-05,591.442858085284,609.3653689363532,585.4686878015943,597.4170283689738,15752.524515883133
2013-04-06,557.7066038214601,574.6068039372619,552.0732037828595,563.3400038600607,5761.3971595507355
2013-04-07,565.1490930889665,582.2748231825716,559.4405163910982,570.8576697868349,46334.94817522948
2013-04-08,571.8982227413424,589.2284719153224,566.1214730166823,577.6749724660024,17946.014505349936
2013-04-09,572.8730451460898,590.232834392941,567.0864487304727,578.6596415617068,22728.976006703328
2013-04-10,568.3568088958606,585.5797424987654,562.6158310282256,574.0977867634955,109927.71653869454
2013-04-11,537.0319201749508,553.3056147257068,531.6073553246988,542.4564850252028,21578.21333277601
2013-04-12,528.8014694393214,544.8257563920281,523.4600404550858,534.142898423557,29412.75412754222
2013-04-13,522.3455540459787,538.1742071988872,517.0693363283426,527.6217717636149,6775.554644213907
2013-04-14,506.36643378944524,521.7108711770042,501.25162132692554,511.4812462519649,17682.496794850802
2013-04-15,503.859196614629,519.1276571181027,498.7697097801378,508.9486834491202,40518.99053157378
2013-04-16,512.758375013792,528.2965075899675,507.57899748840015,517.9377525391839,4650.0175192677025
2013-04-17,552.2138172834582,568.9475693223509,546.6358999371606,557.7917346297558,26925.93138123708
2013-04-18,556.898309226858,573.7740155670658,551.2730737801221,562.523544673594,24362.27413214331
2013-04-19,563.4708317760673,580.5457054662511,557.7792072126726,569.1624563394619,22954.917336992825
2013-04-20,562.6381139405677,579.6877537569486,556.9549006684407,568.3213272126947,62140.85230013917
2013-04-21,520.2991184051064,536.0657583567763,515.0435717545497,525.554665055663,30774.401856630655
2013-04-22,520.5277612418448,536.301329764325,515.2699050676848,525.7856174160049,96574.68234815332
2013-04-23,522.5626127372967,538.3978434263057,517.2842025076271,527.8410229669664,8155.1954723988365
2013-04-24,574.8343860205968,592.2536098394027,569.0279780809948,580.6407939601987,25233.41954217775
2013-04-25,571.2736097162561,588.5849312228094,565.5031692140718,577.0440502184406,23967.80586173596
2013-04-26,579.0211616810412,596.5672574895576,573.1724630782024,584.86986028388,7560.8999738234
2013-04-27,579.0857394548135,596.6337921655654,573.2363885512295,584.9350903583975,57313.70203297052
2013-04-28,552.8837766400154,569.6378304775916,547.29909202749,558.4684612525408,225184.04077779557
2013-04-29,578.9870300537531,596.5320915705335,573.1386762148262,584.8353838926798,21655.049197345343
2013-04-30,597.2698895346186,615.3689770962739,591.2368603474002,603.302918721837,36498.304567044026
2013-05-01,617.0641769140709,635.7630913660124,610.8312054300903,623.2971483980514,23969.044775867675
2013-05-02,595.543756327886,613.5905368226704,589.5281628296245,601.5593498261475,10790.434541910388
2013-05-03,629.8540876939887,648.9405751998671,623.4919251920293,636.2162501959482,3566.1423710232625
2013-05-04,595.4804039360146,613.5252646613483,589.4654503609033,601.4953575111258,10875.050687924908
2013-05-05,610.3521005126745,628.8476187100283,604.1869277802233,616.5172732451258,5475.515026612976
2013-05-06,664.7455963551605,684.8894023053169,658.030994371775,671.460198338546,121067.32539436541
2013-05-07,639.4045283432754,658.7804231415564,632.9458967438484,645.8631599427024,19631.492305887703
2013-05-08,625.879901827849,644.845959458996,619.5578826174667,632.2019210382314,15585.256823456508
2013-05-09,629.3135131445134,648.3836196034381,622.9568109915385,635.6702152974883,53591.93261344564
2013-05-10,617.5837221072462,636.2983803529204,611.3455026920216,623.821941522471,7174.216938238197
2013-05-11,580.2035179506705,597.7854427370545,574.3428763552091,586.0641595461318,10230.573950299233
2013-05-12,582.6650423949412,600.3215588311516,576.7795369162045,588.550547873678,23578.068762898074
2013-05-13,558.7803504227527,575.7130883143512,553.1361044588865,564.4245963866189,61621.67727441821
2013-05-14,570.2038867223023,587.4827923805539,564.4442515028851,575.9635219417195,36376.74752225618
2013-05-15,550.0888216761141,566.7581799087236,544.5323689319109,555.6452744203173,28235.21233954503
2013-05-16,585.0180185298831,602.7458372732128,579.1087456154398,590.9272914443263,23816.115092060365
2013-05-17,567.5668539940957,584.7658495696744,561.8338554689028,573.2998525192886,32867.37671279308
2013-05-18,561.1065466132699,578.1097752985205,555.4388037181863,566.7742895083534,26947.691259845087
2013-05-19,580.206999891139,597.7890301908706,574.3463231245619,586.0676766577162,7863.819628615188
2013-05-20,552.5110666985277,569.2538262954528,546.930146832886,558.0919865641694,23065.175886085606
2013-05-21,558.3667985425476,575.2870045589884,552.7267298704007,564.0068672146946,7527.447915347855
2013-05-22,588.398953338232,606.2292246515118,582.4555295671388,594.3423771093253,23886.83006898481
2013-05-23,551.4478936592561,568.1584358913548,545.8777129152232,557.018074403289,13620.782883867836
2013-05-24,556.3477035951778,573.2067249162437,550.7280298214891,561.9673773688664,279115.6867702527
2013-05-25,562.965632981931,580.0251976177472,557.2791114366589,568.652154527203,21165.030970624597
2013-05-26,581.4156577469985,599.0343140423621,575.5427723152105,587.2885431787863,5408.680455817645
2013-05-27,553.5204807869872,570.2938286896231,547.9293648194418,559.1115967545325,19260.65685368125
2013-05-28,525.114770334857,541.027339132883,519.8105807355149,530.4189599341989,37025.37419512332
2013-05-29,536.8656115046446,553.1342663987247,531.4427265399512,542.2884964693379,117402.55462554218
2013-05-30,544.0485442500152,560.5348637727429,538.553104409106,549.5439840909245,12216.558933423317
2013-05-31,550.3158278894186,566.992065098189,544.757082153162,555.8745736256755,4525.901333292786
2013-06-01,558.7675389604582,575.6998886259266,553.1234224053021,564.4116555156144,49853.15241631585
2013-06-02,544.4066606645516,560.9038321998411,538.9076034861217,549.9057178429814,5538.069725904907
2013-06-03,550.280889043485,566.9560674993483,544.7224962248639,555.8392818621061,14240.489487430716
2013-06-04,557.5571976234891,574.4528702787463,551.9253067384034,563.1890885085749,17024.002082846262
2013-06-05,542.4618624297984,558.9001006852469,536.9824496779823,547.9412751816146,20544.86985569324
2013-06-06,583.7600158710285,601.4497133216657,577.8634500541493,589.6565816879075,43877.82986669015
2013-06-07,595.6998444321023,613.7513548694387,589.6826742863234,601.7170145778811,11118.50056809005
2013-06-08,568.207021880549,585.4254164829898,562.4675570130686,573.9464867480292,16751.96339227839
2013-06-09,583.9816672400401,601.6780813988291,578.0828625204438,589.8804719596365,21714.37249077078
2013-06-10,562.0897906685938,579.1228146282481,556.4121160153757,567.7674653218119,25580.815564433706
2013-06-11,580.6294141608395,598.2242448929861,574.7644705834572,586.4943577382217,24290.173739988673
2013-06-12,608.408945173617,626.8455798758479,602.2634002728734,614.5544900743606,34064.31979737568
2013-06-13,589.3491400461373,607.2082048960203,583.3961184295097,595.302161662765,51217.65161111206
2013-06-14,612.9437594886513,631.5178128064891,606.7524083827053,619.1351105945972,32618.47470736791
2013-06-15,623.9836348559509,642.8922298515857,617.6807698574058,630.2864998544958,34668.45669341181
2013-06-16,645.4376937763798,664.9964117696034,638.9181211119719,651.9572664407876,4526.8283657498205
2013-06-17,695.3763178488597,716.4483274806433,688.352314638265,702.4003210594542,23161.05999906436
2013-06-18,689.5938989436352,710.4906837601089,682.6283040048105,696.5594938824597,35578.88233525063
2013-06-19,669.8374153778865,690.1355188741861,663.0713808791199,676.603449876653,45658.32314385292
2013-06-20,647.0089696416856,666.61530205507,640.4735255038908,653.5444137794804,11022.007399324862
2013-06-21,626.866020220205,645.8619602268778,620.5340402179808,633.1980002224293,11395.350782601861
2013-06-22,625.8730215812315,644.8388707200567,619.5510718682898,632.1949712941732,12405.55114890846
2013-06-23,635.3525438054793,654.6056511935242,628.9348413427977,641.7702462681609,37662.263346646585
2013-06-24,643.3374207492634,662.8324941053017,636.8390629639173,649.8357785346095,61937.4977610749
2013-06-25,665.5887443972606,685.7581002880868,658.8656257669852,672.311863027536,14655.044544869404
2013-06-26,666.9332840294487,687.1433835454926,660.1965841907673,673.66998386813,54609.45491195961
2013-06-27,706.7100941765826,728.125551575873,699.5716083768191,713.8485799763461,24921.341635793076
2013-06-28,700.2887330961646,721.5096037960484,693.2151095295367,707.3623566627925,19452.176066954555
2013-06-29,777.5353189749408,801.0969953075147,769.6814268640827,785.3892110857987,17829.60880205356
2013-06-30,798.1607603860698,822.3474500947386,790.0985304831802,806.2229902889594,46472.28370916319
2013-07-01,771.9920204466536,795.3857180359462,764.1941212502227,779.7899196430844,30502.923692964694
2013-07-02,740.0811899469492,762.5078926726143,732.6056223717275,747.5567575221709,214448.61416480277
2013-07-03,755.4740620994597,778.3672154964131,747.8430109671419,763.1051132317775,9393.519888834662
2013-07-04,749.8544596662817,772.5773220804115,742.2801721949052,757.4287471376583,36978.86092588951
2013-07-05,772.3950995437366,795.8010116511225,764.5931288412746,780.1970702461986,12975.250188365399
2013-07-06,788.1747490786651,812.0588323840792,780.2133879768604,796.1361101804698,9234.604015180872
2013-07-07,787.0609348039229,810.9112661616176,779.110824351358,795.0110452564878,21788.397078184593
2013-07-08,761.5823959929685,784.6606504169979,753.889644518292,769.275147467645,25269.476386381524
2013-07-09,716.5775304293755,738.2920010484476,709.3393735563515,723.8156873023995,407653.7964495058
2013-07-10,704.8538934589405,726.2131023516357,697.7341571613755,711.9736297565056,18321.933706390337
2013-07-11,730.0566152804266,752.1795430161972,722.6823060351699,737.4309245256835,7114.009376307381
2013-07-12,737.4037223710436,759.7492897156208,729.9551999228513,744.852244819236,28940.88897257321
2013-07-13,701.7653314536332,723.0309475582887,694.6767927520814,708.8538701551851,2766.5600340208107
2013-07-14,707.6792742440697,729.1241007363142,700.5309987466549,714.8275497414845,20091.321153536675
2013-07-15,719.6480381010409,741.4555544071331,712.3788659990103,726.9172102030717,22382.28960071806
2013-07-16,695.2848593612661,716.3540975237287,688.2617799737785,702.3079387487536,48756.82091994631
2013-07-17,700.6030961970133,721.8334930514683,693.5262972455283,707.6798951484983,58315.44437964486
2013-07-18,703.2852491760659,724.5969233935225,696.1813577702471,710.3891405818848,13312.122710998154
2013-07-19,672.186811021404,692.5561083250828,665.397045253511,678.9765767892969,18946.717667886838
2013-07-20,682.8150890289871,703.5064553631989,675.9179669175833,689.7122111403911,10238.180214668593
2013-07-21,699.1557971144588,720.3423364209576,692.0936173456258,706.2179768832917,7129.07980300503
2013-07-22,730.4933930196512,752.6295564444891,723.1146718780386,737.8721141612639,30028.276880088015
2013-07-23,762.3809505716627,785.4834036192888,754.6801328891206,770.0817682542047,6163.588597324055
2013-07-24,721.5121667048564,743.3761717565188,714.224165020969,728.8001683887439,14550.390335590368
2013-07-25,695.5283478933446,716.6049644961732,688.502809025735,702.5538867609541,8142.284250631798
2013-07-26,710.9005055555224,732.442945117811,703.7196923680929,718.0813187429519,38165.34509169186
2013-07-27,726.5768840038884,748.5943653373396,719.2377235594046,733.9160444483721,133443.0533655001
2013-07-28,742.6356190510807,765.1397287192952,735.1342491616757,750.1369889404855,5993.3872606253535
2013-07-29,858.1965979036557,884.2025554158878,849.5279453995785,866.8652504077331,3452.9406769766438
2013-07-30,879.0813445626055,905.7201731857148,870.2017350215691,887.9609541036419,19440.486718287044
2013-07-31,920.3301493718117,948.2189417770181,911.0338852367428,929.6264135068805,22374.960906763103
2013-08-01,956.8305080157362,985.825371895001,947.1655533893146,966.4954626421578,27409.893579797965
2013-08-02,983.1965946539169,1012.9904308555508,973.265315920039,993.1278733877949,14096.467101107368
2013-08-03,972.2725236367177,1001.7353273832849,962.4515890545287,982.0934582189068,18022.219660315524
2013-08-04,1003.2479291970361,1033.6493815969463,993.1141117303994,1013.3817466636729,31809.18649501809
2013-08-05,973.7393892461887,1003.2466434657701,963.9036378396615,983.5751406527158,62344.5097965435
2013-08-06,965.976014110492,995.2480145380827,956.2186806346284,975.7333475863555,3118.0130334667756
2013-08-07,948.6709963185984,977.4186022676469,939.0884610022489,958.2535316349479,15230.580503721092
2013-08-08,953.2008676684504,982.0857424462822,943.5725760758398,962.829159261061,27277.26346177874
2013-08-09,1042.884051134329,1074.4865981383996,1032.349868799639,1053.4182334690192,8795.749702075025
2013-08-10,966.5547336673422,995.8442710512012,956.7915545393893,976.3179127952952,124389.07473629877
2013-08-11,994.5368871892008,1024.6743686191767,984.4910600458755,1004.582714332526,11667.822516877508
2013-08-12,931.8724756218417,960.1110354891703,922.4596223327321,941.2853289109512,21135.456520757652
2013-08-13,915.679071691353,943.4269223486667,906.429788138915,924.9283552437909,38408.040199044255
2013-08-14,956.9377611688429,985.9358751436564,947.2717231772385,966.6037991604475,12194.19394382412
2013-08-15,960.8336469130404,989.9498180316175,951.1282565401814,970.5390372858994,3475.268260187429
2013-08-16,920.853559566638,948.7582128868391,911.5520084599043,930.1551106733717,14347.70779779564
2013-08-17,895.8872412322575,923.0353394514168,886.8378751592043,904.9366073053105,61663.074104290514
2013-08-18,921.5847901917354,949.5116020157274,912.2758529170713,930.8937274663994,15726.537848829965
2013-08-19,896.0433762148596,923.1962057971281,886.9924330207701,905.0943194089491,9448.069354846351
2013-08-20,905.1456926959715,932.574350050395,896.0028069111638,914.2885784807794,55585.197317929036
2013-08-21,908.1533774189022,935.6731767346265,898.9801109803274,917.3266438574769,15823.083027580595
2013-08-22,885.8454852288085,912.6892878114996,876.897551034578,894.7934194230388,13224.668448424001
2013-08-23,963.1423811411247,992.328513902977,953.4136702205074,972.8710920617422,25577.186726402037
2013-08-24,989.0092657770773,1018.9792435278979,979.0192731934704,998.9992583606842,47607.719889353546
2013-08-25,910.3773883667776,937.9645819536497,901.1816571711536,919.5731195624016,238401.98291436306
2013-08-26,918.5327061345082,946.3670305628266,909.2545979917354,927.810814277281,50374.285103647904
2013-08-27,895.5956046990341,922.7348654474897,886.5491844495489,904.6420249485193,70251.71265913922
2013-08-28,927.4764200237801,955.5817660851068,918.1079713366711,936.8448687108889,13280.257342090626
2013-08-29,899.4658627627692,926.7224040586108,890.3803489974888,908.5513765280498,7896.160392423277
2013-08-30,896.6870010643391,923.8593344299252,887.6295566091437,905.7444455195345,23443.09676750258
2013-08-31,916.1446527165208,943.9066118897487,906.8906663254448,925.3986391075968,24518.173946134026
2013-09-01,949.245149363616,978.0101538897861,939.6568145215592,958.8334842056727,7491.222333838588
2013-09-02,905.0939953998104,932.5210861695016,895.9516318099134,914.2363589897075,18484.826218253216
2013-09-03,894.3414339923718,921.4426895678982,885.307682133863,903.3751858508806,32837.20997146153
2013-09-04,878.6924153172947,905.3194582056976,869.8167343544937,887.5680962800957,31583.60371124358
2013-09-05,857.0474362855671,883.018570718463,848.3903914746018,865.7044810965324,36471.552545684404
2013-09-06,918.8561286604914,946.7002537714154,909.5747536235167,928.1375036974661,29465.18659847072
2013-09-07,935.1192099379576,963.4561556936533,925.6735613527258,944.5648585231895,13266.420414750746
2013-09-08,889.3588164648152,916.3090836304157,880.3753940762817,898.3422388533487,13175.303027715301
2013-09-09,923.3451992859416,951.325356840061,914.0184801012351,932.671918470648,6641.204336522339
2013-09-10,1003.1095265507314,1033.5067849310567,992.977107090623,1013.2419460108398,131238.95692306914
2013-09-11,1046.041220388219,1077.7394391878622,1035.4751474550046,1056.6072933214334,22324.731183493735
2013-09-12,984.0373376824917,1013.8566509455976,974.0975665947898,993.9771087701937,17591.074895710837
2013-09-13,966.4532173738774,995.7396785064191,956.69106366303,976.2153710847246,8701.12771405447
2013-09-14,1016.8793114502681,1047.6938360396703,1006.6078032538007,1027.1508196467355,414844.0321084599
2013-09-15,989.6200528601314,1019.6085393104385,979.6238907100291,999.6162150102338,7530.163003547488
2013-09-16,1008.6729871771186,1039.238835273395,998.4843711450264,1018.8616032092107,14344.933238216392
2013-09-17,1041.4400944435517,1072.9988851842654,1030.9204975299804,1051.959691357123,33384.16071145267
2013-09-18,1004.3885522707016,1034.8245690061774,994.2432133588763,1014.5338911825269,40143.38568661126
2013-09-19,1003.5036716511753,1033.912873822423,993.367270927426,1013.6400723749246,57407.6044486013
2013-09-20,874.9039800961581,901.4162219172538,866.0665661557928,883.7413940365233,134270.07125744486
2013-09-21,840.3667030837148,865.8323607529182,831.8781505273137,848.855255640116,36539.81092530838
2013-09-22,833.1372585507318,858.3838421431782,824.7217306865829,841.5527864148805,7661.5469959008415
2013-09-23,792.8039780590417,816.8283410305279,784.7958570685463,800.8120990495371,17035.503302815938
2013-09-24,845.7604710495522,871.389576232872,837.2174359884456,854.3035061106588,29966.410174742134
2013-09-25,798.6468299364689,822.8482490254528,790.579690240141,806.7139696327969,174246.4650057296
2013-09-26,785.7871948081108,809.5989279841142,777.8499504161098,793.724439200112,5443.592574333365
2013-09-27,791.0752464592523,815.0472236246842,783.0845874041083,799.0659055143963,73319.10574132623
2013-09-28,837.8680842234658,863.2580261696314,829.4047702414105,846.3313982055209,26368.209279354283
2013-09-29,791.002363557093,814.9721321497321,783.01244069288,798.9922864213061,50910.808881463934
2013-09-30,828.9914781887692,854.1124320732773,820.617826893933,837.3651294836052,19890.654620826455
2013-10-01,830.5742902212933,855.743208106787,822.1846509261286,838.9639295164578,9485.953171870868
2013-10-02,799.2115176090167,823.4300484456536,791.1386739968044,807.284361221229,46670.74394707958
2013-10-03,815.1830716437643,839.8855889663026,806.9488992029181,823.4172440846104,42379.965896121306
2013-10-04,822.896650014352,847.8329121359991,814.5845626404696,831.2087373882343,58224.23556824666
2013-10-05,804.3743366895316,828.7493165892143,796.2493433896374,812.4993299894259,21735.352570608356
2013-10-06,807.8267784271017,832.3063777733776,799.666911978343,815.9866448758603,12090.532371553063
2013-10-07,796.5878529292626,820.7268787756038,788.5415109804821,804.634194878043,4634.172851348761
2013-10-08,801.3997962416134,825.6846385519653,793.3048488048295,809.4947436783974,49979.753286857056
2013-10-09,823.8271514418353,848.7916105764364,815.505665063635,832.1486378200357,33654.076855983134
2013-10-10,877.3270408003531,903.9127087033941,868.4651514993394,886.1889301013667,8385.148356100583
2013-10-11,835.2042710158507,860.5134913496645,826.7678642379128,843.6406777937887,12854.20567557061
2013-10-12,907.7178208116652,935.2244214423217,898.5489539347798,916.8866876885508,13811.28358376879
2013-10-13,838.2016022062586,863.6016507579635,829.7349193556903,846.6682850568269,4999.111961877233
2013-10-14,834.3698442155737,859.653778888773,825.941865991174,842.7978224399735,9723.66227149691
2013-10-15,855.2563644188522,881.1732239466962,846.6174112429042,863.8953175948002,7088.079038081739
2013-10-16,866.1520522946936,892.3990841824117,857.4030416654542,874.901062923933,14581.67654195514
2013-10-17,845.8771816909145,871.5098235603361,837.3329677344407,854.4213956473884,10522.830422480825
2013-10-18,840.1041629602756,865.5618648681627,831.6182623243133,848.590063596238,4328.581110259461
2013-10-19,824.7974337027083,849.7912953300631,816.46614649359,833.1287209118266,166473.30256140867
2013-10-20,806.590368291566,831.0325006640378,798.4429908340755,814.7377457490567,77075.49931465376
2013-10-21,835.2114885775025,860.5209276253056,826.7750088949015,843.6479682601035,10106.970148062981
2013-10-22,848.3916432294923,874.1004809031133,839.8220306716187,856.961255787366,28923.838528135686
2013-10-23,826.1498822890297,851.1847272068792,817.80493398308,834.4948305949796,33438.562867383975
2013-10-24,857.1172803603196,883.0905312803293,848.4595300536496,865.7750306669894,72481.44338519525
2013-10-25,868.9386254644517,895.2700989633744,860.1614676314774,877.7157832974259,9714.695065783957
2013-10-26,898.4951250920902,925.7222500948809,889.4194167578268,907.5708334263538,65650.91282045598
2013-10-27,922.4716055831583,950.4252906008297,913.1537105772678,931.7895005890488,12734.812903587404
2013-10-28,893.2663386417046,920.3350155702411,884.2434463321923,902.2892309512167,5791.447827269715
2013-10-29,874.5906034795372,901.0933490395232,865.7563549595418,883.4248519995325,45439.47771198204
2013-10-30,902.0455279880027,929.3802409573361,892.9339569982249,911.1570989777805,80078.15899263907
2013-10-31,925.421867014029,953.464953893242,916.0741713876246,934.7695626404333,292994.45811313466
2013-11-01,926.0362881301552,954.097993831069,916.6823862298505,935.3901900304597,6636.06691510333
2013-11-02,931.771319143762,960.0068136632699,922.3594876372592,941.1831506502646,44307.9627123509
2013-11-03,980.7886363373757,1010.509504105175,970.8816804147759,990.6955922599755,14620.775215389343
2013-11-04,959.0515594617817,988.1137279303206,949.3641699722688,968.7389489512947,48211.782025159926
2013-11-05,981.4779206645177,1011.2196758361698,971.564002273967,991.3918390550684,5061.967135900235
2013-11-06,975.012232582136,1004.5580578118977,965.1636241722153,984.8608409920565,6230.614386291803
2013-11-07,967.9850774930196,997.3179586291718,958.2074504476356,977.7627045384037,10138.802533551756
2013-11-08,1011.9810389579935,1042.6471310476297,1001.7590082614481,1022.2030696545389,23836.279450163885
2013-11-09,1046.9112382933033,1078.6358212718883,1036.3363773004417,1057.486099286165,11601.837079312148
2013-11-10,1082.5485003663018,1115.353000377402,1071.6136670292683,1093.4833337033351,42576.355540715245
2013-11-11,1140.7020881146475,1175.2688180575158,1129.179844800358,1152.224331428937,61506.28343545972
2013-11-12,1143.371506287176,1178.0191276898179,1131.8222991529622,1154.92071342139,40117.88569839292
2013-11-13,1176.2755873868684,1211.9203021561675,1164.394015797102,1188.1571589766347,111166.86498719439
2013-11-14,1163.441632313605,1198.6974393534113,1151.6896966336697,1175.1935679935405,33383.81996671455
2013-11-15,1180.2727399732876,1216.0385805785388,1168.3507931048705,1192.1946868417047,6523.0888299299895
2013-11-16,1175.8989771085658,1211.532279445189,1164.0212096630248,1187.776744554107,86109.62850918369
2013-11-17,1182.2251238149727,1218.0501275669417,1170.2834558976497,1194.1667917322957,12026.210610710701
2013-11-18,1212.1428450241553,1248.8744463885237,1199.8989779026992,1224.3867121456115,54743.75075404974
2013-11-19,1174.2890454184023,1209.8735619462327,1162.4275399091257,1186.1505509276792,106269.5655891455
2013-11-20,1274.3331772509416,1312.9493341373338,1261.4611249554775,1287.2052295464057,34776.18215931324
2013-11-21,1224.9646239713707,1262.0847640917152,1212.5912439312558,1237.3380040114855,4933.683690146463
2013-11-22,1167.308547007574,1202.6815332805306,1155.517551583255,1179.0995424318928,8793.673605749995
2013-11-23,1223.1344186688468,1260.1990980224482,1210.7795255509795,1235.4893117867139,82680.94694685684
2013-11-24,1263.7015158553368,1301.9955011842865,1250.9368540790203,1276.4661776316534,18599.26447114303
2013-11-25,1297.1451144844864,1336.4525421961375,1284.0426385806027,1310.24759038837,23850.811835039214
2013-11-26,1331.6930444582301,1372.0473791387826,1318.2415995647125,1345.1444893517476,47043.33213013735
2013-11-27,1333.0382263362258,1373.4333241039903,1319.573193746971,1346.5032589254806,44193.052041587056
2013-11-28,1287.1948086382142,1326.2007119302814,1274.1928408741917,1300.1967764022365,29108.91641921694
2013-11-29,1293.0286102022947,1332.2112953599399,1279.9677151497463,1306.089505254843,17878.09731257403
2013-11-30,1259.9445744488496,1298.1247130685117,1247.217861575629,1272.6712873220704,16112.19236729978
2013-12-01,1310.9783640128312,1350.704981104129,1297.736158315732,1324.2205697099305,51942.82250016167
2013-12-02,1305.233269742143,1344.7857930676623,1292.0490953003032,1318.4174441839828,38313.95737350514
2013-12-03,1264.0924634334576,1302.398295658714,1251.3238526917055,1276.8610741752098,17029.45889270156
2013-12-04,1249.7381453170972,1287.6089982054941,1237.1145276876314,1262.3617629465627,64998.034697210336
2013-12-05,1272.2550001274533,1310.8081819494973,1259.4039395201053,1285.1060607348013,19360.029505430073
2013-12-06,1245.4753273876656,1283.2170039751707,1232.894768525164,1258.0558862501673,9398.80493560401
2013-12-07,1206.3813317246304,1242.938341776892,1194.1956617072099,1218.567001742051,10311.646886843286
2013-12-08,1219.9500918311724,1256.918276432117,1207.6273636308576,1232.2728200314873,8277.192863008564
2013-12-09,1233.7338966057055,1271.1197722604238,1221.2719380541325,1246.1958551572782,16774.077761960943
2013-12-10,1210.5671782862823,1247.2510321737454,1198.3392269904612,1222.7951295821033,75638.77128082578
2013-12-11,1189.5740885538266,1225.621788206973,1177.5581886694447,1201.5899884382088,9846.82964563306
2013-12-12,1202.4000733959049,1238.836439256387,1190.2546181090777,1214.5455286827323,26594.926966019877
2013-12-13,1134.5566047660052,1168.9371079407326,1123.096437041096,1146.0167724909143,11422.160539026127
2013-12-14,1072.3845468256416,1104.8810482446004,1061.5523796859886,1083.2167139652945,16978.29357644774
2013-12-15,1043.1751844207881,1074.7865536456604,1032.6380613458307,1053.7123074957456,4865.665545385005
2013-12-16,1035.8334363233755,1067.2223283331748,1025.3704723201092,1046.296400326642,17667.141322975476
2013-12-17,1050.269124559953,1082.0954616678305,1039.6603455239938,1060.8779035959121,18147.61852236361
2013-12-18,1113.8253715423807,1147.5776555285136,1102.5746102136698,1125.0761328710917,37808.451604474416
2013-12-19,1153.7074315384898,1188.6682627972318,1142.0538211189091,1165.3610419580705,27536.864500894673
2013-12-20,1148.0571018614714,1182.8467110087888,1136.4605654790323,1159.6536382439106,6644.9196219056785
2013-12-21,1148.9059198129376,1183.72125071636,1137.3008095117966,1160.5110301140783,65133.75762111889
2013-12-22,1104.5568018199097,1138.0282200568765,1093.3996624075874,1115.713941232232,27181.803521241716
2013-12-23,1105.395684611303,1138.8925235389183,1094.2300716354312,1116.5612975871747,26860.001265112944
2013-12-24,1094.2904975866963,1127.450815695384,1083.2370582171336,1105.3439369562589,21825.136753849987
2013-12-25,1110.0578474919894,1143.6959640826558,1098.8451419617672,1121.2705530222115,13124.586113824089
2013-12-26,1074.991966240089,1107.5674803685765,1064.1334615305932,1085.8504709495849,27386.414267226664
2013-12-27,1098.9361874096112,1132.2372839977813,1087.8358218802211,1110.0365529390012,35439.71758719223
2013-12-28,1167.9598819847015,1203.3526056812077,1156.1623074191996,1179.7574565502036,3839.5264154048955
2013-12-29,1164.6307222014261,1199.922562268136,1152.866775512523,1176.3946688903295,12851.800055513453
2013-12-30,1185.0915008057234,1221.003364466503,1173.1208795854634,1197.0621220259832,17069.576904944755
2013-12-31,1219.584489213291,1256.541594947027,1207.2654539687123,1231.9035244578697,28457.601892116203
2014-01-01,150.23012192205482,154.7825498590868,148.71264594304418,151.7475979010655,72642.90512432909
2014-01-02,151.80208473950572,156.40214791343013,150.26873034819758,153.33543913081385,10180.803185824183
2014-01-03,152.10624997423702,156.71553027648665,150.56982320682047,153.64267674165356,13386.98376688357
2014-01-04,152.92869515169346,157.56289803507812,151.38396085723193,154.47342944615502,13193.31959729942
2014-01-05,148.42947309104065,152.92733591198126,146.93018548406044,149.92876069802085,9882.021844083984
2014-01-06,148.79763859070218,153.30665794193558,147.29463214029104,150.3006450411133,15565.520222310613
2014-01-07,151.98487383896932,156.59047607651385,150.44967309312116,153.5200745848175,47610.19604883338
2014-01-08,161.03492627584603,165.91477252662924,159.4083108589183,162.66154169277377,7678.384900684441
2014-01-09,167.45552293554786,172.52993272147356,165.76405300690598,169.14699286418977,33786.42572892663
2014-01-10,182.12919799588101,187.6482646018168,180.28950912723573,183.96888686452627,4016.225338499815
2014-01-11,176.81213594435906,182.1700794578245,175.02615477320393,178.5981171155142,12564.89387118219
2014-01-12,183.24682914855265,188.79976336517547,181.39585107634502,185.09780722076025,15843.438198201546
2014-01-13,184.86557304032704,190.46756010215512,182.99824401971767,186.7329020609364,117578.28816028182
2014-01-14,201.3356383636745,207.4367183140889,199.3019450468697,203.3693316804793,16733.997295648063
2014-01-15,195.1280717704103,201.0410436422409,193.15708114646677,197.09906239435384,2437.569039940609
2014-01-16,188.86663172253665,194.58986298685593,186.95888796776356,190.77437547730975,2984.2719497277017
2014-01-17,184.62172086914953,190.216318471245,182.75685500178437,186.48658673651468,22788.91668274586
2014-01-18,169.21396210770507,174.34165792915067,167.5047301672232,170.92319404818693,40691.351532420216
2014-01-19,165.90917943820165,170.93673033026838,164.23332914084605,167.5850297355572,32062.9314267368
2014-01-20,161.12016012883447,166.00258922364765,159.49268376389676,162.7476364937722,26044.713913438387
2014-01-21,162.33109920740483,167.25022342581104,160.69139113460278,163.9708072802069,70421.90170345566
2014-01-22,164.7937007845602,169.78744929318324,163.1291179483525,166.45828362076787,12841.132563869363
2014-01-23,177.4081367716754,182.78414091627164,175.61613539014334,179.2001381532075,53901.33668966714
2014-01-24,184.4187658678718,190.00721331841336,182.5559500510246,186.281581684719,4306.949306561496
2014-01-25,180.43971960859665,185.90758989976624,178.61709617820676,182.2623430389865,8911.092848195653
2014-01-26,174.22599153239565,179.50556703337733,172.46613303206843,175.98585003272288,3615.402988228502
2014-01-27,177.91553473607485,183.30691457656198,176.11840812257915,179.71266134957057,16733.27781755494
2014-01-28,168.78680815804293,173.9015599204079,167.08189090392128,170.49172541216458,21030.70481200673
2014-01-29,181.40503154474501,186.90215371276759,179.5726574887375,183.23740560075254,24688.71392861342
2014-01-30,190.23539398424546,196.00010289285896,188.31382434804098,192.15696362044997,23432.596688939095
2014-01-31,186.9505944741837,192.6157640037044,185.06220463101013,188.83898431735727,8711.912920296745
2014-02-01,174.42015962078335,179.70561900323133,172.658339826634,176.18197941493267,18210.600627879183
2014-02-02,184.12749528453853,189.70711635376696,182.2676215947957,185.98736897428134,4927.333908439538
2014-02-03,183.5600891347996,189.12251607827838,181.70594682030665,185.41423144929252,86096.92496899755
2014-02-04,192.92397617083608,198.770157266922,190.97524913880744,194.87270320286473,16258.545510500573
2014-02-05,180.9092291890377,186.39132704325095,179.08186323763329,182.73659514044212,13509.033394108625
2014-02-06,176.84329409691208,182.2021817968185,175.05699819694328,178.6295899968809,107897.86114084798
2014-02-07,177.1456515633142,182.51370161068738,175.35630154752315,178.93500157910526,6359.807995239908
2014-02-08,177.74426635639065,183.13045624597825,175.9488697265281,179.53966298625318,7146.749278690162
2014-02-09,174.8110204743084,180.10832412504502,173.04525259072952,176.57678835788727,7359.738455333889
2014-02-10,179.42847829606066,184.8657049110928,177.61606942438328,181.24088716773804,20581.103300991923
2014-02-11,172.0351606518285,177.24834733824756,170.2974317563555,173.77288954730153,33915.64290756383
2014-02-12,171.31344228963974,176.50475872265912,169.58300347863326,173.0438811006462,46151.07199327267
2014-02-13,172.39474280351308,177.61882591877105,170.65338176509374,174.1361038419324,288368.7486799624
2014-02-14,176.2007969371462,181.54021502615066,174.42099090747806,177.98060296681436,2322.8903872521323
2014-02-15,181.48058247781566,186.9799940680525,179.64744528107005,183.31371967456127,40486.97470420281
2014-02-16,173.58877527530015,178.8490411927335,171.83535330282237,175.34219724777793,12617.871076205973
2014-02-17,163.19695843699392,168.14232081387254,161.54850431136774,164.84541256262014,12253.720095192053
2014-02-18,171.7822727226207,176.9877961384577,170.04709825067502,173.51744719456636,11851.715117524065
2014-02-19,174.3233723811217,179.60589881691325,172.56253023585785,176.08421452638555,8877.101092949772
2014-02-20,169.3657095503172,174.4980037791147,167.6549448073847,171.0764742932497,118720.21087091762
2014-02-21,180.1282363128326,185.58666771625178,178.30875917835954,181.94771344730566,51138.72551342993
2014-02-22,181.23187938175403,186.72375451453445,179.40125433749387,183.06250442601416,22543.363015179217
2014-02-23,190.05277700152655,195.81195206217888,188.1330519813091,191.972502021744,85051.79922311848
2014-02-24,190.8511391626655,196.63450701607962,188.92334987819413,192.77892844713688,4853.57601392256
2014-02-25,206.86925943104254,213.13802486834686,204.7796709519411,208.958847910144,5821.393055323577
2014-02-26,221.70460572520062,228.42292711081276,219.4651652633299,223.94404618707134,2494.970707923085
2014-02-27,219.8293026986579,226.49079671982938,217.60880469160074,222.04980070571506,10944.42485448376
2014-02-28,228.70223723952856,235.63260806496882,226.3921136310485,231.01236084800865,25892.238389760314
2014-03-01,234.9492475366162,242.06892170439247,232.57602281402413,237.3224722592083,24412.69536785264
2014-03-02,248.16402959180485,255.68415170064742,245.65732222219066,250.67073696141904,25574.266525657327
2014-03-03,238.95790386718343,246.1990524692193,236.54418766650483,241.37162006786207,5371.933448266369
2014-03-04,245.87383747603417,253.32455982379278,243.39026336011463,248.3574115919537,49175.69334075664
2014-03-05,256.6522038426606,264.42954335304427,254.0597573391994,259.24465034612183,27990.697959770678
2014-03-06,238.98180754140054,246.22368049720058,236.5678498894672,241.3957651933339,45846.506536472654
2014-03-07,228.02918992688797,234.9391653792179,225.72586477611134,230.33251507766462,3318.399350837199
2014-03-08,209.77105524907915,216.12775389299065,207.65215570110865,211.88995479704965,30076.242663165885
2014-03-09,207.82516159384278,214.12289376335318,205.7259175373393,209.92440565034624,6715.910959090202
2014-03-10,214.1018327466818,220.58976707233882,211.9391879714628,216.2644775219008,14804.356098848908
2014-03-11,227.28928142754825,234.17683541020122,224.99343009999725,229.58513275509924,37585.1723285527
2014-03-12,228.30385332565527,235.2221519112812,225.9977537971133,230.60995285419725,24127.163628191232
2014-03-13,243.51907729124335,250.8984432697659,241.05928863173585,245.97886595075087,9399.953488563386
2014-03-14,230.4411145602686,237.42417863785252,228.1134265344073,232.7688025861299,22165.07556073048
2014-03-15,215.08560231821338,221.60334784300773,212.91302047661526,217.2581841598115,4762.198378144834
2014-03-16,214.9303303107079,221.44337062315358,212.75931687322597,217.10134374818978,69582.4316681344
2014-03-17,218.55461835823218,225.1774855812089,216.34699595057324,220.76224076589108,17938.705584043786
2014-03-18,218.59662675808863,225.2207669628792,216.38858002315843,220.8046734930188,67410.08698644873
2014-03-19,200.84708693477072,206.93336229643046,198.81832848088413,202.8758453886573,13009.93158576014
2014-03-20,200.43237755222665,206.50608596290022,198.40780808200213,202.45694702245117,13048.441907916495
2014-03-21,190.27470918133287,196.0406094595551,188.35274242192546,192.19667594074028,10258.000465845942
2014-03-22,195.65699122411917,201.5859909581834,193.6806579794311,197.63332446880725,52900.81010869258
2014-03-23,198.81957710372927,204.84441277353926,196.81129854712594,200.8278556603326,10835.345952998921
2014-03-24,191.64314640354692,197.45051447638167,189.70735704593534,193.5789357611585,41965.17692054294
2014-03-25,187.99144820830844,193.68815876007537,186.09254469105278,189.89035172556407,15026.154609343917
2014-03-26,180.30851202295182,185.77240632667764,178.4872139217099,182.12981012419377,3053.47846509983
2014-03-27,180.12691180041557,185.58530306709483,178.30744804485582,181.94637555597532,12452.615152113476
2014-03-28,187.278975628987,192.95409610259267,185.3872688044518,189.17068245352223,6774.303158588874
2014-03-29,180.17566352408923,185.63553211572832,178.3557073268762,181.99561972130226,22786.025803434193
2014-03-30,184.07860363459267,189.65674313867123,182.2192237998998,185.9379834692855,6698.187620113864
2014-03-31,180.4503582617804,185.9185509363798,178.62762737024724,182.27308915331352,55602.03613574432
2014-04-01,174.99806633366217,180.30103804074284,173.2304090979686,176.7657235693557,20109.027843361047
2014-04-02,174.5113591919209,179.79958219773667,172.7486181899823,176.27410019385948,18442.332957495593
2014-04-03,167.54666443957257,172.62383608925657,165.8542738896779,169.23905498946723,42441.9329763505
2014-04-04,164.08750066102363,169.05984916590313,162.43005115939712,165.74495016265013,57751.63467683792
2014-04-05,156.47136033233525,161.21291670604236,154.89084154109955,158.05187912357096,21588.180573404497
2014-04-06,169.00299594189596,174.12429884922614,167.2958949727859,170.71009691100602,10186.307550603657
2014-04-07,169.49488627303978,174.6310949479804,167.78281671472627,171.20695583135333,3736.96993372267
2014-04-08,165.00513278646739,170.00528832545126,163.33841427347278,166.67185129946202,11091.676520170715
2014-04-09,166.66495182902057,171.71540491474846,164.9814674671113,168.34843619092987,11882.092970316457
2014-04-10,166.1661032971333,171.2014397606828,164.4876578092835,167.84454878498315,24515.416731746194
2014-04-11,164.94664616001646,169.94502937698667,163.2805184210264,166.61277389900653,15597.300273373248
2014-04-12,169.2462556234696,174.374930036302,167.5366974858588,170.9558137610804,43823.82823429708
2014-04-13,174.62833874816144,179.9201065890148,172.86441613454363,176.39226136177922,11932.448449912636
2014-04-14,171.18465989183488,176.3720738279511,169.45552191312947,172.9137978705403,20805.21245612776
2014-04-15,167.49858689430164,172.57430164867444,165.80668197617737,169.1904918124259,71968.76203272933
2014-04-16,165.9070039508119,170.93448891901832,164.23117562807644,167.58283227354738,31002.564751208254
2014-04-17,150.87967070584835,155.4517819393589,149.3556336280115,152.4037077836852,20742.965545185645
2014-04-18,141.9615290710686,146.26339358837373,140.52757423196692,143.39548391017033,12064.898413196332
2014-04-19,149.9362138068481,154.47973543735864,148.42170659667792,151.45072101701828,11693.268382507988
2014-04-20,160.026727359434,164.8760221279017,158.41029576994475,161.64315894892323,9408.668715330754
2014-04-21,158.6726705542827,163.48093329835186,157.0699163062596,160.27542480230574,12822.966939245263
2014-04-22,162.5700328823031,167.49639751510017,160.9279113380374,164.2121544265688,46894.97654318673
2014-04-23,164.83788584597713,169.83297329585523,163.17285669601776,166.5029149959365,17643.306030716176
2014-04-24,185.38579080424668,191.003542040739,183.51320705874926,187.25837454974413,5711.442687925342
2014-04-25,193.96600070328876,199.84375830035813,192.0067481709323,195.92525323564521,129077.63100280195
2014-04-26,193.26448315877886,199.12098264843883,191.31231666222556,195.2166496553322,30332.20174864075
2014-04-27,186.16749870791892,191.80893806270436,184.28701892299043,188.0479784928474,5394.076033211789
2014-04-28,174.4840262259451,179.77142096006463,172.7215613145719,176.24649113731826,14159.641834572187
2014-04-29,176.16579844035132,181.50415596884682,174.38634593085283,177.94525094984982,24609.464478526676
2014-04-30,171.1003218202533,176.28518005723066,169.37203574126085,172.82860789924575,121126.66476607481
2014-05-01,161.6230496060952,166.5207177759769,159.990493549468,163.25560566272245,7272.733824610097
2014-05-02,157.68544092674892,162.4637876214989,156.0926586951656,159.27822315833225,58456.649209212315
2014-05-03,151.1001941348038,155.67898789646452,149.57392954758356,152.62645872202404,89275.86191051359
2014-05-04,161.523941569701,166.41860646575256,159.8923866043505,163.15549653505153,11746.912216189827
2014-05-05,167.4624646255367,172.5370847657045,165.77092457881412,169.1540046722593,16688.687624836384
2014-05-06,167.6602535958968,172.740867341227,165.9667156807867,169.35379151100685,7814.144380699481
2014-05-07,177.83685636165316,183.22585200897598,176.04052447921222,179.6331882440941,17971.435485515263
2014-05-08,178.6539691107586,184.06772575047856,176.84938356418527,180.45855465733192,21235.084577255857
2014-05-09,172.76707642043735,178.00244237257183,171.02195443639252,174.51219840448218,42601.72387901997
2014-05-10,183.5520547892862,189.1142382677494,181.69799362979845,185.40611594877393,65524.76691677431
2014-05-11,187.78410470606624,193.4745321214016,185.88729556762112,189.68091384451137,10424.394207417696
2014-05-12,180.27464724512524,185.73751534346238,178.45369121234617,182.09560327790427,3079.969384355831
2014-05-13,179.17252969404785,184.6020002908372,177.36270616178476,180.98235322631098,21563.454095968034
2014-05-14,173.16581898837973,178.41326804863365,171.41666930162842,174.91496867513104,29541.092228703623
2014-05-15,163.8474218004883,168.81249518838186,162.1923973378571,165.50244626311948,28266.077442075934
2014-05-16,170.16326506489136,175.31972764261536,168.44444420565003,171.8820859241327,15888.117034712013
2014-05-17,183.41501275895402,188.9730434486193,181.56233586239892,185.26768965550912,24953.069000919902
2014-05-18,173.4294037022406,178.68484017806605,171.6775915436321,175.18121586084908,100252.25195943208
2014-05-19,177.59496456867197,182.97663016166203,175.8010760376753,179.38885309966867,32264.865732468625
2014-05-20,173.23932325512257,178.48899971739903,171.48943110103042,174.98921540921472,15163.273636938635
2014-05-21,170.12361136705377,175.27887231757055,168.40519105021482,171.84203168389269,13357.084308673657
2014-05-22,166.34758903436764,171.3884250657121,164.6673103572528,168.02786771148246,18585.69805810651
2014-05-23,160.8481991585518,165.72238701184125,159.22346987412197,162.4729284429816,113180.58979769709
2014-05-24,161.4016561162963,166.2926153925477,159.7713363575458,163.03197587504675,18337.424230020344
2014-05-25,156.2790896029199,161.01481959088719,154.70051294026413,157.85766626557566,21594.753172385183
2014-05-26,158.20417809771502,162.99824410067606,156.606156096728,159.80220009870203,13598.114590520054
2014-05-27,158.12356921227826,162.91519252174123,156.52636144245724,159.72077698209924,66103.92193525075
2014-05-28,156.84942184502387,161.60243462820642,155.26508425062968,158.43375943941805,156347.6378599497
2014-05-29,151.39066255064031,155.9782583855082,149.86146393901768,152.91986116226295,34565.55861127701
2014-05-30,148.1250367894681,152.61367426793683,146.6288242966452,149.62124928229102,23927.24157758489
2014-05-31,152.82291846928752,157.45391599865988,151.2792526261634,154.36658431241165,22851.746648818855
2014-06-01,156.1142179079589,160.84495178395764,154.53730661595932,157.69112919995848,2029.8013522522697
2014-06-02,150.24397833467884,154.79682616300246,148.7263623919043,151.76159427745338,46404.46046404982
2014-06-03,151.06630753197456,155.6440744268829,149.5403852336718,152.59222983027735,25189.094351373664
2014-06-04,155.83327812346647,160.55549867266242,154.2592046070678,157.4073516398651,33804.25802679342
2014-06-05,145.66107214170086,150.0750440247827,144.18974818067358,147.13239610272814,10813.361300488836
2014-06-06,149.0454208771607,153.5619487825292,147.5399115753712,150.5509301789502,14996.065130275345
2014-06-07,145.31854752706482,149.72213987636982,143.85068341062984,146.78641164349983,14602.894821633936
2014-06-08,148.85326813798883,153.3639732330794,147.34969977295864,150.35683650301903,61182.89794303505
2014-06-09,144.53200324469188,148.91176091877347,143.07208401999802,145.99192246938574,15081.742169898589
2014-06-10,134.3142722243777,138.38440168572248,132.95756240392944,135.67098204482596,176779.8270199457
2014-06-11,125.77165651037161,129.58291882886772,124.50123573753957,127.04207728320365,33889.5646658845
2014-06-12,126.20222293092976,130.0265327167155,124.92745300233452,127.47699285952501,6150.676409297586
2014-06-13,127.70262854782348,131.5724051704848,126.41270300693638,128.9925540887106,19369.47605530773
2014-06-14,123.27483808803204,127.01043924221483,122.02963770330445,124.52003847275964,11479.577635265785
2014-06-15,126.60864562356483,130.44527124852135,125.32977041524599,127.88752083188366,2454.3507137057372
2014-06-16,118.38404640159001,121.97144174709274,117.1882479530891,119.57984485009092,109040.09527301928
2014-06-17,118.24871071322154,121.83200497725856,117.05427929187586,119.44314213456721,44495.464527067496
2014-06-18,112.69803960830195,116.11313171764445,111.55967557185446,113.83640364474945,37541.689629288776
2014-06-19,109.92866060790602,113.25983214147894,108.81827009671505,111.039051119097,25988.35053628582
2014-06-20,110.3019724969142,113.64445651197222,109.18781115856153,111.41613383526688,5530.217536733802
2014-06-21,106.67121380151846,109.9036748258069,105.5937267934223,107.7487008096146,13580.400063619658
2014-06-22,105.19038035513678,108.37796763862578,104.12785126064044,106.25290944963311,51112.31651213372
2014-06-23,109.5822588596657,112.90293337056467,108.47536735603272,110.6891503632987,7698.493737638661
2014-06-24,107.21794768075031,110.4669763983488,106.13493810821748,108.30095725328314,1751.5049762141148
2014-06-25,110.96282232821608,114.32533209573778,109.84198573904219,112.08365891738998,17551.487659403443
2014-06-26,106.11504812185476,109.33065564069884,105.04317894890673,107.18691729480278,19115.263785798936
2014-06-27,108.52302852742315,111.81160514946629,107.42683632007544,109.61922073477086,25224.308117829663
2014-06-28,114.9435487719701,118.42668661354496,113.78250282477849,116.10459471916172,45639.034246756215
2014-06-29,103.75198048923396,106.89597989799863,102.70398068631239,104.79998029215551,41672.87898868934
2014-06-30,100.60043002006636,103.64892789946231,99.58426406026771,101.61659597986501,28531.66508895551
2014-07-01,103.07347883097472,106.1969175834285,102.0323325801568,104.11462508179265,72804.37933577647
2014-07-02,102.39094527722003,105.49370119471155,101.35669330472285,103.4251972497172,4822.415483567401
2014-07-03,104.06461076754496,107.21808382110694,103.0134530830243,105.11576845206562,36482.27533910324
2014-07-04,101.70656834909849,104.78858557179845,100.67922927486518,102.73390742333181,41214.20936332455
2014-07-05,102.21139820714,105.30871330432606,101.17895984141131,103.24383657286869,6376.90222606338
2014-07-06,101.72823578851283,104.81090960028595,100.70067785125514,102.75579372577054,4900.68069264804
2014-07-07,106.6326844989206,109.86397796858486,105.55558667569917,107.70978232214202,10446.871906847247
2014-07-08,107.87781662621649,111.14684137246547,106.78814171080015,108.96749154163281,11366.873347295437
2014-07-09,109.49642687403065,112.81450041566794,108.39040236015154,110.60245138790974,46789.75106111928
2014-07-10,107.85670927025664,111.12509439965837,106.76724756045607,108.94617098005722,11913.901806649566
2014-07-11,105.91483022423584,109.12437053406117,104.84498345429407,106.98467699417762,9354.861949382834
2014-07-12,104.24112938857145,107.39995149125544,103.1881886876768,105.29407008946612,11948.562572510846
2014-07-13,106.0422165551045,109.25561705677434,104.97108305454789,107.11335005566112,67415.64112549875
2014-07-14,104.41559478067795,107.57970371342577,103.36089180309534,105.47029775826056,22315.647084434393
2014-07-15,105.78249873426196,108.98802899893657,104.7139886460371,106.85100882248683,18411.83557616024
2014-07-16,114.72281577659524,118.19926473952238,113.56399945561954,115.88163209757096,19731.95143852881
2014-07-17,118.89241515506956,122.49521561431409,117.6914816686547,120.0933486414844,80182.48145946348
2014-07-18,117.5202847723293,121.08150552300596,116.33321118877042,118.70735835588819,10413.18711149172
2014-07-19,123.34324528769557,127.08091938732271,122.09735392115319,124.58913665423795,82084.8125354338
2014-07-20,121.5149265224085,125.19719702308755,120.28750302218215,122.74235002263485,27187.057148878772
2014-07-21,111.7906967867659,115.17829365909215,110.66149782932384,112.91989574420799,18761.845989729838
2014-07-22,107.45059598719979,110.70667465347857,106.36523643177354,108.53595554262606,268579.032522629
2014-07-23,99.57106360588992,102.58836856364417,98.5652952866385,100.57683192514133,7664.545623802024
2014-07-24,98.32039734218654,101.2998033222528,97.3272620154978,99.3135326688753,15464.683826160348
2014-07-25,98.54031403261246,101.52638415481283,97.54495732521232,99.53567074001258,6422.538739686053
2014-07-26,105.29599087196519,108.48677847414595,104.2323950045716,106.35958673935878,57094.437297314966
2014-07-27,106.83090052881981,110.06820054484466,105.7518005234782,107.91000053416143,119275.22701243166
2014-07-28,106.05487860765338,109.26866280788529,104.98361720757607,107.12614000773068,116999.24741451566
2014-07-29,109.73246125472187,113.0576873533498,108.62405255517923,110.84086995426452,74902.96487336779
2014-07-30,100.19172716161775,103.2278401059092,99.1796895135206,101.2037648097149,18076.707900259873
2014-07-31,101.28627993321291,104.35556114331028,100.26318619651379,102.30937366991203,15287.014515152787
2014-08-01,104.56133206586496,107.72985727998208,103.5051569944926,105.61750713723734,4141.5700228690885
2014-08-02,98.5340561666435,101.51993665654179,97.53876267001074,99.52934966327626,168699.37018464823
2014-08-03,103.18980625626057,106.31677008220787,102.14748498094481,104.23212753157634,35206.22097265047
2014-08-04,104.74176611395653,107.91575902650068,103.68376847644181,105.79976375147125,13467.61367393471
2014-08-05,103.15895918121744,106.28498824731494,102.11694949251827,104.20096886991661,83121.35180932829
2014-08-06,105.9247823678402,109.13462425777475,104.85483507119535,106.99472966448505,8326.808123184515
2014-08-07,115.70457541287756,119.21077466781324,114.53584232789899,116.87330849785612,33077.94530242771
2014-08-08,116.71984258893579,120.25680751587325,115.54085427995665,117.89883089791495,18534.161312529894
2014-08-09,118.05381306323154,121.63120133787493,116.86135030501708,119.246275821446,41717.54821958583
2014-08-10,116.06172155231111,119.57874341753266,114.8893809305706,117.23406217405163,20669.74799575
2014-08-11,112.29043811177469,115.69317866061635,111.1561912621608,113.42468496138858,5161.962465222405
2014-08-12,116.18842467372839,119.70928602747775,115.01480422247862,117.36204512497818,23755.666552060764
2014-08-13,112.38402606589862,115.7896026133501,111.24883388341479,113.51921824838244,62872.49979222153
2014-08-14,112.87431817976156,116.29475206399677,111.73417355168316,114.01446280783996,21392.241619817905
2014-08-15,110.88701931194727,114.24723201836991,109.76694840980639,112.00709021408815,47815.977578365455
2014-08-16,113.1778556484181,116.60748763776411,112.03464498530278,114.32106631153344,7742.427240032364
2014-08-17,114.85814889539128,118.33869886191829,113.69796557321561,116.01833221756695,21455.562327997617
2014-08-18,119.79723281483395,123.42745199104104,118.58715975609826,121.00730587356965,11795.690653676238
2014-08-19,117.53298653313678,121.09459218565608,116.34578464896369,118.72018841730988,46489.457251947686
2014-08-20,116.44051772751781,119.96901826471533,115.26435088178532,117.61668457325032,22731.151199443444
2014-08-21,112.05646835216506,115.45211890829127,110.92458483345631,113.18835187087379,43917.74257674469
2014-08-22,110.23311570922135,113.57351315495534,109.1196498939767,111.34658152446602,65362.92143663211
2014-08-23,112.06210573906357,115.45792712509581,110.93016527705282,113.19404620107431,43985.64348038836
2014-08-24,115.62338843374333,119.1271274771901,114.45547541926106,116.79130144822558,28944.00656040635
2014-08-25,111.53186833729319,114.91162192327178,110.40528380863367,112.65845286595273,8117.583103425751
2014-08-26,115.57871705926136,119.08110242469353,114.41125527078397,116.74617884773875,21965.18303342109
2014-08-27,122.01940051555584,125.71695810693633,120.78688131842902,123.25191971268268,12924.88236503773
2014-08-28,124.2203127780717,127.98456468043751,122.96556214394975,125.47506341219363,15614.200119917416
2014-08-29,133.73208976150033,137.78457733003066,132.38126057199023,135.08291895101044,15145.607717257986
2014-08-30,129.79347003090265,133.72660548638456,128.48242487907535,131.10451518272995,8267.392360841957
2014-08-31,123.5262381186261,127.26945745555416,122.27849833965008,124.77397789760212,3110.8815166119048
2014-09-01,114.92278263530116,118.40529120000726,113.7619464470658,116.08361882353653,11292.080876968277
2014-09-02,121.97234981813611,125.66848163080691,120.74030588057919,123.20439375569305,26725.660544089125
2014-09-03,125.34788901269496,129.14630989186756,124.08174871963745,126.6140293057525,5720.565565494693
2014-09-04,125.25721399981039,129.0528871513198,123.99198961597392,126.52243838364686,22374.612766577586
2014-09-05,126.84782342641708,130.69169686358123,125.5665322806957,128.12911457213846,147306.16048883458
2014-09-06,121.32746172395387,125.0040514731646,120.1019318075503,122.55299164035745,61270.67088153158
2014-09-07,133.3789281042696,137.42071380439896,132.03166620422647,134.7261900043127,113953.01680313531
2014-09-08,134.2684118060349,138.33715155773294,132.91216522213554,135.62465838993424,32569.380480927968
2014-09-09,135.05734503700177,139.14999185630484,133.6931294305674,136.42156064343612,70792.60485221123
2014-09-10,139.18073558816627,143.39833363629253,137.7748695721242,140.58660160420837,10679.00848298093
2014-09-11,142.0673954394611,146.3724680285357,140.6323712431029,143.5024196358193,11564.088231826925
2014-09-12,143.55276134101396,147.9028450180144,142.10273344868048,145.00278923334744,1423.4799104918643
2014-09-13,139.22909884907713,143.44816245056433,137.8227443152481,140.6354533829062,72124.24054447409
2014-09-14,142.06362707734672,146.36858547362996,140.62864094525233,143.49861320944115,102777.73056800282
2014-09-15,152.97141156666916,157.60690888687125,151.42624579326846,154.51657734006986,12667.852380582633
2014-09-16,161.433300828436,166.3252190353583,159.80266142612854,163.0639402307434,17086.574097385816
2014-09-17,171.9631858186434,177.1741914495114,170.2261839416874,173.7001876955994,10364.459597904886
2014-09-18,168.7047195429898,173.81698377156528,167.00063146679798,170.40880761918163,32294.54312621934
2014-09-19,162.27973647589968,167.19730424789665,160.64054721856738,163.91892573323202,67841.71466664186
2014-09-20,161.70664935077812,166.60685084625624,160.07324885228542,163.34004984927083,3855.3922281208247
2014-09-21,162.3096528788671,167.22812720852974,160.67016143564624,163.949144322088,33171.240538114376
2014-09-22,169.65703118002622,174.79815333699673,167.9433237943694,171.37073856568307,16702.742864153282
2014-09-23,158.4259757486115,163.22676289250882,156.8257133673124,160.0262381299106,24671.262703189743
2014-09-24,168.3564347849203,173.45814492991792,166.65586473658777,170.05700483325285,34856.46825436241
2014-09-25,167.54490357819307,172.62202186844135,165.852530814777,169.23727634160917,18247.75907804482
2014-09-26,164.9353510254125,169.93339196557653,163.26933737869118,166.60136467213385,19859.01117525932
2014-09-27,158.50548243563497,163.30867887307846,156.90441695648713,160.1065479147828,17785.251625077006
2014-09-28,148.25108645385188,152.74354361912012,146.7536007320958,149.74857217560796,58122.96908396391
2014-09-29,153.3549004199009,158.00201861444336,151.80586102172006,154.9039398180817,33481.88951466376
2014-09-30,154.0346795528174,158.702397115024,152.47877369874854,155.59058540688628,27462.687323573296
2014-10-01,146.31778301905555,150.7516552317542,144.83982561482267,147.79574042328844,6179.843823831375
2014-10-02,138.9575375030486,143.16837197283795,137.5539260131188,140.36114899297837,15084.45853656466
2014-10-03,137.29958121152086,141.46017458156695,135.9127167548388,138.68644566820288,54104.31169860818
2014-10-04,146.67176884154802,151.11636789735252,145.19023582294653,148.15330186014953,22872.636745256397
2014-10-05,145.3687875875916,149.7739023629732,143.90041599579777,146.83715917938548,42596.67466012357
2014-10-06,136.8464380223486,140.99329978060157,135.46415076959758,138.22872527509958,128863.8629759472
2014-10-07,135.70654515982773,139.81886471012555,134.33577197639514,137.07731834326034,62230.84581385073
2014-10-08,134.429690040203,138.50331701111824,133.07181438323127,135.78756569717476,24177.03120544622
2014-10-09,120.12966915589534,123.76996216061946,118.91623815432064,121.34310015747005,13213.71824371557
2014-10-10,120.04896668556327,123.68681416088337,118.83635086045656,121.26158251066997,1713.7691479515315
2014-10-11,119.1201020666489,122.72980212927463,117.91686871244032,120.32333542085748,18612.9913864419
2014-10-12,122.61606914918987,126.33170760825624,121.37752299616776,123.854615302212,15898.618604011253
2014-10-13,131.86846238857902,135.86447640035416,130.5364577179873,133.20046705917073,32544.582397895643
2014-10-14,138.0086010112502,142.19067982977293,136.61457473840926,139.4026272840911,18884.46250048951
2014-10-15,136.7312558323183,140.87462722117644,135.35013203603225,138.11237962860434,15988.339280662949
2014-10-16,130.88448563153696,134.85068216582596,129.56242012010728,132.20655114296662,3716.735727704874
2014-10-17,144.5533273277135,148.93373118612908,143.09319270824165,146.01346194718536,8604.427461315885
2014-10-18,145.1125661857423,149.50991667621935,143.64678268891663,146.578349682568,35477.396018859035
2014-10-19,145.41108764680644,149.8174842421642,143.94228878168718,146.8798865119257,122505.06206989461
2014-10-20,145.48888207202708,149.89763607420971,144.01929740463285,146.95846673942128,19979.75153130059
2014-10-21,146.8598806111199,151.31018002357808,145.37644747363385,148.34331374860596,30571.120676671304
2014-10-22,146.2321403176317,150.66341729695387,144.75504799119096,147.70923264407242,57095.36145914404
2014-10-23,143.09597560470795,147.43221728969908,141.6505617097109,144.541389499705,9789.89552437162
2014-10-24,140.18048701951693,144.42838056556292,138.76452250416827,141.5964515348656,31787.043329912078
2014-10-25,140.2071029752318,144.45580306539034,138.7908696118456,141.62333633861797,10503.98400961761
2014-10-26,137.36973311586888,141.53245230119825,135.98216005409245,138.75730617764535,52303.80697385739
2014-10-27,133.65885031877733,137.70911851025542,132.30876092161796,135.0089397159367,25627.03295060745
2014-10-28,134.42835226915406,138.50193870155266,133.0704901250212,135.78621441328693,29686.62284246558
2014-10-29,133.25894810939542,137.2970980521044,131.91289812849243,134.6049980902984,10070.860184605457
2014-10-30,141.47565747645692,145.76279861210713,140.0466104312402,142.90470452167366,44668.88081899108
2014-10-31,126.68596309896606,130.5249316777226,125.4063069060472,127.9656192918849,177143.0577935903
2014-11-01,132.4071359142112,136.419473366157,131.06969009689593,133.74458173152647,8039.227733977814
2014-11-02,139.2053694758313,143.42371400540193,137.7992546326411,140.6114843190215,15681.563349596314
2014-11-03,127.86909539524679,131.74391646783005,126.57748837105238,129.1607024194412,27767.10912317505
2014-11-04,126.30813293201054,130.13565211176845,125.03229320542458,127.58397265859651,48358.93160723823
2014-11-05,124.62095504026547,128.3973476172432,123.36215751460622,125.87975256592472,12587.42671180709
2014-11-06,117.79166840778278,121.36111290498833,116.60185357538093,118.98148324018463,1295.9116585077957
2014-11-07,114.30354289652469,117.7672866206618,113.14896165514564,115.45812413790372,85749.83957354816
2014-11-08,109.39728805918759,112.71235739431448,108.29226494747861,110.50231117089655,47122.51162224447
2014-11-09,117.22912936954893,120.78152722923224,116.0449967496545,118.41326198944337,3854.7154479562582
2014-11-10,121.79252359954629,125.48320613286587,120.56229608843977,123.02275111065282,11997.231672770948
2014-11-11,128.1698485415536,132.0537833458431,126.87520360679042,129.46449347631676,105681.21430516902
2014-11-12,132.0619672801696,136.06384507653837,130.72800801471334,133.39592654562585,93694.6545891564
2014-11-13,126.29586830836558,130.1230158328615,125.02015246686693,127.57158414986422,56310.70975994213
2014-11-14,123.83552241182257,127.58811400005962,122.58465854907689,125.08638627456826,18469.713585102083
2014-11-15,126.44535387322894,130.2770312633268,125.16812807652965,127.72257966992822,23932.374881025626
2014-11-16,120.45372657309254,124.10383949954989,119.23702226427342,121.67043088191166,19323.440949299533
2014-11-17,124.06973988115332,127.829428968461,122.81651018538409,125.32296957692255,68066.45479072668
2014-11-18,123.06316010552248,126.7923467753868,121.82009788223438,124.30622232881059,9174.265300758478
2014-11-19,121.40268952366645,125.0815589031715,120.1763997304981,122.6289793168348,9839.895254441353
2014-11-20,125.03729164929452,128.8263004871519,123.77428870334204,126.30029459524698,60492.49500596732
2014-11-21,127.44682683666292,131.30885189231938,126.1594851514441,128.73416852188174,21070.696115631563
2014-11-22,125.79783737975637,129.6098930579308,124.52715215369822,127.06852260581452,87418.94983303882
2014-11-23,131.82018141875082,135.81473237083418,130.48866443472303,133.1516984027786,11254.100082562203
2014-11-24,126.31767313210388,130.14548140883429,125.0417370398604,127.59360922434735,20852.343930994684
2014-11-25,129.61929174853842,133.5471490742517,128.31000597330063,130.92857752377617,8756.810462336598
2014-11-26,132.8888152858824,136.9157490824243,131.54650402036842,134.23112655139636,22189.2381304561
2014-11-27,131.4427381249552,135.42585140146903,130.1150336994506,132.77044255045982,5021.344788676439
2014-11-28,133.3546149296015,137.39566386686215,132.00759861718126,134.7016312420217,13525.96673839162
2014-11-29,126.88097608351354,130.72585414665033,125.59935006246796,128.16260210455914,5238.267721043687
2014-11-30,131.76095555261927,135.75371178148652,130.43003680966353,133.09187429557502,44087.132252131196
2014-12-01,130.98408169869023,134.95329629562025,129.6610101663802,132.30715323100023,45097.82687588382
2014-12-02,128.4418220282202,132.33399845331778,127.144429886521,129.7392141699194,3903.923177776209
2014-12-03,134.02395101289866,138.08528286177437,132.67017372994007,135.37772829585722,83607.2690373663
2014-12-04,130.4490299683161,134.4020308764469,129.13136299893918,131.76669693769304,267644.56424384087
2014-12-05,123.29540711892683,127.03163157707614,122.0499989662104,124.54081527164327,23063.49599755802
2014-12-06,115.8033411222921,119.31253327751307,114.63361040388511,116.97307184069909,11601.454298253884
2014-12-07,118.78416521874286,122.38368537688659,117.58432516602828,119.98400527145743,371138.50137857045
2014-12-08,112.87855219625712,116.29911438402249,111.73836480033532,114.0187395921789,5890.119126760108
2014-12-09,120.97101509114393,124.6368034272392,119.74908564577883,122.19294453650902,22473.822510066577
2014-12-10,111.07834706098872,114.44435757798838,109.95634355532216,112.20035056665527,26360.508331549394
2014-12-11,118.78254735161002,122.382018483477,117.5827236409877,119.98237106223235,84554.16555353651
2014-12-12,119.96332886423791,123.5985812540633,118.75157806762945,121.17507966084638,31562.941534343434
2014-12-13,119.6791927837426,123.30583498931055,118.47031204855328,120.88807351893192,13377.990080660766
2014-12-14,117.25009251524823,120.8031256217709,116.06574814640734,118.43443688408912,8508.454792762597
2014-12-15,119.29791750737941,122.91300591669393,118.09288803760789,120.50294697715091,15649.248564284791
2014-12-16,119.29727471862871,122.91234364949625,118.09225174167287,120.50229769558456,8047.1449189934
2014-12-17,124.74105693936686,128.52108896783253,123.48104626321164,126.00106761552208,23105.485128770702
2014-12-18,125.49812362980798,129.30109707313548,124.23046581536546,126.76578144425048,12529.032373649261
2014-12-19,126.4408743769215,130.27241602470698,125.16369382765966,127.71805492618333,4944.159236803842
2014-12-20,124.791517846629,128.57307899349655,123.53099746433983,126.05203822891819,77276.54716720934
2014-12-21,124.69445189064395,128.4730716449059,123.43491197255663,125.95399180873126,13390.857494745862
2014-12-22,126.41674048299855,130.24755080066518,125.139803710443,127.69367725555409,6197.264072578103
2014-12-23,117.95860903865507,121.53311234285674,116.76710793725452,119.15011014005563,18615.33282438831
2014-12-24,111.7743438675018,115.16144519682004,110.64531009106238,112.90337764394121,23585.126657669767
2014-12-25,115.26511964048953,118.7580020538377,114.1008255027068,116.42941377827225,3841.173794106034
2014-12-26,116.22581032667995,119.74780457900358,115.05181224257207,117.39980841078783,30688.63492418254
2014-12-27,115.54480454800212,119.04616226157795,114.37768531014352,116.71192378586073,7729.832181421207
2014-12-28,115.8033195625478,119.3125110644432,114.633589061916,116.9730500631796,121908.8373049624
2014-12-29,117.58706915389534,121.15031367371036,116.39932098062367,118.77481732716701,37196.14895088601
2014-12-30,115.22469940342533,118.71635696110489,114.06081355086549,116.38858525598519,14766.25826360858
2014-12-31,111.81033933138059,115.19853143233152,110.68094196439694,112.93973669836423,10454.964639367023
2015-01-01,112.85395581753419,116.27377266048977,111.71401686988231,113.99389476518604,19831.6077015619
2015-01-02,108.60670722253867,111.89781956261561,107.50966977584636,109.70374466923099,40651.488898854564
2015-01-03,110.54317678387955,113.89297001975469,109.42657903858783,111.65977452917126,21472.017857054343
2015-01-04,103.18063153495144,106.30731733904089,102.1384029335883,104.2228601363146,17726.94704685968
2015-01-05,107.58295962653447,110.84304931218703,106.49626306465028,108.66965618841866,23350.420951076292
2015-01-06,109.77807150077604,113.10467972807228,108.66920209167728,110.88694090987478,12041.822390704654
2015-01-07,111.06699662722052,114.43266319168175,109.9451077724001,112.18888548204093,15627.60331922922
2015-01-08,115.5993785701404,119.10239004196283,114.43170807953292,116.76704906074788,2735.877655252094
2015-01-09,123.47389007016858,127.21552310259793,122.22667905935879,124.72110108097836,58321.50841789126
2015-01-10,128.66902962121458,132.56809112488773,127.36934245332351,129.96871678910563,29696.895191567924
2015-01-11,119.3874931256407,123.00529594762982,118.18155885164434,120.59342739963708,10163.357772646397
2015-01-12,113.45595491253371,116.89401415230746,112.30993516594246,114.60197465912496,147080.44799754187
2015-01-13,110.79056330972035,114.14785310698461,109.67146671063226,111.90965990880844,24028.99440547618
2015-01-14,111.07237484069294,114.43820438132,109.95043166048391,112.19431802090196,7815.439099432823
2015-01-15,113.53888807340246,116.97946043926314,112.39203061811557,114.68574552868935,51882.530925851934
2015-01-16,110.41319058264874,113.759044842729,109.29790582928865,111.52847533600882,32795.55334753515
2015-01-17,111.4036709429512,114.77953975940426,110.27838133746684,112.52896054843555,32682.007806831632
2015-01-18,108.20467918409318,111.48360885633844,107.1117026266781,109.29765574150827,14389.361032956704
2015-01-19,105.72022269534511,108.92386580732527,104.65234165801839,106.78810373267183,34561.50342242293
2015-01-20,99.93030205276122,102.95849302405702,98.9209050623293,100.93969904319316,16953.705623651047
2015-01-21,96.38983841987981,99.31074261442163,95.41620368836587,97.36347315139375,38404.94289998998
2015-01-22,91.32287674830974,94.09023664977367,90.40042344782175,92.24533004879771,3278.218934066209
2015-01-23,87.89507895128736,90.55856619223547,87.00724987097132,88.7829080316034,14273.023085041013
2015-01-24,91.7313187256832,94.51105565676451,90.80473974865609,92.6578977027103,123272.80408695684
2015-01-25,88.38533122100162,91.06367459133502,87.49255009755716,89.27811234444609,10228.493085238497
2015-01-26,97.82446764586821,100.78884545331877,96.83634171005136,98.81259358168506,12042.07086114579
2015-01-27,99.90154678869102,102.92886638834833,98.89244025547191,100.91065332191012,14073.356256220019
2015-01-28,100.7900156952558,103.84425859511204,99.77193472863705,101.80809666187454,6536.740097306358
2015-01-29,97.48064495333429,100.43460389131413,96.49599197400768,98.4652979326609,2420.475345861393
2015-01-30,100.35753226924349,103.39866961073572,99.34381982207942,101.37124471640757,17490.5078026524
2015-01-31,98.19728489876518,101.17296019872775,97.20539313211098,99.18917666541937,25231.775811618794
2015-02-01,98.82382212728034,101.81848340386459,97.82560170175226,99.82204255280843,20899.80131527091
2015-02-02,109.0919514220983,112.39776813185887,107.9900125188448,110.19389032535183,19055.69789727989
2015-02-03,108.83641487265652,112.13448805061581,107.7370571466701,109.93577259864296,22995.202147090484
2015-02-04,114.00298103663374,117.45761682562265,112.85143577363745,115.15452629963005,61257.493975966136
2015-02-05,110.96741716182731,114.33006616673117,109.8465341601927,112.08830016346194,18206.861619438943
2015-02-06,110.9785649907365,114.34155180863762,109.85756938476946,112.09956059670354,12405.775669040411
2015-02-07,119.00586937532314,122.61210784124202,117.80378988668352,120.20794886396277,16628.519046787416
2015-02-08,116.19986778811726,119.7210759029087,115.02613174985345,117.37360382638107,39314.42424906039
2015-02-09,124.7984189022797,128.58018917204575,123.53782881235769,126.05900899220173,90402.47086130039
2015-02-10,128.518669431428,132.4131745657137,127.22050105333277,129.81683780952324,11752.911320399764
2015-02-11,125.81994817008245,129.63267387220617,124.5490396027079,127.09085673745703,24317.06842377725
2015-02-12,129.19145845035055,133.10635113066422,127.88649422357935,130.49642267712179,30895.24111914189
2015-02-13,134.4110747488123,138.48413761998845,133.0533871250869,135.76876237253768,8163.448698318616
2015-02-14,137.95581717338078,142.13629648166506,136.56232407061935,139.3493102761422,22480.80621931164
2015-02-15,129.49788552400761,133.42206387321997,128.18982607427014,130.80594497374506,5086.402810243729
2015-02-16,125.92562328208484,129.74155126032986,124.65364728933652,127.19759927483318,3755.398547043123
2015-02-17,124.86775417877782,128.65162551752866,123.60646373252753,126.1290446250281,31784.89347344229
2015-02-18,124.68328240494405,128.46156368994235,123.42385530994461,125.94270949994349,15004.797445792392
2015-02-19,127.96580470534268,131.84355636308032,126.67322081943011,129.25838859125523,26964.60630982629
2015-02-20,129.06733947565542,132.97847097491768,127.76362897590131,130.3710499754095,21635.808522254487
2015-02-21,122.36696673836737,126.07505663953002,121.13093677131316,123.60299670542159,8296.590708066431
2015-02-22,124.41146349999676,128.18150784848152,123.15478205050184,125.66814494949168,21051.89161536211
2015-02-23,127.63663534176662,131.50441217030502,126.34737639892049,128.92589428461275,6418.2366573010095
2015-02-24,130.6860810655944,134.64626534030938,129.36601964068942,132.0061424904994,88518.98767658799
2015-02-25,136.5318300877513,140.66915827222863,135.15272069292553,137.91093948257708,5676.156755462481
2015-02-26,141.29090454933427,145.5724471114353,139.8637236953006,142.71808540336795,18109.912676578733
2015-02-27,144.0979596559671,148.4645644940267,142.64242470994722,145.55349460198696,7767.692408683046
2015-02-28,143.909677161091,148.27057646900286,142.45604405845373,145.3633102637283,38965.08132327919
2015-03-01,134.5644076080538,138.64211692951,133.20517116756844,135.92364404853922,15812.698973870676
2015-03-02,137.07870706567405,141.23260727978538,135.69407366097028,138.46334047037783,13112.657713826899
2015-03-03,138.42310751146374,142.61774713302324,137.02489430427724,139.82132071865024,51699.40465492309
2015-03-04,140.1344536358883,144.3809522309152,138.71895410421266,141.54995316756393,22684.351208738593
2015-03-05,133.18799675222303,137.22399665380553,131.84266345169553,134.53333005275053,36925.01250045817
2015-03-06,127.62842854763673,131.49595668544393,126.33925250170101,128.91760459357246,8255.823123379128
2015-03-07,133.1963609381117,137.23261429987267,131.85094315085806,134.54177872536536,5405.558505879183
2015-03-08,133.18541137751674,137.22133293441118,131.84010419188525,134.5307185631482,24519.106801463276
2015-03-09,137.0158275239285,141.1678222973809,135.63182926611103,138.39982578174596,16012.95953812717
2015-03-10,137.37655389480037,141.5394797704004,135.98891193626704,138.76419585333372,41209.9360471194
2015-03-11,137.7461305616881,141.9202557302241,136.35475550550942,139.13750561786676,20334.852144673754
2015-03-12,143.12254830320612,147.4595952214851,141.67686599711314,144.56823060929912,27040.075957568508
2015-03-13,140.38292666402472,144.63695474475276,138.96491730378204,141.8009360242674,4344.289356721706
2015-03-14,141.13324969322855,145.4100148354476,139.70766131248888,142.55883807396825,145573.5796183978
2015-03-15,138.73525301785568,142.93935159415435,137.3338868257561,140.13661920995523,18690.26380220986
2015-03-16,136.53215813545742,140.6694962607743,135.15304542701844,137.91127084389638,44248.95216811962
2015-03-17,135.0484788825608,139.1408570305172,133.684352833242,136.4126049318796,9546.294328857295
2015-03-18,136.4510047195878,140.5858836504844,135.07271174262223,137.8292976965533,29971.73057490463
2015-03-19,134.04265200930323,138.10455055503968,132.68868582739105,135.39661819121537,5985.859618348899
2015-03-20,140.97671124126924,145.248732794035,139.552704057014,142.4007184255245,34615.88079498821
2015-03-21,136.14342449535798,140.26898281339913,134.76823838934428,137.5186106013717,15429.336065349467
2015-03-22,135.32998580901278,139.43089446989197,133.9630162553864,136.6969553626392,22678.905627813245
2015-03-23,133.15262887268528,137.1875570203424,131.80765282346624,134.49760492190433,44266.082473305636
2015-03-24,141.05911418488776,145.33363279655103,139.63427464766667,142.48395372210885,6421.838258381345
2015-03-25,142.37973656270634,146.6942740343035,140.94155740550727,143.8179157199054,11108.971114476644
2015-03-26,148.46985631567884,152.9689428706994,146.97016079733865,149.96955183401903,34798.31625401626
2015-03-27,139.87012369482974,144.10861229164277,138.45729416255875,141.28295322710076,179552.2398809228
2015-03-28,141.5740230291668,145.86414493914154,140.14398239250855,143.00406366582504,19185.64582895358
2015-03-29,146.82432849359247,151.2735505691559,145.34125446840468,148.3074025187803,39780.65898168343
2015-03-30,147.5278166451784,151.99835654351716,146.03763667906549,149.01799661129132,19791.909659805257
2015-03-31,154.03662810661325,158.70440471590456,152.4807025701828,155.5925536430437,153621.2743144664
2015-04-01,151.08042830429488,155.65862310139474,149.55436337192825,152.6064932366615,3838.2750273743522
2015-04-02,159.82404154246325,164.6671943164773,158.2096572844586,161.43842580046794,24212.42099363021
2015-04-03,174.76054517322552,180.05631926938386,172.99528714117272,176.5258032052783,4334.9093007118345
2015-04-04,172.4862914056932,177.71314872101723,170.74400563391853,174.22857717746788,1796.1996914603471
2015-04-05,169.67129773366958,174.81285221044746,167.95744624141028,171.38514922592887,29657.254721109017
2015-04-06,179.7897098938113,185.2378829208965,177.97365221811626,181.60576756950638,25323.745608616442
2015-04-07,191.41902717214282,197.21960375311684,189.48550164515146,193.35255269913415,16566.917468700784
2015-04-08,187.7027414031059,193.3907032638061,185.80675411620584,189.59872869000597,19807.30147281613
2015-04-09,184.82948681639704,190.43038035628786,182.96252230310012,186.69645132969399,488111.6423957247
2015-04-10,183.0234468606838,188.56961191706816,181.17472517522233,184.87216854614525,17014.562295326003
2015-04-11,173.45534336445075,178.71156589064623,171.70326918905226,175.20741753984925,36685.04145781456
2015-04-12,167.34172282710392,172.41268412489495,165.65140239450693,169.03204325970094,11506.129592380696
2015-04-13,160.8713495765758,165.74623895768417,159.24638644953967,162.49631270361192,29591.208173899944
2015-04-14,156.17199138094426,160.9044759682456,154.59449651851048,157.74948624337804,17357.26318138707
2015-04-15,156.18957705065498,160.92259453703846,154.61190455519383,157.76724954611615,14610.292385923603
2015-04-16,157.88713741678743,162.67159612638704,156.29231784692087,159.48195698665396,135794.5732815416
2015-04-17,167.91613149786193,173.00449911900927,166.22000895747948,169.61225403824437,71480.85732989776
2015-04-18,161.46241575966405,166.35521623722963,159.83148226714218,163.0933492521859,25254.171965188347
2015-04-19,168.06185227707857,173.1546356794143,166.36425780963333,169.7594467445238,2199.0661326237127
2015-04-20,166.87541059440738,171.93224121848033,165.18980038638307,168.5610208024317,15351.842474855683
2015-04-21,166.7955526359881,171.84996332192713,165.11074907400842,168.48035619796778,328741.68336500484
2015-04-22,171.5480215699607,176.74644646602013,169.81521327127422,173.28082986864717,17489.191374623693
2015-04-23,164.10131393943408,169.07408102850783,162.44372490974283,165.75890296912533,66384.4135391554
2015-04-24,166.85762358282514,171.91391520654713,165.17219304158448,168.5430541240658,93147.766841484
2015-04-25,168.21886281430113,173.3164041117042,166.51968238183346,169.91804324676883,27418.2441545421
2015-04-26,171.7847747734392,176.99037400899797,170.04957502825297,173.51997451862547,9491.75084373935
2015-04-27,174.0294427502092,179.30306222748828,172.2715695911162,175.78731590930224,1928.8662387335262
2015-04-28,191.38226751966266,197.18173017177367,189.44911330229235,193.315421737033,43658.93377054865
2015-04-29,186.78725594998335,192.44747582725557,184.9005159908926,188.67399590907408,9752.159212601286
2015-04-30,183.10009826820485,188.6485860945141,181.25060232610178,184.94959421030794,26269.148056911614
2015-05-01,178.81086475067616,184.22937580372695,177.00469439965923,180.6170351016931,6311.82199075978
2015-05-02,175.1060672867518,180.4123117499867,173.33731913234016,176.87481544116343,16894.821934082243
2015-05-03,170.90431225960813,176.0832308129296,169.17800607516764,172.63061844404862,22781.84110615545
2015-05-04,179.2889908285672,184.721990550645,177.47799092120795,181.09999073592647,28813.335035958935
2015-05-05,189.7451552384018,195.49500842744428,187.82853750872098,191.66177296808263,7224.099096266396
2015-05-06,185.69791920688994,191.325128879826,183.82218264924458,187.5736557645353,72904.8867065176
2015-05-07,179.7937981670717,185.24209508122541,177.97769919568717,181.6098971384563,12125.97609526798
2015-05-08,183.45379260023253,189.01299843660323,181.60072398810897,185.3068612123561,4127.926655938325
2015-05-09,179.67667681574926,185.1214245980447,177.86176088831746,181.4915927431811,19751.33928712637
2015-05-10,184.49511525758336,190.08587632599497,182.6315282347795,186.35870228038723,22796.796690160823
2015-05-11,186.26939017528485,191.91391715029349,184.3878811836153,188.1508991669544,25863.53739459366
2015-05-12,175.2553249820553,180.56609240575395,173.48506917415577,177.02558078995486,86002.5652849104
2015-05-13,186.36654904834924,192.01402023163257,184.48405865392147,188.24903944277702,17388.270753359084
2015-05-14,200.03375984983344,206.09538893619202,198.01321682104725,202.05430287861964,19543.154988352875
2015-05-15,195.4306734595663,201.35281507955315,193.456626252904,197.40472066622857,7308.662874935262
2015-05-16,192.6930683913711,198.53225228201873,190.74667376115522,194.63946302158698,50038.77595185596
2015-05-17,195.18547916538537,201.10019065524554,193.2139086687653,197.15704966200542,26484.34450699636
2015-05-18,198.08950173668282,204.09221391052168,196.08859767873653,200.0904057946291,14472.018026778818
2015-05-19,203.60466426310012,209.77450257410314,201.54805149276578,205.66127703343446,3279.103387483025
2015-05-20,220.28155206812207,226.9567506156409,218.05648588561579,222.50661825062835,93378.10688257629
2015-05-21,219.0528459999626,225.6908110302645,216.84019098986198,221.26550101006325,6453.1265936668215
2015-05-22,212.38665393415957,218.8226131442856,210.24133419745087,214.53197367086824,12194.27661381529
2015-05-23,200.98727409325866,207.07779755063015,198.95709960746817,203.01744857904916,31518.95882032069
2015-05-24,195.41244955316643,201.3340389335654,193.43858642636678,197.3863126799661,6657.118893634541
2015-05-25,195.44663131087418,201.3692565021128,193.47242291379465,197.42083970795372,4946.770516561076
2015-05-26,209.76941282252014,216.12606169592985,207.6505298647169,211.88829578032338,2633.4562273166966
2015-05-27,205.74090621098915,211.9754791264737,203.66271523916097,207.81909718281733,45297.03935373621
2015-05-28,207.89121100907718,214.19094467601892,205.7912997867633,209.9911222313911,12769.486736090448
2015-05-29,208.06648079547713,214.37152566806736,205.9647991712804,210.16816241967388,411378.9517808965
2015-05-30,218.2691727649648,224.8833901214789,216.06443364612676,220.47391188380283,8148.954651339721
2015-05-31,240.6586345332483,247.95132042819523,238.22773923493264,243.08952983156394,8765.238229063412
2015-06-01,235.90929632475434,243.05806288004993,233.5263741396558,238.29221850985286,12514.04671680501
2015-06-02,231.64462769011934,238.6641618625472,229.3047829659767,233.98447241426194,28089.03751376907
2015-06-03,241.66706493634467,248.99030932835512,239.22598347234117,244.10814640034815,13763.792086678632
2015-06-04,248.6211941298717,256.15516970956475,246.10986893664065,251.1325193231027,40632.853342779505
2015-06-05,267.3593491423814,275.46114760124146,264.65874965609476,270.0599486286681,8278.454786795037
2015-06-06,274.00513454908065,282.30832044450733,271.23740591727176,276.77286318088954,5532.5730826567415
2015-06-07,270.4782271437631,278.67453705721044,267.74612383928064,273.21033044824554,3647.4561580209242
2015-06-08,277.274315342861,285.6765673229477,274.47356468283203,280.07506600288986,2383.739690656754
2015-06-09,289.9868278648474,298.7743074971155,287.0576679874247,292.9159877422701,13120.49749394438
2015-06-10,299.9389691084469,309.0280287783998,296.9092825517959,302.96865566509786,16301.618683601342
2015-06-11,306.4749275599419,315.7620465769098,303.37922122095256,309.5706338989312,11714.269259541647
2015-06-12,320.0110018801562,329.70830496743366,316.7785675177303,323.243436242582,76374.62581789224
2015-06-13,335.4585165186792,345.6239261101543,332.07004665485414,338.8469863825042,75209.30279056358
2015-06-14,354.50798448251334,365.25065067895315,350.92709575036673,358.08887321465994,15759.474399268256
2015-06-15,364.2386598497684,375.2761949967311,360.55948146744754,367.9178382320893,3663.15064041649
2015-06-16,362.350183215092,373.33049179736753,358.6900803543335,366.0102860758505,12497.637331498163
2015-06-17,365.02017773628563,376.08139524344585,361.3331052338989,368.7072502386724,12090.539981370237
2015-06-18,383.18371269870227,394.7953403562387,379.3131701461901,387.0542552512144,11417.07176800836
2015-06-19,371.2370305299545,382.4866375157107,367.48716153470247,374.9868995252066,10962.998360233678
2015-06-20,377.2684934526147,388.70087204208784,373.4577005894569,381.0792863157724,11459.07308400182
2015-06-21,371.8986225470662,383.1682777757652,368.14207080416656,375.6551742899659,14964.834844409406
2015-06-22,372.88407688307956,384.183594364385,369.11757105597775,376.65058271018137,11666.291582141326
2015-06-23,392.51197670351524,404.40627902786423,388.5472092620656,396.4767441449649,27128.02237572938
2015-06-24,396.1010915859581,408.1041549673508,392.10007045882725,400.102112713089,31582.824265529787
2015-06-25,397.4309859199024,409.4743491295965,393.41653151667106,401.44544032313377,8860.468433657634
2015-06-26,376.40917372602695,387.81551232378536,372.6070608601075,380.2112865919464,78516.59840014148
2015-06-27,388.20965501375235,399.97358395356304,384.2883453671488,392.1309646603559,8266.262061877052
2015-06-28,398.81529714737746,410.9006091821465,394.78685980245444,402.8437344923005,4368.606620862707
2015-06-29,433.9230831043199,447.07226744081447,429.54002165882173,438.3061445498181,32234.032114182508
2015-06-30,429.23188450404797,442.2389113072009,424.896208902997,433.56756010509895,9726.329470153192
2015-07-01,433.6383846561189,446.7789417669104,429.25819895252175,438.0185703597161,30372.457418650163
2015-07-02,438.61453574366004,451.90588531164974,434.1840858876635,443.0449855996566,1990.8787415097
2015-07-03,466.94821506570645,481.09816097678845,462.2315664286791,471.6648637027338,88650.41044874044
2015-07-04,465.86871423823203,479.9859480030269,461.16296964996707,470.574458826497,43143.77440162081
2015-07-05,471.76701328780615,486.06298338743665,467.00168992126265,476.53233665434965,4912.427269303104
2015-07-06,483.94608463881997,498.611117506663,479.05774034953896,488.834428928101,5020.189074169631
2015-07-07,488.28435394615434,503.08084952028025,483.35218875477904,493.21651913752964,117273.71243321749
2015-07-08,480.29731851464754,494.8517827120611,475.445830448843,485.14880658045206,10536.70438758453
2015-07-09,484.74660061800284,499.43589154582116,479.85017030873007,489.6430309272756,9564.514774052268
2015-07-10,506.29129416133327,521.6334545904646,501.17724068495613,511.40534763771035,2284.6038211129153
2015-07-11,486.26210072596587,500.99731589948,481.35036233479445,491.1738391171372,15509.713660557312
2015-07-12,489.57781840039513,504.4135098670738,484.63258791150224,494.523048889288,17540.721246264256
2015-07-13,476.60164028021063,491.0441142280958,471.78748229758224,481.415798262839,45048.41578752729
2015-07-14,500.0989900829075,515.2535049339048,495.0474851325751,505.1504950332399,5436.667563002224
2015-07-15,470.3793692564368,484.6332895369349,465.62806249627073,475.1306760166028,4816.068487718825
2015-07-16,460.5687260709914,474.5253541337487,455.9165167167389,465.2209354252438,34577.644336385456
2015-07-17,468.2088588703905,482.3970061088872,463.4794764575583,472.93824128322274,60278.45796609808
2015-07-18,498.2308609291755,513.3287658058172,493.1982259702949,503.26349588805607,4577.222485268994
2015-07-19,497.6678548533408,512.7486989398056,492.64090682451916,502.69480288216243,64959.162766108595
2015-07-20,487.362158337021,502.130708589658,482.43930825280864,492.28500842123333,22869.097898520813
2015-07-21,524.7653923558669,540.6673739424083,519.4647318270198,530.066052884714,65631.1256696129
2015-07-22,495.1578371408536,510.1626200845158,490.15624282629955,500.1594314554077,20532.815440510978
2015-07-23,452.35033382566786,466.05791969917294,447.78113853449946,456.9195291168362,1768.2083521837649
2015-07-24,460.9904866611961,474.959895347899,456.33401709896174,465.6469562234304,18921.0931360552
2015-07-25,452.4242835426031,466.13411031662145,447.854341284597,456.99422580060923,63585.69601898059
2015-07-26,434.6216989430947,447.79205345652184,430.23158077195234,439.0118171142371,9011.47442975567
2015-07-27,447.5883147948109,461.1515970613204,443.0672207059744,452.1094088836474,14943.549753386778
2015-07-28,452.624591291908,466.3404879977234,448.0526257233029,457.19655686051317,18469.324439888405
2015-07-29,443.0908937910974,456.51789057264585,438.615228197248,447.5665593849469,1212.5563793110875
2015-07-30,421.06388131851367,433.82339287362015,416.8107108001449,425.3170518368825,117166.06605696084
2015-07-31,436.38988789770815,449.6138238946084,431.98190923207477,440.7978665633416,8942.981557376685
2015-08-01,448.3941214959682,461.9818221473612,443.8648879455038,452.9233550464325,36524.38623372056
2015-08-02,447.2879177056937,460.8420970301087,442.76985793088875,451.8059774804987,20197.192000530315
2015-08-03,480.9979862510706,495.57368280413334,476.13942073338296,485.85655176875815,77467.90932466833
2015-08-04,461.13113852161405,475.1048093859054,456.4732482335169,465.78902880971117,33059.23139874899
2015-08-05,433.6841488729203,446.8260927781603,429.3035009045069,438.0647968413336,17414.8005241409
2015-08-06,422.3318926008396,435.129828740259,418.0659138876998,426.5978713139794,9013.555658882518
2015-08-07,422.1952932971988,434.9890900637806,417.9306943750049,426.45989221939277,48915.5539405947
2015-08-08,426.9380570442475,439.8755739243762,422.62555141753796,431.2505626709571,3383.137106514649
2015-08-09,423.45874997660604,436.2908333092305,419.18138886573126,427.7361110874809,42019.556518087644
2015-08-10,430.05717562678956,443.0892112518438,425.71316375177145,434.4011875018076,7338.980741755841
2015-08-11,409.1729209921129,421.5721004161163,405.0398611841117,413.305980800114,77055.68813405535
2015-08-12,433.4166555845481,446.5504936325647,429.0387095685425,437.7946016005536,25881.909860425865
2015-08-13,432.6425530082754,445.75293340246554,428.272426210212,437.0126798063388,41945.388100832126
2015-08-14,452.6271056795395,466.3430785789195,448.05511471307955,457.19909664599953,23908.48782095346
2015-08-15,459.51111760101713,473.4356969222601,454.86959116060285,464.1526440414315,3818.5379962900024
2015-08-16,468.59571156546735,482.7955816129058,463.8624215496546,473.3290015812802,9313.971248306996
2015-08-17,479.97822529710083,494.5230200030736,475.12996039510995,484.8264901990918,43147.913363910884
2015-08-18,489.2938070385437,504.1208921003178,484.3514453512857,494.23616872580175,26020.91241492987
2015-08-19,502.60695839093796,517.8374722815724,497.5301204273932,507.6837963544828,71753.35594679404
2015-08-20,530.0825212448236,546.1456279492122,524.7281523433608,535.4368901462865,32967.402955536774
2015-08-21,535.0445425112243,551.258013496413,529.6400521828282,540.4490328396206,8377.44378453202
2015-08-22,551.0210529696986,567.7186606354471,545.4551837477825,556.5869221916148,9936.159554623335
2015-08-23,549.8697342789486,566.5324534995228,544.3154945387572,555.42397401914,24414.13118393975
2015-08-24,582.3696137039567,600.0171777555918,576.4870923534118,588.2521350545018,2177.550573619763
2015-08-25,567.4867551780093,584.6833235167368,561.7545657317668,573.2189446242518,117411.70527507429
2015-08-26,609.2183790124337,627.6795420128105,603.0646580123082,615.3721000125594,34260.4441666302
2015-08-27,609.1536081171121,627.6128083630852,603.0005413684544,615.3066748657698,75134.46072716323
2015-08-28,575.2048658949142,592.6353163765783,569.3947157343595,581.0150160554689,4534.164261286719
2015-08-29,579.0151245057289,596.5610373695388,573.1664868844589,584.8637621269988,76463.22309432823
2015-08-30,564.1100787825815,581.2043235941749,558.411997178717,569.8081603864459,205150.4540297466
2015-08-31,583.9248638466793,601.619556690518,578.0266328987329,589.8230947946255,5878.88057650287
2015-09-01,569.5574164121601,586.8167320610135,563.8043111958757,575.3105216284446,47638.75048752756
2015-09-02,560.2466691980696,577.2238409919506,554.5876119334426,565.9057264626966,22050.927526568757
2015-09-03,518.742683168814,534.4621584163538,513.5028580863006,523.9825082513272,4701.167456022999
2015-09-04,510.1355734471081,525.5942271879296,504.9826888668343,515.2884580273819,36057.9978274956
2015-09-05,461.44049399702067,475.4235392696577,456.77947890614166,466.1015090878997,50696.046327749435
2015-09-06,432.8975786855151,446.0156871305307,428.5248758705099,437.2702815005203,12074.770200572024
2015-09-07,446.71419159121723,460.25098527579956,442.2019270296898,451.2264561527447,70679.90061137988
2015-09-08,461.42538618356235,475.4079736436703,456.76452369685967,466.086248670265,4159.859560585487
2015-09-09,469.9702010528914,484.2117222969184,465.2230273048824,474.7173748009004,4940.608859758028
2015-09-10,452.49715745847936,466.20919253297876,447.92647910031286,457.0678358166458,25250.40301556872
2015-09-11,452.31233307335776,466.0187674089141,447.7435216281723,456.8811445185432,22592.771251615093
2015-09-12,452.92562265852604,466.65064152696624,448.350616369046,457.5006289480061,10758.23203903643
2015-09-13,432.6188891677865,445.72855247590127,428.2490013984149,436.9887769371581,49493.39156821183
2015-09-14,459.2837576330279,473.2014472582712,454.6445277579468,463.922987508109,37454.95590927215
2015-09-15,476.091013254322,490.5180136559681,471.2820131204399,480.900013388204,51955.30303607258
2015-09-16,472.5971874777447,486.91831437100967,467.823478513323,477.3708964421663,19474.546119162685
2015-09-17,473.8143301346331,488.1723401387129,469.0283267999398,478.60033346932636,40238.52978621657
2015-09-18,478.4744420522048,492.97366756893825,473.6413668799603,483.30751722444927,14105.9178920607
2015-09-19,440.1154356357693,453.4522670186714,435.66982517480193,444.5610460967367,171754.03273768764
2015-09-20,436.4241455337285,449.6491196408112,432.01582083136765,440.8324702360894,9773.737591638892
2015-09-21,425.1734060440331,438.057448651428,420.87872517490143,429.4680869131647,180827.24906847245
2015-09-22,408.7766785063439,421.1638505822937,404.647621147694,412.90573586499386,22808.486191843254
2015-09-23,404.7935537619802,417.0600250881009,400.70472998660665,408.88237753735376,5566.318208106245
2015-09-24,434.5084208027612,447.6753426452691,430.1194468552585,438.8973947502638,86515.54177574358
2015-09-25,446.2982482192394,459.8224375592163,441.79018510591374,450.80631133256503,24981.7637680549
2015-09-26,436.7710482891803,450.0065346009737,432.3592195185825,441.1828770597781,51592.11338334833
2015-09-27,447.42970812742465,460.988184131286,442.9102161261375,451.94920012871177,74896.01160908624
2015-09-28,473.14538047194384,487.48311927412396,468.36613420455046,477.9246267393372,30882.82719360778
2015-09-29,491.3545447706092,506.24407643032464,486.3913675507041,496.31772199051437,12182.541182639596
2015-09-30,493.2635627184303,508.2109434068676,488.2811024889512,498.2460229479094,58437.51704261019
2015-10-01,481.23904446952264,495.8220458170839,476.37804402033555,486.1000449187097,22043.11324175637
2015-10-02,495.40139584701683,510.4135593575325,490.39734134351164,500.4054503505221,43732.981359454265
2015-10-03,503.9418263081208,519.2127907417002,498.851504830261,509.0321477859806,2556.1804873496994
2015-10-04,522.7427512955599,538.5834407287587,517.4625214844937,528.0229811066262,34440.267202680814
2015-10-05,536.8081236287667,553.0750364660021,531.3858193496883,542.2304279078452,11630.824937506268
2015-10-06,560.1496727646119,577.1239052726304,554.4915952619391,565.8077502672847,115071.57869770263
2015-10-07,548.9974241294489,565.6337097091291,543.4519956028887,554.5428526560089,41072.22362853795
2015-10-08,578.7507582095096,596.2886599734342,572.9047909548682,584.5967254641512,27997.14293314949
2015-10-09,584.193321188329,601.896149103127,578.2923785500631,590.094263826595,35821.73078309972
2015-10-10,633.5637528305572,652.7626544314832,627.1641189635819,639.9633866975325,8115.727681745889
2015-10-11,617.0483216424459,635.746755631611,610.8155103127242,623.2811329721676,111664.78715258488
2015-10-12,660.8208361719156,680.8457099953071,654.1458782307852,667.4957941130461,161356.32842225465
2015-10-13,667.0434102027825,687.2568468755942,660.305597978512,673.7812224270531,32627.58941599947
2015-10-14,650.663011854148,670.3800728194252,644.0906581990556,657.2353655092404,108055.85718604915
2015-10-15,639.0451418047554,658.4101461018693,632.5901403723842,645.5001432371267,12467.141737910415
2015-10-16,631.8150538777902,650.9609646013597,625.4330836366004,638.19702411898,9925.73773499673
2015-10-17,643.482553669769,662.9820249930954,636.9827298953269,649.9823774442111,22946.592940787094
2015-10-18,657.9051980998843,677.8417192544263,651.2596910483702,664.5507051513982,34028.06956256295
2015-10-19,643.7944473073895,663.303369953068,637.2914730921633,650.2974215226157,14853.834386660783
2015-10-20,644.1329649277883,663.6521456831758,637.6265713426592,650.6393585129175,37713.303545070754
2015-10-21,700.2954426859632,721.5165167067499,693.2217513457009,707.3691340262254,29923.203106994417
2015-10-22,749.7375102125837,772.4568287038742,742.1644040488202,757.3106163763472,8116.815891870021
2015-10-23,763.9472453478317,787.0971618735235,756.2306065059344,771.663884189729,37004.43382117612
2015-10-24,766.2544723142626,789.4743048086342,758.5145281494721,773.9944164790531,52236.05490953127
2015-10-25,771.0828356593613,794.4489821944935,763.2941201476506,778.871551171072,26146.466016562656
2015-10-26,791.1623870384884,815.1370048275336,783.1708477754734,799.1539263015035,69748.2844206697
2015-10-27,759.9813303259426,783.0110676085469,752.3047512317412,767.657909420144,6519.78191996415
2015-10-28,753.2972477892043,776.1244371161499,745.6881846802225,760.9063108981862,35170.05967171728
2015-10-29,704.1496020386128,725.4874687670556,697.0369797957985,711.262224281427,6834.3680954947695
2015-10-30,716.4503385579555,738.1609548778937,709.2134664513095,723.6872106646016,7229.452902120589
2015-10-31,736.072364070327,758.3775872239734,728.6372896857782,743.5074384548758,11720.200450411909
2015-11-01,722.9500645527733,744.8576422664937,715.6475386481998,730.2525904573467,8586.442771183998
2015-11-02,769.5510429346322,792.8707715084089,761.7778000767065,777.3242857925577,12733.660270095113
2015-11-03,732.9737997247574,755.1851269891441,725.5700239699619,740.377575479553,17780.358807948287
2015-11-04,691.1393236175895,712.0829394847892,684.158118328523,698.1205289066561,50876.402316788925
2015-11-05,698.381131725587,719.544196323332,691.326776859672,705.435486591502,15975.96942513882
2015-11-06,728.6796513274242,750.7608528828007,721.3192508089653,736.040051845883,4511.451825539196
2015-11-07,778.8544245272999,802.4560737553999,770.9872081179332,786.7216409366665,68876.32930307895
2015-11-08,765.7265446248339,788.930379310435,757.9919330629668,773.4611561867009,9536.767460314328
2015-11-09,799.9141163352264,824.1539380423545,791.8341757661836,807.9940569042691,20770.30440787439
2015-11-10,799.8818487756461,824.1206926779383,791.8022341415486,807.9614634097435,34424.93746166905
2015-11-11,795.5584137957771,819.6662445168613,787.5224702220823,803.5943573694718,26892.70712943107
2015-11-12,824.8718753445416,849.8679927792248,816.5398361996472,833.203914489436,65787.13276595298
2015-11-13,847.6324949994396,873.3183281812408,839.0705506055058,856.1944393933733,35560.94070832309
2015-11-14,795.4558950570542,819.5606191496923,787.4209870261749,803.4908030879336,9308.566836116459
2015-11-15,843.6299879188027,869.1945330072514,835.1084728893198,852.1515029482856,194572.89902241743
2015-11-16,891.4668909977312,918.4810392097836,882.462174927047,900.4716070684153,26751.169295182026
2015-11-17,870.4973538686742,896.8760615616643,861.704451304344,879.2902564330042,19008.84684837999
2015-11-18,885.5849370398425,912.4208442228681,876.6396346455007,894.5302394341844,57752.70245551067
2015-11-19,904.4135421020018,931.8200130747897,895.278051777739,913.5490324262644,28267.017537838394
2015-11-20,915.2004377704295,942.9337843695334,905.9559889040615,924.4448866367975,32834.274167831085
2015-11-21,896.4276577188191,923.592132195147,887.3728328933765,905.4824825442618,266248.1369474145
2015-11-22,873.6898287018,900.1652780564,864.8646789169334,882.5149784866667,16728.657935825544
2015-11-23,874.1073101685669,900.5954104767053,865.2779433991874,882.9366769379463,16030.350425705677
2015-11-24,916.4221114770766,944.1924784915335,907.1653224722576,925.6789004818955,24749.944164449746
2015-11-25,937.7234327031999,966.1392943002666,928.2514788375111,947.1953865688888,64312.92722965449
2015-11-26,925.2286681045432,953.2659004713475,915.8829239822751,934.5744122268113,4882.760278651709
2015-11-27,955.1764219159467,984.1211619740056,945.528175229927,964.8246686019663,3085.4232052129883
2015-11-28,847.7747566268803,873.4649007670888,839.2113752468107,856.3381380069497,12245.14400196817
2015-11-29,888.0022012439911,914.9113588574454,879.0324820395064,896.9719204484759,4298.739163699884
2015-11-30,827.539417942279,852.616370001136,819.18043392266,835.898401961898,14402.666650387979
2015-12-01,816.7833604417044,841.5343713641803,808.5330234675457,825.033697415863,36406.3939486704
2015-12-02,781.4274259176409,805.1070448848421,773.5342195952404,789.3206322400413,9038.523735428882
2015-12-03,742.1315825382839,764.6204183727773,734.635303926786,749.6278611497817,5287.883885716411
2015-12-04,777.7042287428933,801.2710235532841,769.848630472763,785.5598270130236,23607.911354311876
2015-12-05,764.321457004072,787.4827132769227,756.6010382464552,772.041875761689,52184.64036105896
2015-12-06,776.0615532592577,799.5785700246897,768.2225476707804,783.900558847735,4044.1495553165564
2015-12-07,775.7691152961545,799.2772703051289,767.9330636264963,783.6051669658126,50022.710851051306
2015-12-08,791.7357105888998,815.7277018188664,783.7383801789109,799.7330409988887,49876.54862015666
2015-12-09,795.3562195350779,819.4579231573531,787.3223183276529,803.390120742503,57187.18433380599
2015-12-10,755.7318200594398,778.6327843036653,748.0981653113646,763.3654748075149,74494.4730875726
2015-12-11,786.9818392585536,810.8297737815401,779.0325277508914,794.9311507662158,199189.9009209857
2015-12-12,772.6192134589489,796.031916897099,764.8149789795656,780.4234479383323,15427.516062901093
2015-12-13,725.67233899006,747.6624098685467,718.3423153638977,733.0023626162222,24577.129148888864
2015-12-14,714.3339942899355,735.9804789653881,707.118499398118,721.5494891817531,14524.055688285336
2015-12-15,758.2872447099119,781.2656460647577,750.6277775916299,765.9467118281938,22070.051765356697
2015-12-16,785.2131676657648,809.0075060798789,777.2817215277267,793.1446138038028,102014.81793995608
2015-12-17,775.4403375423904,798.9385295891295,767.607606860144,783.2730682246367,5738.685844036846
2015-12-18,765.7703575636654,788.9755199140794,758.0353034468607,773.50541168047,9310.986517177982
2015-12-19,757.0670695729812,780.0084959236776,749.4199274560824,764.71421168988,87306.56474210435
2015-12-20,821.0921705835807,845.9737515103559,812.7983102746557,829.3860308925058,61085.90962741275
2015-12-21,834.8679772192812,860.1670068319868,826.4349673483794,843.3009870901831,15319.29391576125
2015-12-22,850.4813991895285,876.2535628013325,841.8906779855938,859.0721203934631,51761.50478579515
2015-12-23,886.8065978301856,913.6795250371609,877.8489554278605,895.7642402325107,30983.678427948802
2015-12-24,896.6071997955323,923.7771149408514,887.5505614137593,905.6638381773054,98742.88297244346
2015-12-25,888.6617484754926,915.5908923686893,879.6853671777603,897.6381297732248,23730.338021947413
2015-12-26,883.0151970901755,909.7732333656355,874.0958516650222,891.9345425153289,61428.68048024033
2015-12-27,881.8107198780742,908.5322568440764,872.9035408894068,890.7178988667416,309282.97406638635
2015-12-28,881.8205172710027,908.5423511276997,872.9132393187704,890.727795223235,40058.61978963306
2015-12-29,908.8087944689742,936.3484549074279,899.6289076561562,917.9886812817921,23140.235220387167
2015-12-30,912.0603627750038,939.6985555863675,902.8476318378825,921.273093712125,45362.76916824915
2015-12-31,940.1569323035162,968.6465363127137,930.6603976337836,949.6534669732487,15286.404870255034
2016-01-01,938.5317176083348,966.9720726873753,929.0515992486547,948.011835968015,239897.66259298433
2016-01-02,942.8915799940202,971.4640521150511,933.3674226203432,952.4157373676971,26372.34066152896
2016-01-03,868.9424533406667,895.2740428358385,860.1652568422761,877.7196498390573,16765.302122677527
2016-01-04,902.0953077294746,929.4315291758223,892.9832339140253,911.2073815449238,9550.139063387027
2016-01-05,915.9510758226654,943.7071690294129,906.6990447537496,925.2031068915812,65987.47244854628
2016-01-06,953.890139788713,982.7959016004922,944.2548858514533,963.5253937259728,52427.54566555018
2016-01-07,844.8125970956365,870.4129788258074,836.279136518913,853.3460576723602,13395.11850082757
2016-01-08,916.6512263134657,944.4285362017526,907.3921230173701,925.9103296095614,39200.757325595114
2016-01-09,912.9080029997726,940.5718818785537,903.686710040179,922.1292959593663,4872.897614197964
2016-01-10,954.7441234917326,983.6757635975428,945.1002434564625,964.3880035270026,26501.86998809465
2016-01-11,916.4624767606773,944.2340669655463,907.205280025721,925.7196734956336,34639.722513938585
2016-01-12,940.3005421049367,968.7944979262984,930.8025568311493,949.7985273787239,121458.72954812036
2016-01-13,902.0899039135353,929.4259616078848,892.9778846820855,911.2019231449851,10190.194335898856
2016-01-14,880.9352114966727,907.6302179056628,872.0368760270093,889.833546966336,6134.276198913113
2016-01-15,949.7021189351137,978.4809710240565,940.1091682387994,959.295069631428,8996.33039312475
2016-01-16,943.8830129115729,972.4855284543479,934.3488410639812,953.4171847591646,5787.359951663794
2016-01-17,953.5080852486562,982.4022696501307,943.8766904481648,963.1394800491478,83839.31739461182
2016-01-18,988.1230120135563,1018.0661335897247,978.1419714881669,998.1040525389458,103635.92291866174
2016-01-19,1009.196983737339,1039.7787105172583,999.0030748106992,1019.3908926639788,30339.827822393458
2016-01-20,1016.7828714276637,1047.5944735921385,1006.5123373728388,1027.0534054824886,74704.4503525113
2016-01-21,1033.1514895766743,1064.459110472937,1022.7156159445866,1043.5873632087619,25183.854672699774
2016-01-22,1134.024912489468,1168.3893037770276,1122.5701153936147,1145.4797095853212,20028.03562682746
2016-01-23,1133.1123038076516,1167.4490402866713,1121.6667249813117,1144.5578826339915,15787.320249087068
2016-01-24,1143.9266844280316,1178.5911294106993,1132.3718694338093,1155.4814994222543,16148.928967057725
2016-01-25,1193.7174384428627,1229.8906941532523,1181.6596865393994,1205.7751903463259,4685.361925630444
2016-01-26,1248.2954379934374,1286.122572478087,1235.686393165221,1260.904482821654,28688.590054036453
2016-01-27,1309.4384617580665,1349.1184151446746,1296.2118106291973,1322.665112886936,21155.730423504956
2016-01-28,1344.8577362271951,1385.6110009613526,1331.2733146491428,1358.4421578052477,46414.199916443846
2016-01-29,1285.3878628542845,1324.3390102135054,1272.4041470678776,1298.3715786406915,24185.86127176059
2016-01-30,1371.2996673054981,1412.854202678392,1357.4481555145335,1385.1511790964628,18719.036850813372
2016-01-31,1310.4772945639077,1350.188727732511,1297.2401501743732,1323.7144389534421,9217.019226670123
2016-02-01,1328.3068867347752,1368.558610575223,1314.889645454626,1341.7241280149244,23674.48670238461
2016-02-02,1290.2229548217397,1329.3206201193682,1277.1903997225302,1303.2555099209492,46084.74350950308
2016-02-03,1288.8481785716283,1327.90418398289,1275.829510101208,1301.866847042049,7021.000504802131
2016-02-04,1307.7304441875842,1347.358639465996,1294.521045761447,1320.9398426137216,24039.984735364378
2016-02-05,1326.5019844180126,1366.6990142488614,1313.1029744743962,1339.9009943616288,27806.996801793135
2016-02-06,1350.8788861050496,1391.8146099264147,1337.233644831261,1364.5241273788379,10742.200296300583
2016-02-07,1440.1023436998516,1483.7418086604532,1425.5558553796511,1454.6488320200522,12236.07329167178
2016-02-08,1468.387929637744,1512.8845335661606,1453.5557283282717,1483.2201309472161,27739.449502316027
2016-02-09,1456.2498452841303,1500.3786284745586,1441.540250887321,1470.9594396809398,7090.981055733677
2016-02-10,1514.5922916384702,1560.4890277487268,1499.293379601718,1529.8912036752224,31254.65847483911
2016-02-11,1588.926693422196,1637.0759871622624,1572.8769288421738,1604.9764580022181,8996.992432839535
2016-02-12,1513.2869304013345,1559.144110110466,1498.001203831624,1528.572656971045,63758.23894564777
2016-02-13,1551.718369513922,1598.7401382870712,1536.044446589539,1567.392292438305,228165.7791789522
2016-02-14,1597.5668520460438,1645.9779687747118,1581.4298131364876,1613.7038909555997,9313.71382947241
2016-02-15,1580.9480987502482,1628.855616894195,1564.9789260355992,1596.917271464897,37579.27055700277
2016-02-16,1670.316363736084,1720.932011122026,1653.4444812741033,1687.1882461980647,10649.39215773814
2016-02-17,1662.7962261820703,1713.18399061183,1646.0003047054836,1679.5921476586568,62377.14204068454
2016-02-18,1673.6427426385358,1724.359189385158,1656.7372603896615,1690.5482248874098,6215.127949335427
2016-02-19,1664.566790645777,1715.0082085441338,1647.752984679658,1681.380596611896,35617.3001627472
2016-02-20,1668.1009354411055,1718.6494486362906,1651.2514310427107,1684.9504398395006,9200.480897244508
2016-02-21,1597.4551869262402,1645.8629198633992,1581.3192759471874,1613.5910979052933,17908.22549073184
2016-02-22,1507.8346996331109,1553.5266602280537,1492.6040461014634,1523.0653531647586,7855.543381843914
2016-02-23,1606.2664542054129,1654.9411952419405,1590.0415405265703,1622.4913678842554,50128.77486976391
2016-02-24,1554.2580298142284,1601.3567579904172,1538.558453755499,1569.957605872958,9537.814456250717
2016-02-25,1494.9542360653957,1540.255879582529,1479.853688226351,1510.05478390444,38252.5023998035
2016-02-26,1368.427880530165,1409.8953920613822,1354.605376686426,1382.2503843739041,15613.668128853678
2016-02-27,1335.5055995457362,1375.9754661986374,1322.0156439947693,1348.9955550967034,19644.007878070664
2016-02-28,1266.829104833154,1305.2178655856737,1254.0328512489805,1279.625358417327,25533.7377932067
2016-02-29,1351.9354523079246,1392.9031932869527,1338.2795386482487,1365.5913659676007,10282.259682650887
2016-03-01,1408.571656423535,1451.2556460121268,1394.3436598940043,1422.7996529530656,27183.5452054039
2016-03-02,1371.9121510451537,1413.4852465313706,1358.054452549748,1385.7698495405593,101756.15209777307
2016-03-03,1497.5757813037626,1542.956865585695,1482.4487532097853,1512.70280939774,10116.319735166895
2016-03-04,1558.6328736252583,1605.8641728260238,1542.8891072250033,1574.3766400255136,71097.69124149246
2016-03-05,1540.719108026828,1587.4075658458228,1525.1562887538298,1556.2819272998263,98528.15594665121
2016-03-06,1388.9949009441814,1431.0856555182477,1374.9646494194926,1403.0251524688701,9738.525615229726
2016-03-07,1518.3626953629773,1564.3736861315524,1503.025698440119,1533.6996922858357,5140.704415669829
2016-03-08,1436.2452395645275,1479.7678225816344,1421.7377118921586,1450.7527672368965,29790.978750573624
2016-03-09,1343.8717627237834,1384.595149472989,1330.2973004740481,1357.4462249735186,12741.15363511178
2016-03-10,1400.8557115268297,1443.3058846034003,1386.7056538346394,1415.0057692190198,142714.75818321604
2016-03-11,1539.666638819388,1586.3232036320967,1524.1144505484851,1555.218827090291,22806.652312984123
2016-03-12,1627.2288858850222,1676.5388521239624,1610.7922304720423,1643.6655412980024,9875.385154191428
2016-03-13,1666.374097580378,1716.870282355541,1649.542035988657,1683.206159172099,6994.227807836568
2016-03-14,1708.5169879017285,1760.2902299593568,1691.2592405491857,1725.7747352542713,65506.5200286086
2016-03-15,1769.402762580213,1823.0210281129469,1751.5300074026352,1787.275517757791,12441.787254080722
2016-03-16,1825.7708804588756,1881.0972707758112,1807.3287503532304,1844.2130105645208,23013.32786470385
2016-03-17,1849.045181328286,1905.0768534897493,1830.367957274465,1867.7224053821071,57285.495906061115
2016-03-18,1859.5256510663303,1915.8749132198554,1840.742563681822,1878.3087384508387,13571.694934252671
2016-03-19,1857.6591984665445,1913.9519014503792,1838.8949641385996,1876.4234327944894,21037.69633887105
2016-03-20,1804.421317111195,1859.1007509630494,1786.194839160577,1822.6477950618132,21664.52892143676
2016-03-21,1786.8697054116526,1841.0172722423088,1768.8205164681005,1804.9188943552047,43622.33250055271
2016-03-22,1668.5462802155316,1719.1082887069113,1651.6922773850717,1685.4002830459915,39765.07667172955
2016-03-23,1664.4857308964083,1714.924692438724,1647.6727437156364,1681.2987180771802,17674.642579417425
2016-03-24,1601.1626278310018,1649.6827074622445,1584.989267953921,1617.3359877080827,23474.00837638029
2016-03-25,1532.8833329247714,1579.334343013401,1517.3996628952282,1548.3670029543146,15187.393511601245
2016-03-26,1546.2129277639112,1593.0678649688782,1530.5946153622556,1561.831240165567,5026.0395797903375
2016-03-27,1634.6255243804746,1684.159631179883,1618.1141554473384,1651.1368933136107,28498.332546310427
2016-03-28,1697.1216132123984,1748.5495408855015,1679.9789706546974,1714.2642557700995,146121.20986748164
2016-03-29,1593.0540749133368,1641.3284408198015,1576.9626196111817,1609.1455302154916,9102.285904976063
2016-03-30,1532.382410601216,1578.8182412254953,1516.903800393123,1547.8610208093091,10167.68965224109
2016-03-31,1592.34583305206,1640.5987370839407,1576.2615317081,1608.4301343960203,9221.308519692808
2016-04-01,1532.1559635165618,1578.584932107973,1516.679640652758,1547.6322863803655,45460.16735296011
2016-04-02,1520.6872766469785,1566.7687092726446,1505.3267991050898,1536.0477541888672,34492.09527132035
2016-04-03,1556.4265967011331,1603.5910390254098,1540.7051159263742,1572.148077475892,18797.183195833415
2016-04-04,1498.4749540234718,1543.883285963577,1483.3388433767702,1513.6110646701736,8795.371870922081
2016-04-05,1507.0387687235977,1552.7066102000706,1491.8161548981068,1522.2613825490887,24158.1431238838
2016-04-06,1428.8822013043864,1472.1816619499739,1414.4490477558572,1443.3153548529156,4607.210580316719
2016-04-07,1396.6541836910533,1438.9770377422974,1382.546565673972,1410.7618017081347,25423.432493865155
2016-04-08,1416.6141560141496,1459.5418577115481,1402.3049221150166,1430.9233899132823,52655.41630646298
2016-04-09,1328.4727783136589,1368.7295291716487,1315.0538613609956,1341.8916952663221,6303.125266141549
2016-04-10,1353.871835437739,1394.898254693428,1340.1963623525094,1367.5473085229687,4757.5196199706115
2016-04-11,1354.8391606758228,1395.8948928175143,1341.1539166285922,1368.5244047230533,106877.4245355891
2016-04-12,1386.8128204618108,1428.837451384896,1372.8046101541156,1400.8210307695058,11947.05830960464
2016-04-13,1401.3141193646425,1443.7781835878136,1387.159431290252,1415.4688074390328,68593.14255373487
2016-04-14,1479.8796603564297,1524.7244985490488,1464.9313809588898,1494.8279397539693,18882.716935010674
2016-04-15,1489.51216762484,1534.648899977108,1474.4665901740839,1504.557745075596,18733.060500149808
2016-04-16,1466.1622447422135,1510.5914036737956,1451.3525250983528,1480.9719643860742,34146.408786935935
2016-04-17,1475.533807372214,1520.2469530501598,1460.6294254795653,1490.4381892648626,9099.740205520908
2016-04-18,1509.8132924561476,1555.5652104093642,1494.5626531384087,1525.0639317738865,25147.08196368531
2016-04-19,1515.0287957407552,1560.938759248051,1499.7254745716566,1530.3321169098538,15040.631507845697
2016-04-20,1519.7612421760343,1565.8146131510657,1504.4101185176905,1535.1123658343781,5881.14386357561
2016-04-21,1479.3664936609605,1524.1957813476563,1464.423397765395,1494.3095895565257,30868.208271695024
2016-04-22,1442.3586071597726,1486.0664437403718,1427.789328299573,1456.9278860199724,16927.455916823445
2016-04-23,1363.599753621394,1404.920958276588,1349.8260187363294,1377.3734885064587,18825.642299008694
2016-04-24,1461.0740498898833,1505.3490210986677,1446.3157261536219,1475.8323736261448,6567.175146818717
2016-04-25,1390.570609171027,1432.7091124792398,1376.5244414016227,1404.6167769404312,108163.62087733389
2016-04-26,1354.1151209649104,1395.1489125093017,1340.4371904501131,1367.7930514797074,52929.397741225446
2016-04-27,1317.2340479936256,1357.1502312661598,1303.9286535694475,1330.5394424178037,57766.013741602124
2016-04-28,1366.3628934532442,1407.767829618494,1352.5612480648274,1380.1645388416607,16229.004109872027
2016-04-29,1352.2921059592559,1393.270654624688,1338.6325897374452,1365.9516221810666,3908.141070927034
2016-04-30,1421.8130143241917,1464.8982571825006,1407.4512667047554,1436.174761943628,155269.46688358995
2016-05-01,1385.6426244626678,1427.6317949009306,1371.6462343165801,1399.6390146087554,20720.990348928135
2016-05-02,1403.184536525504,1445.7052800565798,1389.0109553484785,1417.3581177025292,10417.060814576618
2016-05-03,1358.4034706196428,1399.5672121535715,1344.6822234416666,1372.124717797619,33416.38322711417
2016-05-04,1477.0001966321352,1521.7577783482604,1462.08100272676,1491.9193905375103,70765.06940884813
2016-05-05,1409.0523729900192,1451.7509297472925,1394.8195207375948,1423.2852252424436,21524.550446859957
2016-05-06,1428.628095827378,1471.9198563069956,1414.1975090008389,1443.0586826539172,79108.46527486923
2016-05-07,1466.9882963145367,1511.442487111947,1452.1702327154,1481.8063599136735,65055.75422467294
2016-05-08,1493.4703160784834,1538.726992323286,1478.3847573302157,1508.5558748267508,7507.2073088546285
2016-05-09,1484.6416568138197,1529.63079792939,1469.645276441963,1499.6380371856765,11228.493558457614
2016-05-10,1479.1591305494019,1523.9821345054445,1464.2181292307212,1494.1001318680828,57384.93912401571
2016-05-11,1483.9700347972544,1528.9388237305045,1468.9804384861711,1498.9596311083378,1461.7467975048137
2016-05-12,1477.4701272305747,1522.2419492678648,1462.5461865514778,1492.3940679096713,18968.676773048017
2016-05-13,1536.650436474455,1583.2156012161054,1521.128714893905,1552.1721580550052,5266.7502389458605
2016-05-14,1674.8274575384537,1725.5798047365888,1657.9100084724087,1691.7449066044987,13676.66258826275
2016-05-15,1639.9915967694315,1689.6883118230505,1623.4260250848918,1656.5571684539711,16336.87188483816
2016-05-16,1552.592969135009,1599.641240926979,1536.910211871019,1568.275726398999,15394.34667675632
2016-05-17,1549.4392150858716,1596.3919185733223,1533.788313923388,1565.0901162483551,12679.461363724246
2016-05-18,1711.6474863598924,1763.515592007162,1694.3581178108025,1728.9368549089822,7352.946162817603
2016-05-19,1659.1906554247619,1709.4691601346033,1642.4311538548147,1675.950156994709,217926.09419085892
2016-05-20,1770.4637328775984,1824.1141490254045,1752.5802608283298,1788.347204926867,142551.98285870743
2016-05-21,1891.931766314577,1949.2630319604734,1872.8213444326118,1911.0421881965426,6890.742890468053
2016-05-22,1852.8756167662252,1909.0233627288383,1834.1597014453544,1871.5915320870963,107164.11798556238
2016-05-23,1897.8251251423733,1955.334977419415,1878.6551743833595,1916.9950759013873,14772.675591518415
2016-05-24,2024.2883438329004,2085.63041485814,2003.8409868244871,2044.7357008413135,25063.99099449845
2016-05-25,1996.6262216724629,2057.1300465716286,1976.4582800394078,2016.7941633055182,20675.941151786938
2016-05-26,1983.3622055970557,2043.4640906151483,1963.3282439243583,2003.3961672697533,11387.27017043174
2016-05-27,1940.1898912877357,1998.983524357061,1920.5920135979604,1959.7877689775107,58915.07879643234
2016-05-28,1864.3473460844075,1920.8427202081775,1845.5155547098175,1883.1791374589975,24981.392596305384
2016-05-29,1818.7247123828938,1873.8375824551028,1800.3537556921576,1837.0956690736302,13676.695114335742
2016-05-30,1732.4123830658273,1784.909728007216,1714.9132680853645,1749.9114980462903,5975.425312050454
2016-05-31,1737.372866539231,1790.0205291616319,1719.8236456650973,1754.9220874133646,9012.835313485242
2016-06-01,1686.4697018549266,1737.574844335379,1669.4346543614424,1703.5047493484108,4266.802020955687
2016-06-02,1704.770320685934,1756.4300273733866,1687.550418456783,1721.9902229150848,22297.359634887827
2016-06-03,1601.2296873776666,1649.7517991163838,1585.0556501314275,1617.4037246239056,6656.402202379573
2016-06-04,1624.824141940261,1674.061237150572,1608.4117768701574,1641.2365070103647,16889.366259898423
2016-06-05,1681.4348973463148,1732.3874699931728,1664.4507064640286,1698.4190882286007,86690.6967951472
2016-06-06,1549.8635822722215,1596.8291453713798,1534.208394572502,1565.5187699719409,73079.23722633904
2016-06-07,1575.3778438582865,1623.1165663994466,1559.4649363445665,1591.2907513720065,21326.870999760762
2016-06-08,1655.1026118374439,1705.2572364385787,1638.3844036370656,1671.8208200378222,20189.446045483415
2016-06-09,1577.5020653783392,1625.305158268592,1561.5677010815884,1593.4364296750903,144332.44295882774
2016-06-10,1685.4077742656568,1736.480737122192,1668.3834533134784,1702.4320952178352,37077.14868280795
2016-06-11,1716.1846017650805,1768.1901957579619,1698.8494037674534,1733.5197997627076,15870.12262166368
2016-06-12,1670.361659031152,1720.978679001793,1653.4893190409384,1687.2339990213657,5292.1606550943
2016-06-13,1669.1410203565401,1719.7210512764352,1652.2810100499084,1686.0010306631718,32658.91739251518
2016-06-14,1708.921785985436,1760.7072946516612,1691.6599497633608,1726.183622207511,50479.55958248614
2016-06-15,1716.680659433895,1768.7012854773463,1699.3404507527446,1734.0208681150455,11711.756853032955
2016-06-16,1756.2505601185173,1809.4702740615028,1738.5106554708557,1773.9904647661792,29472.200884282764
2016-06-17,1694.2075954174165,1745.5472195209747,1677.0943873828971,1711.320803451936,15312.5296725589
2016-06-18,1708.2262025884659,1759.9906329699345,1690.9713924613095,1725.481012715622,18324.011833539753
2016-06-19,1614.1907760286583,1663.1056480295267,1597.8858186950354,1630.495733362281,1830.195265198911
2016-06-20,1609.4304589013786,1658.201078868087,1593.1735855791424,1625.6873322236147,17645.191628819495
2016-06-21,1553.6535449814448,1600.733955435428,1537.9600748301173,1569.3470151327726,58067.958529401694
2016-06-22,1510.2736771891337,1556.039546194865,1495.0183875205564,1525.5289668577107,11714.673079815087
2016-06-23,1587.2126471078554,1635.3100000505178,1571.180196126968,1603.245098088743,23214.36084787713
2016-06-24,1658.879115091478,1709.1481791851593,1642.1227603935845,1675.6354697893719,10342.83505043017
2016-06-25,1701.7868940432752,1753.3561938627684,1684.5971274367773,1718.9766606497728,31585.128644702694
2016-06-26,1629.984232499701,1679.3776940906012,1613.5197453027342,1646.4487196966677,17738.218046191712
2016-06-27,1611.7995774871622,1660.6419889261672,1595.5187736741607,1628.080381300164,8610.67902770078
2016-06-28,1692.4280912644772,1743.7137909997643,1675.3328580193813,1709.5233245095728,83495.78810121783
2016-06-29,1704.560560827433,1756.213911155537,1687.3427773847316,1721.7783442701343,55766.689822408465
2016-06-30,1865.2549081252669,1921.7777841290629,1846.4139494573349,1884.0958667931989,12029.211183913052
2016-07-01,1897.3983117027976,1954.895230239246,1878.2326721906481,1916.563951214947,36235.2727735554
2016-07-02,1914.8201559460397,1972.8450091565257,1895.4785382092111,1934.1617736828684,37699.87292800144
2016-07-03,1894.0162887323702,1951.4107217242602,1874.8848110684069,1913.1477663963335,41869.01087471933
2016-07-04,1906.9744591202568,1964.7615639420828,1887.7120908463148,1926.2368273941988,4047.0524459351204
2016-07-05,1898.2046774583794,1955.7260313207546,1879.0308928375878,1917.3784620791712,60271.012216362134
2016-07-06,1954.8173925641327,2014.0542832478943,1935.0717623362123,1974.5630227920533,12460.2771724538
2016-07-07,2032.5567517880372,2094.1493806300987,2012.0258755073498,2053.0876280687244,15400.758902316482
2016-07-08,1971.7028595241322,2031.4514310248637,1951.7866690238884,1991.619050024376,308008.2207234885
2016-07-09,1869.6685809645132,1926.3252046301047,1850.7830397426494,1888.554122186377,29788.371574566998
2016-07-10,1735.1492640643821,1787.7295447936058,1717.6225038213074,1752.6760243074566,14968.11460441107
2016-07-11,1773.0096190422144,1826.7371832556148,1755.1004309710809,1790.9188071133478,2427.714666224348
2016-07-12,1697.4179492277278,1748.8548567800833,1680.2723133769425,1714.563585078513,88412.10149058221
2016-07-13,1553.7898707435268,1600.8744122812093,1538.0950235642993,1569.4847179227543,5737.565837172387
2016-07-14,1580.2713355379567,1628.1583457057736,1564.308998815351,1596.2336722605623,8075.266062790984
2016-07-15,1740.2263696176235,1792.9605020302788,1722.648325480072,1757.8044137551753,15813.949368101203
2016-07-16,1742.4141187580763,1795.21454659923,1724.8139761443583,1760.0142613717942,90799.74822201955
2016-07-17,1803.4676664903307,1858.1182018385225,1785.2508213742667,1821.6845116063946,47726.40018001636
2016-07-18,1812.0759320824736,1866.9873239637607,1793.7721347887111,1830.379729376236,18810.349264776876
2016-07-19,1807.6262235614108,1862.4027757905446,1789.3673728183662,1825.8850743044554,29980.188634220744
2016-07-20,1876.7915329810444,1933.6640036774397,1857.8340427489125,1895.749023213176,12083.719226958205
2016-07-21,1857.8153280095883,1914.1127621916971,1839.049516615552,1876.5811394036245,25327.693721607615
2016-07-22,1880.472672588592,1937.4566929700648,1861.4779991281014,1899.467346049083,23702.52223262414
2016-07-23,1907.4911389328076,1965.2939007186503,1888.22355167086,1926.7587261947551,58033.16263394206
2016-07-24,1859.3773108280182,1915.7220778228066,1840.5957218297553,1878.158899826281,57940.8604800279
2016-07-25,1935.949618238609,1994.6147581852335,1916.3945715897341,1955.5046648874838,36097.44557801587
2016-07-26,1925.305011698703,1983.647587810785,1905.8574863280091,1944.752537069397,15331.310320110751
2016-07-27,1869.9913714907066,1926.6577766873947,1851.1025697584773,1888.880173222936,46250.25675525465
2016-07-28,1912.9271096758023,1970.8945978477964,1893.604613618471,1932.2496057331336,20091.08641597261
2016-07-29,1847.0483499585648,1903.0195120785213,1828.3912959185793,1865.7054039985503,7465.783278696448
2016-07-30,1851.9010008922455,1908.0192130404955,1833.1949301761622,1870.6070716083289,14716.317749306836
2016-07-31,1854.0033532330826,1910.1852730280245,1835.2760466347688,1872.7306598313967,23969.248704625
2016-08-01,1937.3145190754394,1996.021019653483,1917.7456855494247,1956.883352601454,54732.65444346982
2016-08-02,1977.0060820035642,2036.9153572157934,1957.0363235994878,1996.9758404076406,18333.253625606325
2016-08-03,1977.9924531404413,2037.9316183871213,1958.012731391548,1997.9721748893346,6573.497335259659
2016-08-04,2045.6608645501824,2107.6505877183695,2024.9976234941198,2066.3241056062448,23312.423229980875
2016-08-05,2162.485082912086,2228.014933909422,2140.641799246307,2184.3283665778645,24672.783686292278
2016-08-06,2213.979069199675,2281.0693440239074,2191.615644258264,2236.342494141086,26524.85850065802
2016-08-07,2218.21685714926,2285.4355497901465,2195.810626268964,2240.623088029555,55263.69798350874
2016-08-08,2105.1466926582516,2168.9390166781986,2083.882584651603,2126.4108006649008,61017.94255129684
2016-08-09,2018.6155924921097,2079.7857619615675,1998.2255360022903,2039.005648981929,12158.564865408449
2016-08-10,1996.9982619838825,2057.5133608318793,1976.8265623678838,2017.1699615998814,11894.799204745304
2016-08-11,1951.3059670420564,2010.4364508918156,1931.5958057588032,1971.0161283253094,7783.810580055656
2016-08-12,1939.6393972253738,1998.416348656446,1920.0470800816831,1959.2317143690645,44303.35426813448
2016-08-13,1946.9440733684235,2005.9423786220123,1927.2779716172272,1966.6101751196197,93790.61796884527
2016-08-14,1991.115776230518,2051.452617934473,1971.0034956625327,2011.2280567985028,16073.35276639122
2016-08-15,1988.4876007269263,2048.7448007489547,1968.4018673862504,2008.5733340676024,17301.862528105295
2016-08-16,2030.1664315872836,2091.6866264838677,2009.6596999550886,2050.6731632194783,95490.5488737745
2016-08-17,2038.447432940414,2100.2185672719415,2017.8570548299047,2059.037811050923,36517.90083617499
2016-08-18,1880.4297140480778,1937.4124326555952,1861.4354745122387,1899.423953583917,34072.15309258638
2016-08-19,1812.5961911793966,1867.5233484878631,1794.287138743241,1830.905243615552,6694.780647950654
2016-08-20,1804.8681832782718,1859.5611585291285,1786.637191527986,1823.0991750285573,43422.28507440912
2016-08-21,1720.2419034398727,1772.3704459683538,1702.8657225970458,1737.6180842826998,8698.132787575041
2016-08-22,1764.1031679117098,1817.5608396666103,1746.2839439934096,1781.92239183001,7086.733641916202
2016-08-23,1874.7654183684176,1931.5764916523092,1855.828393940454,1893.7024427963815,15571.979982252658
2016-08-24,1968.973269407522,2028.6391260562348,1949.0846505246175,1988.8618882904261,12261.34949643536
2016-08-25,1955.116197015346,2014.3621423794475,1935.3675485606454,1974.8648454700465,17648.398216112033
2016-08-26,2074.6305839296474,2137.498177382061,2053.6747194455093,2095.586448413785,5213.5608483931555
2016-08-27,2090.079731947404,2153.4154814003555,2068.967815463087,2111.191648431721,57458.389644836265
2016-08-28,2065.03338929902,2127.610158671718,2044.1744661747878,2085.892312423253,68028.79119773282
2016-08-29,2017.4630601310894,2078.598304377486,1997.0846453822903,2037.8414748798882,3142.1341883964255
2016-08-30,1996.0803979493166,2056.5676827356597,1975.9179696872025,2016.242826211431,58598.11487426711
2016-08-31,1968.0812330091014,2027.7200582518017,1948.201624594868,1987.9608414233348,9793.472488956948
2016-09-01,1984.4490736209152,2044.5838940336703,1964.40413348333,2004.4940137585002,51894.88643224462
2016-09-02,2000.1717827490272,2060.783048892937,1979.968027367724,2020.3755381303306,20569.270285746476
2016-09-03,2003.415742965573,2064.1253109342265,1983.1792203093548,2023.6522656217908,22669.497198111483
2016-09-04,2041.4356188989168,2103.2973043200964,2020.8150570918572,2062.0561807059767,18304.502568831344
2016-09-05,2141.7228809215912,2206.6235742828517,2120.0893164678378,2163.3564453753447,74022.85710081222
2016-09-06,2226.2827379849095,2293.7458512571798,2203.79503356082,2248.7704424089998,6376.738173150602
2016-09-07,2097.390053498732,2160.9473278471787,2076.204295382583,2118.575811614881,40450.74494410615
2016-09-08,1886.273387148438,1943.4331867589967,1867.2201206115851,1905.326653685291,66259.23728789281
2016-09-09,1959.5981085753024,2018.9798694412207,1939.8041882866628,1979.3920288639417,45086.5872276184
2016-09-10,1855.3961892554958,1911.620316202632,1836.6548136064505,1874.1375649045413,225189.80747052102
2016-09-11,1841.4981287334526,1897.3011023314361,1822.8971375341248,1860.0991199327805,12978.54952733235
2016-09-12,1758.069938010755,1811.3447846171416,1740.3116558086263,1775.828220212884,57371.607816642594
2016-09-13,1633.9867374700555,1683.5014870903601,1617.4818209299538,1650.491654010157,19809.350737215987
2016-09-14,1671.8274342450998,1722.4888716464664,1654.9402884446442,1688.7145800455553,75614.70670267411
2016-09-15,1725.1022323501752,1777.3780575729077,1707.676957275931,1742.5275074244194,21857.753837508415
2016-09-16,1687.9083105280301,1739.0570472106979,1670.8587316338076,1704.9578894222527,14944.882583865561
2016-09-17,1515.5025002801826,1561.4268184704913,1500.1943942167466,1530.810606343619,81313.89603513492
2016-09-18,1484.6623609469707,1529.6521294605152,1469.6657714424557,1499.6589504514855,13472.933972023224
2016-09-19,1510.157220875968,1555.9195609025126,1494.9031075337864,1525.4113342181495,5362.975556126593
2016-09-20,1423.0868973224317,1466.210742695839,1408.7122821979626,1437.4615124469008,13136.54233271479
2016-09-21,1435.6590116416876,1479.1638301762844,1421.1574054634887,1450.1606178198865,40906.03747197569
2016-09-22,1436.933311241867,1480.476744915863,1422.418833350535,1451.447789133199,88613.43410684145
2016-09-23,1472.3848413165722,1517.0025637807107,1457.5122671618592,1487.257415471285,24615.445119634718
2016-09-24,1481.636151449429,1526.5342166448663,1466.6701297176164,1496.6021731812414,82305.81721639723
2016-09-25,1426.1892408500942,1469.4070966334302,1411.7832889223155,1440.5951927778729,5663.6570163802035
2016-09-26,1496.5900207746388,1541.9412335253853,1481.4729498577233,1511.7070916915543,14139.626648572934
2016-09-27,1489.3447547262076,1534.476413960335,1474.3008683148316,1504.3886411375834,16505.102967730963
2016-09-28,1489.9521369503236,1535.102201706394,1474.9021153649667,1505.0021585356803,19642.297830167292
2016-09-29,1436.566081557014,1480.0983870587418,1422.0553130564383,1451.07685005759,23958.881957145
2016-09-30,1413.2487608146312,1456.074480839317,1398.9735208064026,1427.5240008228598,43954.52946894289
2016-10-01,1365.3507803892953,1406.7250464616984,1351.559358365161,1379.1422024134297,14117.82075723227
2016-10-02,1357.9535250446115,1399.1036318641452,1344.2368227714335,1371.6702273177893,25311.868792696037
2016-10-03,1452.9672779105003,1496.9965893623337,1438.290840759889,1467.6437150611114,21054.658260751094
2016-10-04,1375.413630059075,1417.0928309699561,1361.5205630887813,1389.3066970293687,8726.416610348038
2016-10-05,1288.7041769210898,1327.7558186459712,1275.686963012796,1301.7213908293836,19659.841093136423
2016-10-06,1366.4733670266069,1407.881650875898,1352.6706057435097,1380.2761283097038,19078.941568278005
2016-10-07,1357.0816678805027,1398.2053547859725,1343.373772245346,1370.7895635156592,18674.597091145486
2016-10-08,1322.797836457764,1362.8826193807267,1309.43624215011,1336.1594307654184,22737.24156147472
2016-10-09,1379.8053800368436,1421.6176642803844,1365.8679519556636,1393.742808118024,23757.97495347195
2016-10-10,1348.4498249083856,1389.3119408147004,1334.8291196062805,1362.0705302104905,14295.567753442221
2016-10-11,1448.963798786283,1492.8717926888976,1434.327800818745,1463.5997967538212,78646.21116564609
2016-10-12,1490.4288463177124,1535.5933568121886,1475.3740094862205,1505.4836831492046,6839.838305545069
2016-10-13,1463.5766001012748,1507.9274061649498,1448.79299808005,1478.3602021225,10711.036007930525
2016-10-14,1592.067397807094,1640.311864407309,1575.9859089403556,1608.1488866738323,355032.1487525363
2016-10-15,1555.8819396526508,1603.0298772178826,1540.16596046424,1571.5979188410613,7801.011197738617
2016-10-16,1604.4002740344933,1653.0184641567507,1588.1942106604074,1620.606337408579,5688.747189527172
2016-10-17,1626.0142783663716,1675.2874383168678,1609.5898917162062,1642.438665016537,45911.76792520665
2016-10-18,1713.119296715981,1765.0320026770712,1695.8150613956175,1730.4235320363443,2759.707972991531
2016-10-19,1822.6911741870879,1877.9242400715452,1804.2801522256023,1841.1021961485737,17408.712704583002
2016-10-20,1827.7585581499502,1883.1451811241911,1809.29635049187,1846.2207658080306,188306.25362804582
2016-10-21,1775.4175575716415,1829.218089619267,1757.4840468890995,1793.3510682541832,4698.807714951344
2016-10-22,1810.746388650717,1865.6174913371026,1792.4560210885886,1829.0367562128456,3035.208847865343
2016-10-23,1764.3756819012247,1817.8416116558074,1746.553705316364,1782.1976584860856,4918.7946913584965
2016-10-24,1909.1171053355172,1966.969138830533,1889.833094170512,1928.4011165005224,54087.56402956931
2016-10-25,1922.4072584356288,1980.6620238427693,1902.9890032999153,1941.8255135713423,67831.14403352658
2016-10-26,1897.1989972470678,1954.6898759515245,1878.0353710122488,1916.3626234818867,13192.598122771862
2016-10-27,1914.0598073868664,1972.061619731923,1894.725869938514,1933.3937448352185,43617.442383371075
2016-10-28,1813.7916856474267,1868.7550700609852,1795.4705575095738,1832.1128137852795,88455.53961334832
2016-10-29,1746.0201545875402,1798.9298562417082,1728.383587369484,1763.6567218055961,131576.85577423434
2016-10-30,1832.477059904148,1888.0066677800314,1813.967190612187,1850.9869291961093,17217.20956735147
2016-10-31,1787.0760276141095,1841.229846632719,1769.0247546079065,1805.1273006203128,2205.1003175421206
2016-11-01,1714.9202608476578,1766.887541479405,1697.5978339704086,1732.2426877249068,9692.629958349624
2016-11-02,1754.3053083728776,1807.4660752932677,1736.5850527327475,1772.0255640130076,14374.280396875401
2016-11-03,1840.1402500428399,1895.9020758017139,1821.552974789882,1858.727525295798,17001.573939372174
2016-11-04,1895.819457412158,1953.2685318791932,1876.6697659231463,1914.9691489011698,18254.019822293285
2016-11-05,1974.1962499287172,2034.020378714436,1954.254873666811,1994.1376261906235,67433.32412483638
2016-11-06,1917.3950632708784,1975.4979439760566,1898.0274363691522,1936.7626901726044,78781.10215272593
2016-11-07,1811.224245733117,1866.1098289371507,1792.9290513317724,1829.5194401344615,18551.87880277437
2016-11-08,1922.7111585559892,1980.975133057686,1903.2898337220904,1942.1324833898882,66070.97857185932
2016-11-09,1900.7784202225105,1958.3777662898594,1881.5786382000608,1919.9782022449601,31497.43417175229
2016-11-10,1884.5584684625614,1941.666300840215,1865.522524336677,1903.594412588446,23494.132141875136
2016-11-11,1987.5076868766153,2047.735192539543,1967.4318516556393,2007.5835220975912,54532.065046023476
2016-11-12,2034.7094051811407,2096.3672659442054,2014.1567849267856,2055.2620254354956,23676.826127521468
2016-11-13,2074.865434791374,2137.740144936567,2053.907198076309,2095.823671506438,172441.129181632
2016-11-14,2257.661274210662,2326.075252217046,2234.8566148752006,2280.4659335461233,5226.979376873082
2016-11-15,2202.9339186028656,2269.6894918938615,2180.6820608392,2225.1857763665307,13158.577428631539
2016-11-16,2287.997139048409,2357.3303856862394,2264.8860568357986,2311.108221261019,19408.785493797026
2016-11-17,2296.6469694230914,2366.242332132882,2273.448515186494,2319.845423659688,34181.93921589682
2016-11-18,2324.7664056076956,2395.2138724442925,2301.283916662163,2348.2488945532277,78273.19507042157
2016-11-19,2470.3868372063434,2545.2470443944144,2445.43343481032,2495.340239602367,21495.554660556412
2016-11-20,2524.2744481741775,2600.7676132703646,2498.7767264754484,2549.7721698729065,5312.247860183375
2016-11-21,2582.4131413623327,2660.668085039979,2556.3281601364506,2608.4981225882148,51149.80179798214
2016-11-22,2697.0730427574304,2778.802528901595,2669.829880709375,2724.316204805485,46861.83010993352
2016-11-23,2661.7464855723324,2742.405469983615,2634.860157435238,2688.6328137094265,3159.412402203538
2016-11-24,2576.3885699927737,2654.4609509016454,2550.3644430231498,2602.4126969623976,21942.83334998439
2016-11-25,2472.5797742357963,2547.506434061124,2447.604220960687,2497.5553275109055,4491.123487275456
2016-11-26,2281.809702624095,2350.9554511884617,2258.761119769306,2304.8582854788838,11331.581194555862
2016-11-27,2472.9073523661377,2547.8439388014754,2447.928490221025,2497.8862145112503,8930.173236238545
2016-11-28,2367.4914302432876,2439.2335947961146,2343.577375392345,2391.40548509423,49477.074419968674
2016-11-29,2350.090025078669,2421.304874323477,2326.3517419970663,2373.8283081602717,24756.173572671436
2016-11-30,2327.5937131211645,2398.126855943018,2304.08266551388,2351.104760728449,6090.034338805587
2016-12-01,2359.705819578518,2431.212056535443,2335.8704072595433,2383.541231897493,53107.102904136744
2016-12-02,2440.241372214916,2514.1880804638527,2415.59246946527,2464.8902749645613,5251.10692422811
2016-12-03,2527.8922545128194,2604.4950501041167,2502.3579893157203,2553.4265197099185,30641.59842681886
2016-12-04,2472.7258152650047,2547.6569005760653,2447.7487868279845,2497.702843702025,9759.430533314735
2016-12-05,2459.9050569490623,2534.4476344323675,2435.0575311212942,2484.752582776831,15280.349224554957
2016-12-06,2491.3997085024293,2566.8966693661396,2466.2340548811926,2516.565362123666,36470.92869249859
2016-12-07,2470.35324809395,2545.21243743013,2445.4001849818897,2495.30631120601,37102.86239263053
2016-12-08,2632.887232547308,2712.6716941396508,2606.292412016527,2659.482053078089,83865.45550787111
2016-12-09,2688.5438306628844,2770.014855834487,2661.3868222723504,2715.700839053419,20287.217772522505
2016-12-10,2771.606691927896,2855.594773501469,2743.610664736705,2799.602719119087,29925.03987620131
2016-12-11,2849.2539483734777,2935.594977112068,2820.473605460614,2878.034291286341,14217.98053708195
2016-12-12,2987.268830166163,3077.792128049986,2957.0943975382215,3017.4432627941037,26422.99367571337
2016-12-13,3013.3801358075584,3104.694685377485,2982.941952617583,3043.818318997534,34183.0794606789
2016-12-14,2861.586300753239,2948.301037139701,2832.6813886244186,2890.4912128820597,19964.08428731
2016-12-15,2911.6283428968286,2999.8595048027933,2882.21795559484,2941.0387301988167,3627.3205561820555
2016-12-16,2840.1354176789528,2926.2001273055876,2811.447181136741,2868.8236542211644,30683.21054924325
2016-12-17,2784.341902396935,2868.715899439266,2756.217236716158,2812.466568077712,31715.521503149368
2016-12-18,2853.823931549637,2940.303444626899,2824.99742719055,2882.6504359087244,11157.046201889465
2016-12-19,2999.458341978565,3090.3510190082184,2969.1607829686805,3029.7559009884494,6097.370940689459
2016-12-20,3006.5096578230537,3097.616011090419,2976.1408734005986,3036.8784422455087,96363.15042367356
2016-12-21,3048.1597997111235,3140.5282784902483,3017.370306784748,3078.9492926374983,36006.16709259777
2016-12-22,3260.2769659988753,3359.073237695811,3227.34487543323,3293.2090565645203,17516.857274283848
2016-12-23,3296.564263270977,3396.460150036764,3263.2656343490476,3329.8628921929057,7065.415587772574
2016-12-24,3644.5737328083883,3755.0153610753096,3607.7598567194145,3681.387608897362,9683.562811363348
2016-12-25,3732.482257412341,3845.58778036423,3694.7804164283775,3770.184098396304,81031.26904762567
2016-12-26,3475.2003504759996,3580.5094520055754,3440.0973166328076,3510.3033843191915,25277.297525571164
2016-12-27,3585.1336736293383,3693.774087981743,3548.920202178537,3621.34714508014,12700.706908691429
2016-12-28,3645.1715245649593,3755.6312677335945,3608.351610175414,3681.9914389545042,36669.08216722758
2016-12-29,3838.6940823682726,3955.0181454703416,3799.919394667583,3877.4687700689624,9755.649309496628
2016-12-30,3947.817614271052,4067.448451067145,3907.9406686723546,3987.69455986975,98799.02648338492
2016-12-31,3931.875381797563,4051.0231206399135,3892.159468850113,3971.5912947450133,85203.733722967
2017-01-01,74904.43342120973,77174.26473700396,74147.82298261164,75661.0438598078,13813.835326336215
2017-01-02,74390.51932498693,76644.77748635017,73639.09993786585,75141.938712108,11746.72494892144
2017-01-03,71971.27877256826,74152.22661416123,71244.29615870393,72698.26138643258,1606.586147260484
2017-01-04,70407.99508913074,72541.57069789228,69696.80321954357,71119.18695871792,5006.133944615239
2017-01-05,72171.23209808503,74358.23913136034,71442.22975365992,72900.23444251013,5770.593564694523
2017-01-06,77100.25156883949,79436.6228285013,76321.46114895222,77879.04198872676,25214.899303507525
2017-01-07,78433.07291564917,80809.83270097188,77640.81965387495,79225.32617742341,15895.102081415162
2017-01-08,74798.85118889483,77065.48304310377,74043.30723749186,75554.39514029781,5736.844001518794
2017-01-09,76241.28021841354,78551.62204321395,75471.1662768134,77011.39416001367,16627.877903753222
2017-01-10,80004.95079840225,82429.34324683869,79196.81998225677,80813.08161454773,36509.842021486606
2017-01-11,78173.5321742887,80542.42708866109,77383.90053616458,78963.16381241284,37340.70695818638
2017-01-12,77871.72866091764,80231.47801427878,77085.14554313058,78658.31177870468,3295.554503566324
2017-01-13,78034.28805848784,80398.9634541996,77246.06292658392,78822.51319039176,19374.95476513609
2017-01-14,75701.38024818836,77995.36146783043,74936.719841641,76466.04065473571,5522.90474634295
2017-01-15,77777.96126375561,80134.86918083912,76992.32529139445,78563.59723611678,54270.09931868575
2017-01-16,77518.3441889577,79867.38492195641,76735.33061129144,78301.35776662393,48249.77368807296
2017-01-17,78935.48012064991,81327.46436673022,78138.15203862314,79732.80820267668,8972.976906914877
2017-01-18,76251.69849450568,78562.35602464221,75481.4793177935,77021.91767121786,10238.954539194672
2017-01-19,75031.79850544025,77305.48936924148,74273.90155083984,75789.69546004066,13887.340510669324
2017-01-20,77312.40910258322,79655.20937841908,76531.4756773046,78093.34252786184,2315.096395709259
2017-01-21,76275.39254897612,78586.76808076327,75504.93403838041,77045.85105957184,30821.512207036198
2017-01-22,81658.79946462838,84133.30853931408,80833.96310639981,82483.63582285694,16766.79050975051
2017-01-23,80475.93521822884,82914.59992181153,79663.04698370128,81288.8234527564,58114.767394599825
2017-01-24,81319.91765842155,83784.15758746462,80498.50434874052,82141.33096810257,7343.646392982617
2017-01-25,84475.42592118592,87035.28731273701,83622.13879066888,85328.71305170294,11859.411511893208
2017-01-26,79809.45708400638,82227.92548049142,79003.30095184469,80615.61321616806,4882.803111151426
2017-01-27,74308.00345711558,76559.76113763424,73557.41756360936,75058.5893506218,8068.3916095022905
2017-01-28,69884.72647440346,72002.4454584763,69178.82014637919,70590.63280242775,6754.8632365301855
2017-01-29,73518.96735287261,75746.81484841421,72776.35152102541,74261.58318471981,59633.553858865904
2017-01-30,72006.36416345059,74188.37519870666,71279.02715169857,72733.70117520262,10957.047672292798
2017-01-31,79482.63888435604,81891.2036990335,78679.78394613022,80285.49382258186,24938.68982424904
2017-02-01,77807.94731766457,80165.76390304836,77022.00845586997,78593.88617945916,15051.555136057246
2017-02-02,78499.04156170352,80877.80039690666,77706.12194996914,79291.9611734379,6189.036714790698
2017-02-03,83458.95625441975,85988.01553485672,82615.93649427411,84301.97601456541,18614.564237658982
2017-02-04,90281.20143260839,93016.9954154147,89369.27010500628,91193.13276021049,40098.865930650856
2017-02-05,97861.22402101144,100826.71565801179,96872.72680867798,98849.72123334488,6582.965505096459
2017-02-06,102738.10379270297,105851.37966520913,101700.34516853426,103775.86241687169,49469.55905159628
2017-02-07,107100.62063107344,110346.09398353021,106018.79618025452,108182.44508189237,9417.068113522608
2017-02-08,109799.67172202338,113126.93450147864,108690.58412887163,110908.75931517514,13589.002079207688
2017-02-09,113382.92285537832,116818.76900251099,112237.6408063341,114528.20490442254,37447.04658718573
2017-02-10,111053.1953375228,114418.44368108411,109931.44588966903,112174.94478537657,11345.356755561896
2017-02-11,107585.23111350347,110845.38963209449,106498.51160730647,108671.95061970048,22869.852999408857
2017-02-12,107732.08728895613,110996.69599468207,106643.88438704748,108820.29019086478,16079.640269965379
2017-02-13,107160.31163552582,110407.59380629934,106077.884245268,108242.73902578367,25068.516289782325
2017-02-14,105378.32974266422,108571.6124621389,104313.90216950601,106442.75731582245,2037.0559739636615
2017-02-15,108471.76307994805,111758.78620358284,107376.08870540313,109567.43745449299,3534.46839881619
2017-02-16,112779.41633469202,116196.97440544027,111640.23031110928,113918.60235827477,40780.81405515708
2017-02-17,113347.40454063256,116782.17437519718,112202.48126244434,114492.32781882076,62142.25091946999
2017-02-18,120216.39364017648,123859.31465957577,119002.08663371006,121430.70064664292,8861.87189813742
2017-02-19,114906.72831226164,118388.75038233017,113746.05428890545,116067.40233561781,17256.974297120396
2017-02-20,114188.97740982784,117649.2494525499,113035.55339558717,115342.40142406854,29576.022249614212
2017-02-21,111086.13256497563,114452.37900633852,109964.05041785467,112208.2147120966,44056.03395469421
2017-02-22,102958.90840056074,106078.87532178986,101918.9194268177,103998.89737430378,2899.5844955973353
2017-02-23,102772.83823675461,105887.16666817143,101734.72875961567,103810.94771389355,9081.183032412562
2017-02-24,102426.5040147176,105530.33746970905,101391.8928630538,103461.11516638142,15794.55627593849
2017-02-25,108780.83841883023,112077.22746182508,107682.04207116527,109879.63476649518,44495.36018603947
2017-02-26,111688.81863366903,115073.32828923475,110560.64874848045,112816.9885188576,267916.4571172386
2017-02-27,107280.7432028396,110531.67481504686,106197.09933210385,108364.38707357536,17535.703353757508
2017-02-28,115398.00145697154,118894.91059203129,114232.36507861828,116563.63783532479,5393.892305530146
2017-03-01,121207.29238616684,124880.24064029311,119982.97630145808,122431.6084708756,32934.23842403173
2017-03-02,124211.28278641157,127975.26105266646,122956.6233643266,125465.94220849653,82536.49098835686
2017-03-03,123272.32449263669,127007.84947726205,122027.14949776158,124517.49948751181,24538.881068126568
2017-03-04,118726.34078256189,122324.10868506377,117527.08481506126,119925.59675006251,8895.950523746727
2017-03-05,117136.8003522401,120686.40036291405,115953.60034868211,118320.00035579808,57411.1573007203
2017-03-06,122413.80674077109,126123.31603594597,121177.30364237945,123650.30983916271,42768.00770336154
2017-03-07,131825.40280452155,135820.11198041614,130493.83307922336,133156.97252981976,7894.4807559357905
2017-03-08,140160.68889832645,144407.98250130605,138744.92436399992,141576.45343265298,32254.911897781163
2017-03-09,137630.23106266942,141800.84412517457,136240.02670850104,139020.4354168378,59710.64356488414
2017-03-10,131672.94816744904,135663.0375058566,130342.91838797985,133002.97794691822,71817.97289322279
2017-03-11,132612.49388918205,136631.05431006636,131272.97374888728,133952.01402947682,20610.398823971245
2017-03-12,123430.72644765214,127171.05149152038,122183.95143302939,124677.50146227489,15396.885902351716
2017-03-13,125211.42556637381,129005.71118959728,123946.663691966,126476.18744078164,75152.43692105632
2017-03-14,124659.98149481376,128437.5566916263,123400.78976254292,125919.17322708461,6567.1780392217925
2017-03-15,122523.12739910386,126235.94944150095,121285.52005163817,123760.73474656956,34152.097759666416
2017-03-16,114891.39180722367,118372.9491347153,113730.87269805979,116051.91091638754,5596.929219353902
2017-03-17,117424.05813797982,120982.36293003983,116237.95654062649,118610.15973533316,63919.27718518584
2017-03-18,115098.11845052236,118585.94022175032,113935.51119344638,116260.72570759835,17016.76790701588
2017-03-19,109884.55656684443,113214.39161432457,108774.61155101772,110994.50158267115,78321.9547696557
2017-03-20,97424.6930156884,100376.95644040624,96440.60520744912,98408.78082392768,36004.98774651257
2017-03-21,97463.60480809539,100417.04737803768,96479.12395144795,98448.08566474282,6481.970093654485
2017-03-22,104519.00138484099,107686.24385104829,103463.25389610522,105574.74887357675,91548.82651729436
2017-03-23,111621.10605275456,115003.56381192895,110493.62013302978,112748.59197247936,103906.3473763452
2017-03-24,109747.67412252437,113073.36121714633,108639.11175765039,110856.23648739836,53225.15982626777
2017-03-25,107268.64071557863,110519.20558574768,106185.11909218894,108352.16233896831,10284.694878163165
2017-03-26,109440.93476671696,112757.32672934476,108335.47077917436,110546.39875425956,16219.768347179332
2017-03-27,105234.5267399772,108423.45179270378,104171.55172240168,106297.50175755273,25474.34681191951
2017-03-28,106662.73564014558,109894.93975045302,105585.3342700431,107740.13701024806,10897.509988173799
2017-03-29,110091.21847210481,113427.31600156253,108979.18596228557,111203.25098192405,119652.45035259833
2017-03-30,115659.33824386622,119164.16667549853,114491.06209998878,116827.61438774366,25446.321461943735
2017-03-31,115369.47708290814,118865.52184299627,114204.12882954543,116534.82533627085,1475.352101093914
2017-04-01,114602.62193639524,118075.42866174056,113445.01969461347,115760.22417817701,30926.101428813185
2017-04-02,110749.76161102782,114105.81499318019,109631.07715031036,111868.44607174527,15550.41496623279
2017-04-03,107252.81416981408,110502.89944768725,106169.45241052304,108336.17592910514,20436.41104220683
2017-04-04,106442.07345080884,109667.59082810607,105366.90099170976,107517.24590990791,15235.456185303772
2017-04-05,108165.86241137788,111443.61581778327,107073.27794257608,109258.44688017968,49367.44197718812
2017-04-06,112280.85796428678,115683.30820562881,111146.70788383945,113415.00804473413,67486.83214881578
2017-04-07,108842.01438398343,112140.25724410414,107742.60009727653,109941.42867069034,29232.990503370613
2017-04-08,115503.96663329941,119004.08683430849,114337.25989962972,116670.6733669691,15688.587447933427
2017-04-09,114424.58852851651,117892.00030210792,113268.78460398605,115580.39245304698,21134.51563763464
2017-04-10,114498.42765675779,117968.07697968984,113341.87788244711,115654.97743106847,22462.43453282048
2017-04-11,111247.99280267528,114619.14409972605,110124.27570365835,112371.7099016922,9873.107838665564
2017-04-12,100627.19027080729,103676.49906689236,99610.75400544559,101643.62653616897,39297.98988446401
2017-04-13,104336.49122851969,107498.20308392939,103282.58727671647,105390.39518032293,34893.02822333026
2017-04-14,107568.18423759339,110827.82618418714,106481.63692206214,108654.73155312464,102789.78298686707
2017-04-15,106519.0607341416,109746.91105941863,105443.11062571593,107595.01084256728,77292.31256589238
2017-04-16,106964.2708563108,110205.61239741114,105883.82367594403,108044.71803667759,11095.834897355411
2017-04-17,109332.19975171103,112645.29671388409,108227.83409765335,110436.56540576872,50026.01126844938
2017-04-18,102662.73502148548,105773.72699183354,101625.73769803613,103699.73234493483,8510.420364709245
2017-04-19,100644.1693309453,103693.99264400425,99627.56155992566,101660.77710196495,44175.78648778787
2017-04-20,103992.65994131965,107143.95266681419,102942.22903282147,105043.09084981783,13139.599357012956
2017-04-21,98931.1731931663,101929.08753235315,97931.86841343733,99930.47797289524,7916.834943773849
2017-04-22,100241.25117813221,103278.86485019683,99228.71328744401,101253.78906882042,29145.195045339082
2017-04-23,94952.19475806187,97829.53399315466,93993.0816796976,95911.30783642613,1518.4310424720275
2017-04-24,96866.16507152008,99801.50340702069,95887.71895968654,97844.61118335361,3823.8935085262137
2017-04-25,96873.36617082248,99808.92272145346,95894.84732061216,97851.88502103281,18444.253106888045
2017-04-26,90760.14598742433,93510.4534415887,89843.37683603622,91676.91513881246,23919.319690675486
2017-04-27,95124.76276031868,98007.33132881319,94163.90657082052,96085.61894981685,15224.80416609951
2017-04-28,92472.33592571347,95274.52792346236,91538.27192646384,93406.3999249631,4539.461634444362
2017-04-29,89614.00700799315,92329.58297793234,88708.81501801343,90519.19899797288,9721.625907127283
2017-04-30,90467.3803963548,93208.81616594132,89553.56847315929,91381.1923195503,32572.033374929033
2017-05-01,94759.64994807848,97631.15449195965,93802.48176678475,95716.8181293722,39410.271947251604
2017-05-02,91051.43262396006,93810.56694589824,90131.721183314,91971.14406460612,21672.010806509854
2017-05-03,91412.65132060355,94182.73166365214,90489.29120625401,92336.01143495308,70040.84010942791
2017-05-04,93117.74042659406,95939.49013649084,92177.15718996178,94058.32366322631,32774.20406313064
2017-05-05,95839.0341582478,98743.24731455834,94870.96310614428,96807.1052103513,10431.072238740971
2017-05-06,96659.1922392111,99588.25867070234,95682.83676204734,97635.54771637484,16638.88902111659
2017-05-07,95385.11644936603,98275.57452358924,94421.63042462496,96348.6024741071,5416.11388992883
2017-05-08,92370.6025412827,95169.71170920036,91437.5661519768,93303.63893058858,19768.815682860837
2017-05-09,92827.44494038422,95640.39781736555,91889.79398139044,93765.095899378,66976.73633655826
2017-05-10,88985.72910365352,91682.26634921877,88086.88335513177,89884.57485217527,43708.159710212436
2017-05-11,78720.86758766587,81106.34842365574,77925.70730900257,79516.02786632915,89501.38024887056
2017-05-12,80213.60355053507,82644.31880964221,79403.3651308327,81023.84197023745,16270.594776794771
2017-05-13,83234.23879499703,85756.48845545149,82393.48890817889,84074.98868181519,84634.71417886749
2017-05-14,75492.0148493362,77779.65166295246,74729.46924479747,76254.56045387496,18154.899960844385
2017-05-15,72556.18865745848,74754.86104101784,71823.29786293869,73289.07945197826,95950.24766013146
2017-05-16,74461.96187522716,76718.38496235527,73709.82084618446,75214.10290426986,21550.2619855024
2017-05-17,80701.860787005,83147.37171994455,79886.69047602516,81517.03109798486,44677.77144493245
2017-05-18,80890.03721426816,83341.25046318538,80072.96613129576,81707.10829724057,96289.28881195885
2017-05-19,78655.84486976471,81039.35532036364,77861.34138623172,79450.34835329768,18152.659745687015
2017-05-20,78198.39367311838,80568.04196624318,77408.51090874345,78988.27643749332,27402.48516029784
2017-05-21,82616.21636268555,85119.73807064572,81781.70912669881,83450.72359867227,79926.55465853486
2017-05-22,80605.4560318257,83048.04560854769,79791.25950625169,81419.65255739969,19283.34089464267
2017-05-23,78149.59476975208,80517.76430822942,77360.20492359296,78938.98461591119,5878.798701145768
2017-05-24,76757.77073645676,79083.76378907666,75982.4397189168,77533.10175399673,187776.37790376972
2017-05-25,73945.89224259234,76186.67685600423,73198.96403812172,74692.82044706297,13769.833989056755
2017-05-26,74419.64971967286,76674.790620269,73667.93608614082,75171.36335320491,25816.16308549863
2017-05-27,79367.59926570847,81772.678031336,78565.90634383263,80169.29218758432,69982.93247043078
2017-05-28,80512.33171579622,82952.09934354763,79699.07583987908,81325.58759171335,11986.138022589192
2017-05-29,79820.39745845653,82239.19738144006,79014.13081746202,80626.66409945104,8039.579716808389
2017-05-30,79008.4283959364,81402.62319581326,78210.36346264412,79806.49332922869,28388.43993593416
2017-05-31,74186.73107540647,76434.81383526727,73437.37015545287,74936.09199536007,3666.246267011298
2017-06-01,76918.61227391071,79249.47931251407,76141.65659437625,77695.56795344516,16516.14924133294
2017-06-02,76794.50502522095,79121.61123810643,76018.80295425911,77570.20709618277,28142.57024620049
2017-06-03,76355.30215751131,78669.09919258741,75584.03647915261,77126.56783587001,16815.361173271638
2017-06-04,86222.26283731678,88835.05868087184,85351.3308894651,87093.19478516847,4705.790528963878
2017-06-05,87381.96230311353,90029.90055472303,86499.3162192437,88264.60838698337,108464.47252805337
2017-06-06,84885.31615859878,87457.59846643511,84027.88872265334,85742.74359454423,24429.29128858724
2017-06-07,83564.98415881557,86097.2564060524,82720.89340973661,84409.07490789451,92148.07912228728
2017-06-08,87529.12553490524,90181.52327838722,86644.99295374459,88413.2581160659,16982.92573545278
2017-06-09,88056.99762254163,90725.39148989138,87167.53300009172,88946.46224499155,9136.09214993796
2017-06-10,83123.06549828556,85641.94627096089,82283.43857406046,83962.69242251068,28830.263208224274
2017-06-11,86304.11517399755,88919.39139139141,85432.35643486625,87175.87391312883,17751.27944424571
2017-06-12,84127.02798231124,86676.33186056309,83277.26002289394,84976.79594172852,6783.432640744351
2017-06-13,90557.0175018469,93301.16954735741,89642.3001533434,91471.7348503504,95777.61366057799
2017-06-14,94605.09029168995,97471.91120961995,93649.48331904662,95560.69726433328,11822.145360915476
2017-06-15,93054.24079399764,95874.06627260364,92114.29896779565,93994.18262019964,3497.2548641461685
2017-06-16,97961.98235462663,100930.5272744638,96972.46738134757,98951.49732790569,83130.42624453144
2017-06-17,98374.81574115655,101355.87076361585,97381.13073367011,99368.50074864298,13302.429732614022
2017-06-18,101878.03609113059,104965.24930601334,100848.965019503,102907.10716275817,11994.171559276077
2017-06-19,104006.19824346257,107157.9012205372,102955.63058443769,105056.76590248744,3769.178729097803
2017-06-20,100641.15401908159,103690.88595905376,99624.57670575753,101657.73133240564,125610.54501238254
2017-06-21,98201.41183838157,101177.2121971204,97209.47838546861,99193.3452912945,6066.392631776789
2017-06-22,102394.45821312648,105497.32058322123,101360.17075642823,103428.74566982473,23352.27014150802
2017-06-23,101176.88435027943,104242.85054271214,100154.89561946853,102198.87308109034,54864.419592574224
2017-06-24,99695.05392146071,102716.11616150498,98688.03317477928,100702.07466814213,33581.041075774985
2017-06-25,96035.75662034936,98945.93106339025,95065.69847266906,97005.81476802965,20750.916388975787
2017-06-26,97807.03652599754,100770.88611769443,96819.08666209856,98794.9863898965,4017.1747728401356
2017-06-27,106022.92508527428,109235.74099694927,104951.9864480493,107093.86372249929,9801.347588470015
2017-06-28,101654.64098514039,104735.08465135677,100627.82642973494,102681.45554054585,26576.970206199854
2017-06-29,101905.60375353508,104993.65235212706,100876.2542206711,102934.95328639908,10024.886495970854
2017-06-30,107814.98969247587,111082.11059224787,106725.94939255186,108904.02999239987,26993.71823619653
2017-07-01,107633.25074596451,110894.86440493313,106546.04619297497,108720.45529895405,43553.41560951259
2017-07-02,109742.31050112948,113067.83506176977,108633.80231424938,110850.81868800957,57670.60549150302
2017-07-03,105243.34314926973,108432.53536591427,104180.27907705489,106306.40722148458,6462.817467580189
2017-07-04,107204.26699618135,110452.88114758079,106121.39561238153,108287.13837998116,198123.54009462328
2017-07-05,106562.56684658154,109791.7355389022,105486.17728247464,107638.95641068842,47452.25585110864
2017-07-06,110924.08743914406,114285.42342214842,109803.64211147593,112044.53276681218,21988.741389599025
2017-07-07,116358.8621386143,119884.88826402686,115183.52009681011,117534.20418041848,65482.39344195773
2017-07-08,128586.14758465468,132482.6975114624,127287.29760905211,129884.99756025725,234546.17879960922
2017-07-09,131760.33867626378,135753.07621190813,130429.42616438231,133091.25118814522,5225.364833261936
2017-07-10,133675.060504772,137725.8199140075,132324.80736836017,135025.31364118383,17583.871300805436
2017-07-11,134914.94642651026,139003.27813640452,133552.16918987886,136277.7236631417,2041.76179703749
2017-07-12,133211.4223871819,137248.13215649046,131865.85246407904,134556.99231028475,26706.21349940971
2017-07-13,135214.83609046717,139312.25536593588,133849.02966531095,136580.64251562342,31741.944066126416
2017-07-14,133819.9522144892,137875.10228159494,132468.23552545393,135171.66890352443,21180.53512797114
2017-07-15,134922.41973458714,139010.97790836252,133559.56700999534,136285.27245917893,11446.810703478734
2017-07-16,142235.7412738112,146545.9152518055,140799.01661447977,143672.46593314264,2836.951910428594
2017-07-17,136722.4417698742,140865.54606593098,135341.40700452193,138103.47653522645,32001.360081059574
2017-07-18,143161.40464047677,147499.62902352153,141715.3298461285,144607.479434825,94413.04054083151
2017-07-19,150918.54847197796,155491.83781961366,149394.1186894327,152442.9782545232,12197.442093440242
2017-07-20,150432.1770661372,154990.72788632318,148912.6601260752,151951.6940061992,34202.702110997765
2017-07-21,137890.01525668392,142068.50056749253,136497.1868197477,139282.84369362012,4591.011671855204
2017-07-22,134744.346956617,138827.50898560538,133383.2929469542,136105.4009662798,34794.446291165696
2017-07-23,141936.97080435872,146238.09113176353,140503.2640285571,143370.67758016032,14862.81451249958
2017-07-24,142020.04332093053,146323.68099732237,140585.49742879992,143454.58921306115,10276.161243700337
2017-07-25,136556.2355330629,140694.30327648905,135176.87961858753,137935.5914475383,10297.293356720656
2017-07-26,134003.86336498556,138064.58649725784,132650.28898756145,135357.43774240965,14859.407093299918
2017-07-27,138710.72240697648,142914.07763143032,137309.60399882522,140111.84081512777,32287.43149531068
2017-07-28,141952.3008189613,146253.88569226314,140518.43919452734,143386.16244339524,5930.339839136836
2017-07-29,140808.55082152403,145075.47660399447,139386.2422273672,142230.85941568084,14807.43455515592
2017-07-30,138953.68309441296,143164.40076394065,137550.11053790373,140357.2556509222,21131.671689810533
2017-07-31,136984.66411137904,141135.7145389966,135600.98063550654,138368.34758725157,7339.0213045833925
2017-08-01,132135.8991356884,136140.01729131534,130801.19308381276,133470.60518756404,132808.7233408886
2017-08-02,140872.06775119103,145140.9182891059,139449.11757188608,142295.017930496,9381.589837779482
2017-08-03,139267.1378137644,143487.3541111512,137860.3990479688,140673.87657956,11277.479893182273
2017-08-04,146256.4458589251,150688.45936980163,144779.10802196624,147733.78369588393,8280.77672359793
2017-08-05,155375.92167900587,160084.28294200607,153806.46792467247,156945.37543333927,133049.97481793244
2017-08-06,161813.52459840183,166716.96473774733,160179.04455195332,163448.00464485033,38288.51376911139
2017-08-07,159262.56472173255,164088.70304663354,157653.85194676553,160871.27749669953,8633.523568657249
2017-08-08,162073.42215450894,166984.73797737286,160436.31688022098,163710.52742879692,66584.79711073526
2017-08-09,162159.67369858554,167073.60320460328,160521.69719657963,163797.65020059145,26921.989745004004
2017-08-10,156541.15325486133,161284.8245656147,154959.9294846102,158122.37702511245,28488.432911321244
2017-08-11,158806.98802592835,163619.32099641103,157202.87703576748,160411.09901608925,15607.748852827932
2017-08-12,151555.60818809495,156148.20237561298,150024.74345892225,153086.47291726762,10410.643893340719
2017-08-13,158982.92048240735,163800.58473945002,157377.03239672648,160588.80856808825,30876.976838996474
2017-08-14,156266.7462698853,161002.1022174576,154688.2942873612,157845.1982524094,12770.751165978754
2017-08-15,157758.5289854509,162539.0904698585,156165.00849064835,159352.04948025342,135503.89029786584
2017-08-16,159782.8098947106,164624.71322485336,158168.84211799633,161396.77767142485,6190.114696056997
2017-08-17,158367.7415417865,163166.76401274974,156768.06738479875,159967.41569877425,102350.32565421792
2017-08-18,162321.8280467474,167240.67132089124,160682.21362203278,163961.442471462,19706.053488458165
2017-08-19,159481.82160125536,164314.6040740207,157870.89411033358,161092.74909217714,29705.447753709213
2017-08-20,165279.2875398465,170287.75079862974,163609.79978691877,166948.77529277425,50673.469400411224
2017-08-21,156628.70396738456,161375.0283300326,155046.59584650188,158210.81208826724,11728.190943587531
2017-08-22,157655.43381342752,162432.87120171322,156062.95468399895,159247.91294285608,52273.685844023
2017-08-23,170119.2246633464,175274.35268344783,168400.84865664592,171837.60067004687,1469.174775041777
2017-08-24,163567.37992640704,168523.96719690424,161915.18416957464,165219.57568323944,10721.544135882967
2017-08-25,159378.45223281468,164208.10230047576,157768.56887692766,160988.3355887017,8742.375190525274
2017-08-26,162893.75341792117,167829.9277639188,161248.3619692553,164539.14486658704,6288.601498095947
2017-08-27,164308.20406827287,169287.24055519022,162648.52523930042,165967.88289724532,17766.059775431426
2017-08-28,166859.12245053204,171915.45949448756,165173.67676921352,168544.56813185054,32394.695465678396
2017-08-29,170374.42454422914,175537.28589405428,168653.47076095408,172095.37832750418,44473.99869957705
2017-08-30,174955.59837912864,180257.28317849617,173188.3701126728,176722.8266455845,28025.68688043024
2017-08-31,182983.95977152442,188528.92824944938,181135.63694554943,184832.2825974994,11319.775677736507
2017-09-01,186258.04533650275,191902.228528518,184376.65093916433,188139.43973384117,31857.12808939256
2017-09-02,184739.98523763876,190338.1666084763,182873.9247806929,186606.0456945846,24941.43348307835
2017-09-03,189987.14544075192,195744.33166622923,188068.0833655928,191906.20751591102,56165.39887740274
2017-09-04,204710.2519783208,210913.59294736083,202642.47165530745,206778.03230133414,47903.15764968148
2017-09-05,203931.25785057608,210110.99293695716,201871.3461551157,205991.16954603643,22708.08741756659
2017-09-06,196287.67526080267,202235.78663234215,194304.9714702895,198270.37905131583,8979.92665653114
2017-09-07,205274.35840971442,211494.7935130391,203200.88004193953,207347.8367774893,11464.950114470894
2017-09-08,204593.82329952138,210793.6361267796,202527.21902376862,206660.4275752741,12710.842398143466
2017-09-09,187120.12326705278,192790.43003272105,185230.02101183005,189010.22552227555,16070.389016858142
2017-09-10,193743.58939945576,199614.60726004533,191786.58344592588,195700.5953529856,28797.689222920522
2017-09-11,189885.54861341848,195639.6561471584,187967.5127688385,191803.58445799846,45034.0608458592
2017-09-12,189482.73845721464,195224.6396225848,187568.77140209125,191396.70551233803,20928.79638263742
2017-09-13,192283.1442509064,198109.90619790356,190340.890268574,194225.39823323878,22384.516874804314
2017-09-14,194036.76406355115,199916.66600487087,192076.7967497779,195996.73137732438,25420.375208490783
2017-09-15,199834.2086039131,205889.79068281956,197815.68124427763,201852.7359635486,13148.917132380095
2017-09-16,196652.95694799436,202612.13746156995,194666.56344346915,198639.35045251955,8730.760359569962
2017-09-17,200984.08728095584,207074.51416825753,198953.9449851886,203014.22957672307,3806.868075675806
2017-09-18,199198.97332783695,205235.30585292293,197186.86248614165,201211.0841695323,10991.204509837453
2017-09-19,205384.58335889416,211608.358612194,203309.99160779422,207459.1751099941,35353.244640584875
2017-09-20,210748.14000659777,217134.447279525,208619.37091562204,212876.90909757352,10906.220155912164
2017-09-21,203178.58355476434,209335.51032915112,201126.27462996874,205230.89247955993,17364.67002291478
2017-09-22,212309.28375530645,218742.89841455815,210164.74553555588,214453.821975057,35116.67217464922
2017-09-23,208076.1470748918,214381.48486504005,205974.36781150906,210177.92633827456,37074.67853951171
2017-09-24,215113.76342671056,221632.36231842905,212940.89712947106,217286.62972395006,7483.584353475332
2017-09-25,218596.77632163654,225220.92105865583,216388.72807596345,220804.82456730964,59698.331830561896
2017-09-26,234997.51252749766,242118.64927075515,232623.80027974516,237371.22477525016,68005.92341138859
2017-09-27,233249.45079661295,240317.6159722679,230893.3957380613,235605.5058551646,7116.349361449212
2017-09-28,230340.2069388638,237320.21320973846,228013.53818190555,232666.875695822,9664.002031220805
2017-09-29,230506.792607718,237491.84692916402,228178.44116723601,232835.14404820002,72481.79335346373
2017-09-30,228057.15282364428,234967.975636482,225753.54521936504,230360.76042792352,19018.10080793968
2017-10-01,235696.5374561291,242838.8567729815,233315.76435051163,238077.31056174656,2392.8060902398634
2017-10-02,220811.72970782878,227502.99424442966,218581.3081956285,223042.15122002907,5433.3898247574325
2017-10-03,211836.32980101305,218255.6125222559,209696.56889393213,213976.090708094,17165.045812342887
2017-10-04,203106.1062213892,209260.83671294645,201054.5293908701,205157.68305190827,6884.015092387779
2017-10-05,211131.29636945637,217529.21444125808,208998.65701218913,213263.9357267236,14567.906881002285
2017-10-06,225894.55407161656,232739.8435889383,223612.79089917598,228176.31724405714,22751.724272016854
2017-10-07,225289.61551693795,232116.57356290577,223013.96283494867,227565.26819892722,95059.14958437523
2017-10-08,224106.19869587797,230897.2956260561,221842.49971915194,226369.897672604,16474.12230789474
2017-10-09,225070.32295335058,231890.63577011877,222796.88534776118,227343.76055893998,64378.937398840324
2017-10-10,235868.10142980123,243015.61965494673,233485.59535475273,238250.60750484973,91927.9283972444
2017-10-11,227472.58265728565,234365.69122265794,225174.87980216157,229770.28551240976,92439.50128419524
2017-10-12,229982.68785639448,236951.86021567916,227659.63040329958,232305.74530948937,29282.77076017612
2017-10-13,239298.80477172096,246550.28370419735,236881.64512756214,241715.96441587975,3092.4250012728203
2017-10-14,244454.2024166658,251861.90552020114,241984.96804882068,246923.4367845109,34920.34415402128
2017-10-15,246674.64463543115,254149.63386680785,244182.98155830556,249166.3077125567,62843.317753280324
2017-10-16,256921.96416829168,264707.4782339975,254326.7928130564,259517.13552352696,20311.304756108297
2017-10-17,229526.5571017234,236481.90731692713,227208.1070299888,231845.00717345797,126068.90103368096
2017-10-18,236094.46246682236,243248.84011733212,233709.66991665243,238479.25501699228,52043.41543696083
2017-10-19,230271.65828769904,237249.58732672024,227945.68194135866,232597.63463403945,38881.482078575755
2017-10-20,213755.35086012457,220232.78573467382,211596.2059019415,215914.49581830765,65276.065142543885
2017-10-21,218446.8755272976,225066.4778160036,216240.34143106226,220653.40962353293,30741.531940504443
2017-10-22,230777.40252987744,237770.65715199494,228446.31765583827,233108.4874039166,1821.0881765518623
2017-10-23,229854.76818617748,236820.06419181923,227533.00285096356,232176.5335213914,13371.235156707879
2017-10-24,238960.46066477033,246201.68674552097,236546.71863785345,241374.2026916872,72923.63139377527
2017-10-25,254729.7315657179,262448.8143404366,252156.70397414497,257302.7591572908,9822.281043878065
2017-10-26,268509.7383948004,276646.39713403676,265797.5188150549,271221.95797454583,17615.377035278747
2017-10-27,286526.36087272316,295208.9778688663,283632.1552073421,289420.5665381042,7747.795932532112
2017-10-28,295461.7139868496,304415.0992591783,292477.2522294067,298446.1757442925,131127.13073341493
2017-10-29,296796.4166475151,305790.24745501555,293798.4730450149,299794.3602500152,118360.7516953689
2017-10-30,278223.30276997003,286654.3119448176,275412.9663783542,281033.6391615859,9100.922899220297
2017-10-31,275902.22499871254,284262.898483522,273115.3338371094,278689.1161603157,25522.0483921866
2017-11-01,267009.9338613975,275101.1439784096,264312.86382239347,269707.0039004015,11153.470145010499
2017-11-02,290596.9796188286,299402.9486981871,287661.6565923758,293532.3026452814,40739.14240149527
2017-11-03,288988.39965423127,297745.62388617767,286069.3249102491,291907.4743982134,36668.856507038356
2017-11-04,290846.07265140687,299659.5900044798,287908.2335337159,293783.91176909785,49597.98920221246
2017-11-05,297698.23599022615,306719.39465659665,294691.18310143595,300705.2888790163,30696.945935791395
2017-11-06,298663.998199009,307714.42238685774,295647.1901363928,301680.80626162526,414739.63068938896
2017-11-07,319362.023031765,329039.66009333363,316136.14401124214,322587.9020522879,7879.945251032406
2017-11-08,311887.04367419466,321338.1662097763,308736.66949566745,315037.4178527219,3981.4312554809003
2017-11-09,314782.6959953419,324321.56557095837,311603.0728034698,317962.3191872141,14867.156530786715
2017-11-10,305906.19433280407,315176.0790095557,302816.2327738868,308996.15589172125,4591.728145301461
2017-11-11,290212.93111065694,299007.2623564344,287281.4873620645,293144.37485924945,4951.955014401991
2017-11-12,283546.518465942,292138.8372073342,280682.4122188113,286410.6247130727,8092.438173549392
2017-11-13,283551.77204931265,292144.2499902009,280687.6127356833,286415.9313629421,8758.772903141935
2017-11-14,279107.9234471234,287565.7393091574,276288.65149311203,281927.1954011347,8479.289145154798
2017-11-15,271796.1780585415,280032.4258784973,269050.7621185562,274541.59399852675,36983.1968929254
2017-11-16,256914.60385510986,264699.8948810223,254319.5068464724,259509.70086374733,13277.298005858453
2017-11-17,256445.93435009042,264217.02326979017,253855.5713768572,259036.29732332367,18406.983785185097
2017-11-18,241395.42636145564,248710.43928149977,238957.08872144093,243833.76400147035,53864.815737449535
2017-11-19,249096.48083753456,256644.85904473258,246580.35476846853,251612.60690660056,10236.115441633496
2017-11-20,250291.5436522749,257876.13588416204,247763.34624164586,252819.74106290395,16906.511140457915
2017-11-21,236074.4683776027,243228.24014662098,233689.87778792993,238459.05896727546,31753.555620342115
2017-11-22,233508.72534088607,240584.74732091292,231150.0513475438,235867.39933422836,3160.3314786288292
2017-11-23,226833.58508783983,233707.33009050167,224542.33675361922,229124.83342206044,2028.5864329866863
2017-11-24,230069.81540415314,237041.6279921578,227745.87787481825,232393.75293348802,31135.917297039996
2017-11-25,242750.80759425776,250106.89267287165,240298.7792347198,245202.83595379573,36026.6521335457
2017-11-26,224906.9485502482,231722.31062752847,222635.1611911548,227178.73590934163,173549.84615883633
2017-11-27,226279.11555166342,233136.05844716838,223993.46791982843,228564.7631834984,25799.099723600903
2017-11-28,225169.14593092553,231992.45338337784,222894.71011344143,227443.58174840963,49998.07167957574
2017-11-29,231553.5025155641,238570.27531906604,229214.57824773013,233892.42678339808,18115.57521626442
2017-11-30,233875.48980905526,240962.62586387512,231513.11112411533,236237.86849399522,29650.29108019949
2017-12-01,227191.6152124967,234076.2096128754,224896.75041237046,229486.48001262292,116687.74988251792
2017-12-02,224632.94747595536,231440.00649037823,222363.92780448106,226901.96714742965,2633.3371044994174
2017-12-03,217817.35151793566,224417.87732150947,215617.17625007773,220017.5267857936,33310.110802033836
2017-12-04,227518.99855097008,234413.51365857525,225220.82684843504,229817.17025350514,186388.17307969258
2017-12-05,228054.22924732897,234964.963466945,225750.65117412363,230357.8073205343,29203.2189212358
2017-12-06,245739.2936508641,253185.93891301152,243257.07856348163,248221.50873824657,114757.09582121292
2017-12-07,245511.63276977668,252951.37921734567,243031.7172872537,247991.5482522997,11740.361093771711
2017-12-08,238923.01613855752,246163.10753669564,236509.65233917817,241336.3799379369,21331.763943864207
2017-12-09,224814.95233254932,231627.52664565688,222544.09422818015,227085.81043691852,22777.41382833809
2017-12-10,208937.26434639178,215268.69659931277,206826.78692875145,211047.7417640321,2398.044567373082
2017-12-11,196011.26903153703,201951.00445673513,194031.35722313766,197991.1808399364,6848.75506326339
2017-12-12,198399.67928936056,204411.79078297756,196395.64212482158,200403.71645389957,7354.921210576413
2017-12-13,202734.51406650626,208877.98418973375,200686.69069209712,204782.33744091543,50114.520630946696
2017-12-14,190216.13869268753,195980.26410761746,188294.76355437757,192137.51383099752,52688.53220775391
2017-12-15,197311.4921841494,203290.6283109418,195318.4468085519,199304.53755974685,30455.9434933362
2017-12-16,193794.91954547746,199667.49286503738,191837.39510562413,195752.44398533076,50216.69885382123
2017-12-17,195223.52152269878,201139.3858112654,193251.56675984323,197195.47628555432,18691.994083196187
2017-12-18,208106.09234576527,214412.33756836422,206004.01060489897,210208.1740866316,73271.84220574673
2017-12-19,215883.760503757,222425.69264023448,213703.11645826447,218064.40454924948,22220.897249237478
2017-12-20,213888.7299012958,220370.20656497142,211728.23768007057,216049.222122521,23338.602946435247
2017-12-21,206584.9240684683,212845.07328266432,204498.20766373628,208671.6404732003,16888.82376960332
2017-12-22,189113.496602852,194844.20862112025,187203.25926342927,191023.73394227476,43671.47743160986
2017-12-23,183957.10289593705,189531.5605594503,182098.95034143265,185815.25545044147,14455.07992100008
2017-12-24,182679.48226754216,188215.22415443737,180834.23497191042,184524.7295631739,58479.49021886932
2017-12-25,175740.00369393968,181065.4583513318,173964.85214147563,177515.1552464037,7100.005653409819
2017-12-26,175080.92970421427,180386.4124225238,173312.43546477778,176849.4239436508,7339.923838083364
2017-12-27,175881.76306348827,181211.51345935155,174105.17959820048,177658.34652877602,43801.64948483271
2017-12-28,174563.6630474524,179853.47101858733,172800.39372374074,176326.93237116403,20160.001274750746
2017-12-29,170286.83528206995,175447.04241182964,168566.76623881672,172006.90432532318,13990.147122234534
2017-12-30,171691.05234878307,176893.8115108674,169956.79929475495,173425.30540281118,53640.39667354963
2017-12-31,174983.6791353173,180286.21486669054,173216.16722485956,176751.19104577505,12000.919920984152
2018-01-01,8380.703648107603,8634.664364716926,8296.050075904495,8465.35722031071,18030.11592429856
2018-01-02,8866.258949266672,9134.933462880814,8776.700778061957,8955.817120471385,89252.78914439343
2018-01-03,8844.594021284298,9112.612021929277,8755.254687735973,8933.933354832625,102656.35663008036
2018-01-04,8864.529602812283,9133.151711988414,8774.988899753573,8954.070305870993,106127.68358036927
2018-01-05,9128.945906020355,9405.580630445214,9036.73433121207,9221.157480828642,16611.89398779443
2018-01-06,9227.80002274802,9507.430326467658,9134.589921508143,9321.0101239879,75410.58320719152
2018-01-07,9593.455892866408,9884.166677498724,9496.552297988968,9690.359487743846,8527.46297315112
2018-01-08,9718.0265972913,10012.512251754673,9619.864712470175,9816.188482112424,8893.68830818148
2018-01-09,9494.536329349996,9782.249551451512,9398.631921982824,9590.440736717168,2099.6882228410004
2018-01-10,9646.070467974318,9938.37563367051,9548.635412742255,9743.505523206382,117344.3674078634
2018-01-11,9219.241030000914,9498.611970303973,9126.117383233228,9312.3646767686,9283.743612229038
2018-01-12,9273.103415293908,9554.106549090693,9179.435704028312,9366.771126559503,19408.519929217433
2018-01-13,9274.687264827435,9555.73839406463,9181.003555081703,9368.370974573167,8863.310842678
2018-01-14,9211.390545095013,9490.523591916073,9118.34619615466,9304.434894035367,44141.923156341094
2018-01-15,9177.847262210313,9455.963845913657,9085.141734309198,9270.552790111427,15128.964122191283
2018-01-16,8500.761108699082,8758.359930174813,8414.89483487384,8586.627382524326,5974.066376234153
2018-01-17,8326.929076158178,8579.260260284183,8242.81868144951,8411.039470866846,34257.56051132656
2018-01-18,8370.343986047816,8623.99077350381,8285.795056895819,8454.892915199815,5251.50496858798
2018-01-19,8436.421621602358,8692.070761650913,8351.205241586173,8521.638001618543,9533.75821052681
2018-01-20,8102.28022287912,8347.80386599667,8020.439008506603,8184.121437251636,2678.764300775775
2018-01-21,8524.638427492682,8782.96080408337,8438.530968629118,8610.745886356244,5303.073768770977
2018-01-22,8242.07228929324,8491.832055635461,8158.819033845835,8325.325544740648,26331.709326150914
2018-01-23,8574.04885085187,8833.868512998897,8487.442296802861,8660.65540490088,3088.571489599098
2018-01-24,8733.421337228003,8998.070468659154,8645.204960084286,8821.63771437172,5008.312321631031
2018-01-25,8520.770454174271,8778.97561945228,8434.70206574827,8606.838842600275,21974.348699522972
2018-01-26,9138.632273884368,9415.560524608138,9046.322856976445,9230.941690792291,12789.670141636265
2018-01-27,8716.011899335721,8980.133472042864,8627.971375100005,8804.052423571435,161463.86265544643
2018-01-28,9049.540265765077,9323.76875866705,8958.130768131086,9140.949763399069,137846.5716541922
2018-01-29,9425.306975217423,9710.9223381028,9330.101854255632,9520.512096179216,9247.213457171341
2018-01-30,9186.612882306976,9464.995090861732,9093.818812788722,9279.406951825227,38450.90910215679
2018-01-31,9712.074388179894,10006.379672670193,9613.972626683126,9810.17614967666,46596.586058342036
2018-02-01,9629.503685750557,9921.306827742997,9532.235971753076,9726.771399748037,12118.895704420931
2018-02-02,9755.146995967305,10050.757510996618,9656.610157624202,9853.68383431041,4936.730078103388
2018-02-03,9871.35882860021,10170.490914315367,9771.648133361825,9971.069523838596,21757.233385843723
2018-02-04,9833.13347560817,10131.107217293267,9733.808895046472,9932.45805616987,18530.148350040978
2018-02-05,10166.794614745882,10474.879300041213,10064.09971964744,10269.489509844327,14246.057817381263
2018-02-06,10504.734280706876,10823.059561940418,10398.625853629028,10610.842707784723,34279.982704125316
2018-02-07,9785.776831720448,10082.315523590765,9686.93060109701,9884.623062343888,10396.977241162736
2018-02-08,10311.014798145536,10623.469792028734,10206.863133517802,10415.166462773268,6960.47120163283
2018-02-09,9640.802140725385,9932.947660141306,9543.420300920077,9738.183980530692,24565.123457787326
2018-02-10,10053.44629022507,10358.096177807649,9951.896327697545,10154.996252752597,32401.827113061627
2018-02-11,10521.61724278108,10840.454128925961,10415.338280732787,10627.896204829374,6791.010668575364
2018-02-12,10078.25042050735,10383.651948401512,9976.449911209296,10180.050929805404,55719.78732258961
2018-02-13,9927.756225324963,10228.597323062084,9827.475859412589,10028.036591237336,3750.0290373354146
2018-02-14,9503.561203425665,9791.547906559776,9407.565635714294,9599.556771137035,12355.870105092925
2018-02-15,9436.115938620711,9722.058845851641,9340.8016362104,9531.430241031021,17017.397188748808
2018-02-16,9334.004223782773,9616.852836624676,9239.721352835473,9428.287094730074,11658.33072749208
2018-02-17,9639.099418171196,9931.19333993396,9541.734777583608,9736.464058758784,12518.208288286218
2018-02-18,10158.7659181923,10466.607309652674,10056.152121038842,10261.379715345758,143067.88005419663
2018-02-19,10741.141072254619,11066.630195656275,10632.6446977874,10849.637446721837,9406.120853354532
2018-02-20,10515.71974067146,10834.3779146312,10409.500349351547,10621.939131991374,253019.47030400764
2018-02-21,10443.488576765842,10759.957927576928,10337.998793162147,10548.978360369538,34102.52746492926
2018-02-22,9755.915108424959,10051.548899589352,9657.37051137016,9854.459705479756,24150.373802178125
2018-02-23,9456.068982801293,9742.616527734666,9360.553134490168,9551.584831112417,35462.82889034483
2018-02-24,9835.201230305018,10133.237631223352,9735.85576333224,9934.546697277796,276489.3962368352
2018-02-25,10485.537319103323,10803.280874227667,10379.62280072854,10591.451837478104,8155.167024374995
2018-02-26,9983.553178646376,10286.085093150812,9882.709207144899,10084.397150147855,7183.7878673820705
2018-02-27,9761.932570906338,10057.74870941865,9663.327191402233,9860.537950410442,10354.058044337064
2018-02-28,9766.264621006027,10062.212033763784,9667.615483420106,9864.913758591945,22745.967296283525
2018-03-01,9890.359138479933,10190.066991161142,9790.45652091953,9990.261756040336,3921.497500180647
2018-03-02,9584.90389431555,9875.355527476628,9488.086683261858,9681.721105369243,22524.057502586285
2018-03-03,9761.864624417476,10057.678703945277,9663.259931241542,9860.46931759341,119796.186676964
2018-03-04,9591.485198960956,9882.136265596137,9494.601510082563,9688.36888783935,25627.144240674297
2018-03-05,9600.327677070583,9891.246697587874,9503.354670231485,9697.30068390968,16437.40058802004
2018-03-06,9824.508480012493,10122.22085819469,9725.271020618427,9923.745939406559,11870.831685404411
2018-03-07,9841.76906850125,10140.00449481947,9742.35725972851,9941.18087727399,54095.793332247216
2018-03-08,9684.739355731412,9978.21630590509,9586.91370567352,9782.565005789305,9644.732850916214
2018-03-09,9656.80476949083,9949.435217051157,9559.26128697072,9754.34825201094,139580.3807786823
2018-03-10,9637.157822809051,9929.19290834872,9539.812794295827,9734.502851322273,152262.2660802363
2018-03-11,9508.979371897098,9797.130261954586,9412.929075211268,9605.029668582927,28474.11758328684
2018-03-12,9424.807384097756,9710.407607858295,9329.60730951091,9520.007458684602,21774.283836440023
2018-03-13,10041.622261459495,10345.913845140087,9940.191733565964,10143.052789353025,61738.302802175065
2018-03-14,10281.986343464976,10593.56168720634,10178.127895551188,10385.844791378764,65827.86462565056
2018-03-15,10175.884339190634,10484.24447068126,10073.097628693758,10278.67104968751,9838.005426497664
2018-03-16,10474.83326209905,10792.252451859627,10369.026865512189,10580.639658685908,13009.626557951067
2018-03-17,10350.677372198868,10664.334262265502,10246.125075509992,10455.229668887747,5870.250375482608
2018-03-18,10851.90877389865,11180.754494319823,10742.29353375826,10961.524014039042,33158.850332382935
2018-03-19,11028.639571008203,11362.840770129666,10917.23917130105,11140.039970715357,42900.03339941253
2018-03-20,10997.846663507955,11331.114744220318,10886.7573032705,11108.93602374541,5710.571368265249
2018-03-21,11211.300317451962,11551.036690708082,11098.054859699922,11324.545775204002,13971.867116532369
2018-03-22,10523.654695833608,10842.55332298008,10417.35515345145,10629.954238215765,5725.8488170470055
2018-03-23,10065.131707265149,10370.135698394397,9963.463710222068,10166.799704308232,8966.04720647989
2018-03-24,9599.548907305892,9890.444328739404,9502.583766828056,9696.51404778373,38216.2868181372
2018-03-25,9668.835799832683,9961.830824070037,9571.170791753566,9766.500807911802,10577.854888773467
2018-03-26,10353.395175563177,10667.134423307516,10248.815426315063,10457.97492481129,16304.135136348748
2018-03-27,11292.98655507949,11635.198268869777,11178.915983816061,11407.05712634292,4327.253274631131
2018-03-28,11598.146135313074,11949.60510911044,11480.993144047285,11715.299126578862,26555.448169015945
2018-03-29,11847.898050974843,12206.925264640748,11728.222313086208,11967.573788863478,21072.553277325907
2018-03-30,11012.119961324848,11345.82056621348,10900.88642636197,11123.353496287726,10625.804939840289
2018-03-31,10789.598581965276,11116.556114752102,10680.612737703,10898.584426227551,18232.95048431386
2018-04-01,10465.788161738847,10782.933257549115,10360.07312980209,10571.503193675602,26378.24458105232
2018-04-02,10221.580466220634,10531.325328833382,10118.332178683051,10324.828753758216,9751.065607440452
2018-04-03,10168.165014057484,10476.29122660468,10065.45627654175,10270.873751573215,5032.828625351363
2018-04-04,9991.405465754324,10294.17532835294,9890.482178221453,10092.328753287196,133997.23343156435
2018-04-05,9215.35309620275,9494.606220330106,9122.268721493632,9308.43747091187,11692.785367008935
2018-04-06,9504.866409622837,9792.892664459892,9408.857658010484,9600.875161235188,19995.047498822583
2018-04-07,9111.27254317681,9387.371711151865,9019.239487185127,9203.305599168496,60526.69189192745
2018-04-08,9212.13318735226,9491.288738484147,9119.081336974965,9305.185037729556,750920.5910735341
2018-04-09,9990.220418945924,10292.954371035195,9889.309101582834,10091.131736309015,6345.57849978349
2018-04-10,9637.811560785107,9929.866456566473,9540.459928857985,9735.163192712229,34538.406431134805
2018-04-11,8676.810904572889,8939.744568347825,8589.166349981242,8764.455459164534,10855.72331872942
2018-04-12,8590.561938883218,8850.881997637256,8503.788585965207,8677.335291801232,12851.42135413707
2018-04-13,8981.762259258165,9253.936873175078,8891.037387952527,9072.487130563803,10719.15898862091
2018-04-14,9698.811352840366,9992.714727168863,9600.843561397534,9796.779144283199,7146.26436127017
2018-04-15,9236.352787247413,9516.24226564885,9143.056294446933,9329.649280047892,21135.484529961308
2018-04-16,9433.714886626853,9719.585034706455,9338.424837266986,9529.00493598672,5041.693481955502
2018-04-17,9272.281211635629,9553.259430170043,9178.621805457491,9365.940617813767,56772.51328323631
2018-04-18,9246.894316052365,9527.103234720618,9153.491343162948,9340.297288941783,23271.924037019213
2018-04-19,10238.84319613535,10549.111171775818,10135.420537588529,10342.265854682173,33605.162262046
2018-04-20,9638.654360094273,9930.734795248645,9541.294215042817,9736.014505145731,13819.161023384939
2018-04-21,9750.940697418155,10046.42374885507,9652.446346939183,9849.435047897126,15257.036199946182
2018-04-22,9947.985043763169,10249.439135998417,9847.50034635142,10048.469741174918,29365.150854579937
2018-04-23,10394.962466177582,10709.961328789024,10289.962845307102,10499.962087048063,6877.079624253583
2018-04-24,10451.296157982753,10768.00210216405,10345.727509922322,10556.864806043186,15398.256467353822
2018-04-25,10595.754199019078,10916.837659595414,10488.726378826967,10702.78201921119,9324.368174414849
2018-04-26,10445.655352205637,10762.190362878535,10340.143681981337,10551.167022429936,9040.151294911811
2018-04-27,10573.772126203534,10894.189463361217,10466.966347150974,10680.577905256096,2670.8759249541017
2018-04-28,10444.479307729525,10760.978680691027,10338.979516742358,10549.979098716693,84063.4028950858
2018-04-29,10719.825816365832,11044.669022922373,10611.544747513652,10828.106885218012,11086.254059292916
2018-04-30,10577.419218197732,10897.947073294634,10470.576599832099,10684.261836563366,70500.56868089846
2018-05-01,10752.835305171067,11078.678799267162,10644.220807139036,10861.449803203099,64138.00195127961
2018-05-02,10756.378229484006,11082.329084922914,10647.727944337703,10865.028514630309,6087.545815261479
2018-05-03,11257.001692936661,11598.122956358984,11143.29460512922,11370.708780744102,7417.436299986476
2018-05-04,11250.745626138389,11591.677311778947,11137.10173092487,11364.389521351908,285073.68205289444
2018-05-05,10469.7042531104,10786.96801835617,10363.949664695143,10575.458841525657,126870.97979446773
2018-05-06,11013.886605614734,11347.640745178818,10902.635225760041,11125.13798546943,21343.051023241398
2018-05-07,10631.382121253419,10953.545215836857,10523.994423058939,10738.769819447898,28491.8427621778
2018-05-08,10369.311603867765,10683.533167621334,10264.571082616576,10474.052125118955,11721.190037977178
2018-05-09,10137.801668541564,10445.007779709491,10035.399631485589,10240.20370559754,33940.10777365854
2018-05-10,10710.359602814546,11034.915954414986,10602.174152281064,10818.545053348025,10751.688589114756
2018-05-11,9811.47158917196,10108.78891005596,9712.36581554396,9910.57736279996,2886.056267065967
2018-05-12,11057.626020234558,11392.705596605303,10945.932828110976,11169.31921235814,5874.8993884114725
2018-05-13,11541.311709295896,11891.048427759408,11424.732803141393,11657.8906154504,22495.998948091485
2018-05-14,11661.682472604216,12015.06678995586,11543.88770015367,11779.477245054764,7107.691343385882
2018-05-15,11653.5687401196,12006.70718678989,11535.855924562837,11771.281555676363,20593.330394294255
2018-05-16,11804.158054844776,12161.859814082498,11684.92413509887,11923.391974590684,7520.131929204105
2018-05-17,12067.920752347616,12433.615320600575,11946.022562929962,12189.818941765268,10073.324572955888
2018-05-18,12397.479055853131,12773.160239363831,12272.251994682898,12522.706117023365,51697.53117284069
2018-05-19,12691.599063661557,13076.192974681604,12563.401093321541,12819.797034001573,28211.37509171224
2018-05-20,12756.1133458707,13142.66223513951,12627.263716114432,12884.962975626971,21814.618090950902
2018-05-21,12674.556665612094,13058.634140327613,12546.53084070692,12802.582490517267,53048.61164813039
2018-05-22,12616.875628384127,12999.205192880616,12489.43244021863,12744.318816549623,35618.07787212441
2018-05-23,12537.435600540623,12917.357891466096,12410.794836898798,12664.076364182447,93579.18836837966
2018-05-24,13124.824536953014,13522.546492618258,12992.250551731267,13257.398522174763,13906.90471243075
2018-05-25,13456.12488706505,13863.886247279144,13320.204433660354,13592.04534046975,14333.647458439018
2018-05-26,11893.659607013678,12254.073534498943,11773.521631185258,12013.7975828421,5996.257080330498
2018-05-27,12223.542519305038,12593.952898677919,12100.07239284741,12347.012645762665,14343.028475664745
2018-05-28,12337.0924793317,12710.943766584178,12212.475383580875,12461.709575082526,57801.493550602594
2018-05-29,12346.365651712844,12720.49794418899,12221.654887554128,12471.07641587156,80820.61695230464
2018-05-30,12173.013564819483,12541.892763753407,12050.05383184151,12295.973297797458,57544.000951747614
2018-05-31,12738.62666071775,13124.645650436469,12609.953664144843,12867.299657290656,3662.1589643375405
2018-06-01,13240.542034794178,13641.770581303093,13106.799185957874,13374.284883630484,65065.20583019185
2018-06-02,12851.070077903481,13240.496443900558,12721.26128923779,12980.878866569174,3503.3725762291865
2018-06-03,13079.588981708666,13475.940162972565,12947.471921287368,13211.706042129967,54074.46321642059
2018-06-04,12590.853536416862,12972.394552671918,12463.673197665175,12718.033875168547,15248.180652283227
2018-06-05,11914.917006759983,12275.975097873921,11794.564309722002,12035.269703797961,44468.36488724406
2018-06-06,11634.098033562264,11986.646458821728,11516.58189180911,11751.614175315419,5811.253946424932
2018-06-07,12052.875988660815,12418.11465498387,11931.129766553131,12174.6222107685,71052.0248956568
2018-06-08,12530.471221587994,12910.182470727024,12403.900805208315,12657.04163796767,5089.960014901313
2018-06-09,12806.435012050197,13194.508800294143,12677.07708263555,12935.792941464846,11288.559849175688
2018-06-10,13197.080347439485,13596.99187311947,13063.776505546157,13330.384189332814,8118.538036916122
2018-06-11,13489.357821107034,13898.126239928459,13353.101681499893,13625.613960714176,3811.2600955383537
2018-06-12,13163.464866894015,13562.35774164838,13030.500575309228,13296.429158478804,24210.157792974787
2018-06-13,13410.633953875753,13817.016800962896,13275.173004846705,13546.0949029048,134066.2175688051
2018-06-14,13860.109871047522,14280.113200473204,13720.108761238962,14000.110980856083,317078.679481526
2018-06-15,14299.082464093883,14732.387993308848,14154.647287688893,14443.51764049887,24273.871091321933
2018-06-16,15000.545901445215,15455.107898458707,14849.02523577405,15152.066567116379,67284.23745614119
2018-06-17,15448.044495181774,15916.167055641828,15292.00364169509,15604.08534866846,27780.639547970895
2018-06-18,15688.38406383872,16163.789641530802,15529.915537941357,15846.85258973608,36274.96796976318
2018-06-19,16383.47375772314,16879.942659472326,16217.984123806746,16548.963391639536,15644.134742310905
2018-06-20,16390.668554162574,16887.355480046288,16225.10624553467,16556.23086279048,26771.06517026348
2018-06-21,15837.07395241017,16316.985284301387,15677.103508446431,15997.044396373909,37702.387660727174
2018-06-22,15757.52942065189,16235.030312186796,15598.362456806923,15916.69638449686,12351.592376633786
2018-06-23,15311.652701140507,15775.642176932644,15156.989542543128,15466.315859737886,20384.002889128926
2018-06-24,14921.096369881703,15373.250805332664,14770.378224731383,15071.814515032023,20776.33507096459
2018-06-25,14857.222933916788,15307.441810702147,14707.149974988335,15007.29589284524,50332.35134972506
2018-06-26,14408.582391374737,14845.206100204276,14263.041155098224,14554.12362765125,7585.30292508163
2018-06-27,14252.703702034683,14684.603814217553,14108.736997973727,14396.67040609564,20919.93458772846
2018-06-28,13194.51760663096,13594.351473498566,13061.239651008425,13327.795562253496,149045.2856150814
2018-06-29,13326.88168613354,13730.726585713344,13192.26671960694,13461.496652660142,70548.8144387277
2018-06-30,13347.514617763854,13751.984757696093,13212.691237786443,13482.337997741268,84895.7276499293
2018-07-01,12931.291791802847,13323.149118827176,12800.672682794739,13061.910900810957,22571.240715271804
2018-07-02,13291.684653529812,13694.46297636405,13157.425212585067,13425.944094474558,30363.53205031878
2018-07-03,13810.097644906062,14228.585452327457,13670.60170909893,13949.593580713194,60008.18008748583
2018-07-04,12942.790443494721,13334.996214509712,12812.055186489724,13073.525700499718,104846.80141090028
2018-07-05,12567.333150158225,12948.161427435747,12440.390391065719,12694.275909250733,3128.7757946825004
2018-07-06,12199.541423896562,12569.224497347974,12076.313732746092,12322.769115047033,5910.931386253749
2018-07-07,11759.185263375351,12115.524210750362,11640.405614250347,11877.964912500354,81588.54093742825
2018-07-08,12166.981974773793,12535.678398251786,12044.083166947794,12289.88078259979,16699.1090090693
2018-07-09,12090.901282268404,12457.292230215931,11968.770966285894,12213.031598250913,11251.75292153202
2018-07-10,11981.108720832546,12344.172621463837,11860.087420622116,12102.130021042976,6284.4839722799
2018-07-11,11038.74066993212,11373.247962960368,10927.238238922704,11150.243100941536,12644.571839352759
2018-07-12,11335.867375036169,11679.378507613023,11221.363664177217,11450.37108589512,5418.805683617535
2018-07-13,10790.948423800355,11117.946860885215,10681.94894477207,10899.947902828642,178277.08437424302
2018-07-14,10833.004043320325,11161.27689311791,10723.579760054463,10942.428326586187,21537.781436297846
2018-07-15,10969.4465690023,11301.85404079025,10858.644078406318,11080.249059598284,20786.301317888145
2018-07-16,11582.927609484035,11933.925415832036,11465.928340701368,11699.926878266702,39659.13832027067
2018-07-17,10993.903123425755,11327.051702923505,10882.853596926503,11104.952649925004,57661.51060074435
2018-07-18,9682.545013266867,9975.955468214348,9584.741528284374,9780.348498249361,56720.340057193695
2018-07-19,9768.27409049662,10064.282396269244,9669.604655239078,9866.94352575416,64448.51351271094
2018-07-20,10486.441970592441,10804.212939398274,10380.51831432383,10592.365626861052,11721.200026267756
2018-07-21,11021.857194939392,11355.852867513313,10910.525304081417,11133.189085797365,16352.452990027648
2018-07-22,11130.823426121058,11468.121105700484,11018.390866261248,11243.255985980866,47525.97370624492
2018-07-23,10928.62703837376,11259.797554688117,10818.236866268973,11039.017210478545,12998.781981981037
2018-07-24,11297.849652247038,11640.20873261816,11183.729958789998,11411.96934570408,21914.27145056219
2018-07-25,10874.837282974308,11204.3778067008,10764.990441732143,10984.684124216472,32819.02853518148
2018-07-26,11098.362068107946,11434.676070171825,10986.25740075332,11210.466735462573,48299.91512102165
2018-07-27,11339.405244852323,11683.023585605424,11224.865797934624,11453.944691770024,3723.126449214948
2018-07-28,11837.300344149091,12196.006415183912,11717.73165380415,11956.869034494031,45014.75707029225
2018-07-29,13161.733283798778,13560.573686338135,13028.786482952324,13294.68008464523,17435.71455391884
2018-07-30,13388.07085557691,13793.769972412576,13252.837816631689,13523.303894522132,44687.88482484646
2018-07-31,13135.591318504943,13533.63954027782,13002.908577913984,13268.274059095902,47902.917627837815
2018-08-01,13141.857356954462,13540.095458680356,13009.111323045832,13274.603390863094,109964.74144986592
2018-08-02,12231.612415162777,12602.267336834377,12108.060774605578,12355.164055719977,85259.39954168309
2018-08-03,11910.0613634173,12270.972313823886,11789.757713281773,12030.36501355283,84674.66002414965
2018-08-04,11732.943297346583,12088.487033629812,11614.428718585506,11851.45787610766,93308.85760689383
2018-08-05,11504.578734062052,11853.202332063933,11388.370868061424,11620.786600062678,29477.395218436486
2018-08-06,11591.946746996342,11943.217860541685,11474.856375814561,11709.037118178123,22746.921283801
2018-08-07,11227.996744723123,11568.239070320795,11114.582636190566,11341.41085325568,52723.5278242117
2018-08-08,11748.315887178367,12104.325459517106,11629.646029732121,11866.985744624613,45801.904464543004
2018-08-09,11766.03566757186,12122.582202952824,11647.18682244487,11884.884512698847,16170.336512368305
2018-08-10,11779.307604663745,12136.256319956587,11660.32469956613,11898.290509761358,33018.50394174604
2018-08-11,11642.481656960752,11995.28413141411,11524.880832142966,11760.082481778538,21266.823031484993
2018-08-12,11732.21756705257,12087.739311508709,11613.710318900523,11850.724815204616,9377.486961382101
2018-08-13,12137.025187614277,12504.813829663195,12014.428973597973,12259.621401630584,80054.32465408095
2018-08-14,11734.255474634716,12089.838973866072,11615.727641557596,11852.783307711834,23276.49291533427
2018-08-15,11442.95657725152,11789.712837168234,11327.371157279282,11558.541997223758,170878.53435910709
2018-08-16,11321.100061770501,11664.16370000597,11206.745515692011,11435.454607848991,4335.133695999876
2018-08-17,10728.612136068446,11053.721594737188,10620.242316512198,10836.981955624693,12622.310820734103
2018-08-18,10393.125061617447,10708.068245302826,10288.14400038899,10498.106122845908,22757.245033485604
2018-08-19,10210.737825381779,10520.154123120621,10107.59905946883,10313.876591294726,68691.5242769297
2018-08-20,10583.180279384173,10903.882712092785,10476.279468481302,10690.081090287043,32842.194082027796
2018-08-21,10710.204404972133,11034.756053607653,10602.020522093626,10818.38828785064,30045.637483928098
2018-08-22,10809.205212439065,11136.756885543278,10700.021321404327,10918.389103473803,7134.776517711648
2018-08-23,11193.320247774518,11532.511770434352,11080.256406887906,11306.384088661129,6926.144601208805
2018-08-24,11148.604371323621,11486.440867424337,11035.992205956716,11261.216536690526,30409.327326638344
2018-08-25,11339.452803191223,11683.072585106109,11224.912875886263,11453.992730496186,5630.164877233919
2018-08-26,11309.642854570382,11652.359304708878,11195.40403785755,11423.881671283214,12940.565252971288
2018-08-27,11446.65345480262,11793.52174131179,11331.030692632896,11562.276216972343,36348.83122540483
2018-08-28,11196.997978926192,11536.300947984562,11083.89698924007,11310.098968612316,8247.585152747059
2018-08-29,10121.496244206915,10428.208251607124,10019.258908406846,10223.733580006985,109683.69058850722
2018-08-30,10082.314247143468,10387.83892129933,9980.472689091514,10184.155805195422,74902.03541512598
2018-08-31,10671.221470622073,10994.59181821668,10563.431354757204,10779.011586486942,4575.997568323703
2018-09-01,11082.58229030086,11418.418117279674,10970.637014641256,11194.527565960465,8670.040636761738
2018-09-02,11527.170046369554,11876.478229592874,11410.733985295115,11643.606107443995,2239.981207948187
2018-09-03,12114.424362631182,12481.528131195764,11992.056439776321,12236.792285486043,10070.933046237842
2018-09-04,12175.557426370147,12544.513712017728,12052.571997820953,12298.54285491934,47400.51992820104
2018-09-05,12289.917911575369,12662.339666471591,12165.777326609961,12414.058496540776,14561.044513252375
2018-09-06,12004.717144730048,12368.49645214611,11883.45737559136,12125.976913868735,34919.379605003116
2018-09-07,11870.949611097876,12230.675356888722,11751.041029167594,11990.858193028158,4806.217550541089
2018-09-08,12181.147567150561,12550.27325100361,12058.10567253288,12304.189461768245,48921.64690879781
2018-09-09,12786.007047819265,13173.46180684409,12656.855461477655,12915.158634160873,12643.401936964457
2018-09-10,12733.867615845016,13119.742392082744,12605.24269043244,12862.492541257592,22296.15859471258
2018-09-11,12523.662397241085,12903.167318369604,12397.160756864912,12650.164037617258,20072.89142856841
2018-09-12,12542.71236997613,12922.794563005711,12416.018305632937,12669.406434319324,6176.15679459187
2018-09-13,12863.156971599348,13252.949607102359,12733.226093098345,12993.087850100352,6952.910780797249
2018-09-14,12139.550461291727,12507.415626785416,12016.928739460498,12262.172183122957,57976.58313796541
2018-09-15,11042.775605029008,11377.405168817766,10931.232417099423,11154.318792958595,32826.52503013007
2018-09-16,10816.161572787145,11143.924044689786,10706.907415486265,10925.415730088025,62947.04155051581
2018-09-17,10304.248901842466,10616.498868564964,10200.165579601633,10408.332224083299,30474.88666834981
2018-09-18,10110.265152251657,10416.636823532011,10008.141261824872,10212.389042678442,25412.352020206155
2018-09-19,10065.666621678876,10370.686822335812,9963.993221459898,10167.340021897855,3920.558438084407
2018-09-20,9898.275226330115,10198.222960461331,9798.292648286377,9998.257804373854,16808.387608950077
2018-09-21,10488.199575709632,10806.02380527659,10382.25816585398,10594.140985565286,21431.469958299083
2018-09-22,10641.01044713189,10963.465309166191,10533.525493120456,10748.495401143324,155298.94227639114
2018-09-23,10784.865994791153,11111.680115845431,10675.927954439727,10893.804035142579,43781.06216041994
2018-09-24,11069.460120563734,11404.898306035362,10957.64739207319,11181.272849054276,102340.54233696153
2018-09-25,10581.813599494519,10902.474617661019,10474.926593439019,10688.700605550019,40036.135224053134
2018-09-26,11037.513809634513,11371.983925077984,10926.023771153355,11149.00384811567,10815.080406183157
2018-09-27,11020.620105992475,11354.57829102255,10909.30071098245,11131.9395010025,24763.45399723095
2018-09-28,11332.715522993334,11676.131144902223,11218.243649023703,11447.187396962963,27895.583178536453
2018-09-29,10863.832472145548,11193.03951675602,10754.096790608724,10973.568153682372,8611.419327445585
2018-09-30,10204.93722340872,10514.177745330197,10101.857049434895,10308.017397382546,14997.107428775786
2018-10-01,10554.105133876661,10873.926501569893,10447.49801131225,10660.712256441071,17930.043744298408
2018-10-02,10728.84292005051,11053.959372173253,10620.47076934293,10837.215070758091,109712.63666507846
2018-10-03,10357.817407131022,10671.690661892568,10253.192988877174,10462.44182538487,2749.734043719441
2018-10-04,10013.04167717907,10316.467182548133,9911.899842056047,10114.18351230209,73557.18579519032
2018-10-05,10478.822255746523,10796.36232410248,10372.975566294539,10584.66894519851,8631.76916702851
2018-10-06,9995.995056561032,10298.903997668944,9895.025409525062,10096.964703597003,5585.452968721179
2018-10-07,10667.7950779576,10991.061595471467,10560.039572119644,10775.550583795555,71678.21392794266
2018-10-08,10299.491272967212,10611.597069117734,10195.456007583705,10403.52653835072,45793.52887744878
2018-10-09,10577.944992538114,10898.488780190784,10471.097063320556,10684.79292175567,77228.10331765554
2018-10-10,10454.767583626743,10771.578722524524,10349.163870660816,10560.37129659267,49055.22324726631
2018-10-11,10722.697111055413,11047.62732654194,10614.38703922657,10831.007182884256,172792.20108737945
2018-10-12,10505.406371179812,10823.752018791321,10399.291155309307,10611.521587050314,38511.94904563962
2018-10-13,10452.75625543119,10769.50644498971,10347.172858911683,10558.339651950697,18835.951262165392
2018-10-14,10485.544116477724,10803.28787758311,10379.629529442596,10591.458703512853,31036.72244292388
2018-10-15,10080.933201429354,10386.416025715092,9979.105593334107,10182.7608095246,76379.46286461467
2018-10-16,10394.782630838414,10709.776043894124,10289.784826486512,10499.780435190318,10103.373679622127
2018-10-17,10196.985066117893,10505.98461357601,10093.985216965188,10299.9849152706,11477.127461836091
2018-10-18,10119.039346803549,10425.676902767294,10016.826828148967,10221.25186545813,16172.054251352216
2018-10-19,9731.743487978434,10026.644805795962,9633.443048705924,9830.043927250943,2684.9495071480014
2018-10-20,8748.902147290033,9014.020394177609,8660.529398327508,8837.274896252558,25287.8268921472
2018-10-21,8695.174172414781,8958.664298851594,8607.344130269177,8783.004214560386,3340.4850368765483
2018-10-22,9547.34138575253,9836.654761078365,9450.903593977253,9643.77917752781,23226.73611623061
2018-10-23,9861.297797402669,10160.125003384568,9761.688728742036,9960.906866063302,52328.15052140502
2018-10-24,9868.492450488695,10167.53767626108,9768.810708564568,9968.174192412824,13672.25039896738
2018-10-25,9779.521742630646,10075.870886346727,9680.738694725287,9878.304790536007,117843.86746035713
2018-10-26,9802.979252733516,10100.039230089076,9703.959260281661,9901.999245185369,5112.782730245653
2018-10-27,10032.219615006075,10336.22627000626,9930.884063339348,10133.555166672804,72494.11619597292
2018-10-28,9573.421004932907,9863.524671749055,9476.719782660857,9670.122227204956,43266.634728216115
2018-10-29,10014.495965160122,10317.965539861943,9913.339440259515,10115.65249006073,3959.8710939636303
2018-10-30,10316.085040989354,10628.693678595093,10211.882161787442,10420.287920191267,331304.8737081662
2018-10-31,10627.913769415945,10949.971762428551,10520.56110507841,10735.26643375348,20666.198347469188
2018-11-01,10830.258933752099,11158.448598411254,10720.862378865713,10939.655488638484,9159.21703827812
2018-11-02,10855.002461442353,11183.94192997091,10745.355971932835,10964.648950951872,5393.300451745118
2018-11-03,11163.441380039678,11501.727482465123,11050.679345897863,11276.203414181493,17676.334187200548
2018-11-04,11444.453837705769,11791.255469151398,11328.85329389056,11560.054381520978,19391.55861868867
2018-11-05,11299.548415541005,11641.958973587702,11185.411562858772,11413.685268223237,24407.49481193839
2018-11-06,11057.240098000768,11392.307979758367,10945.55080408157,11168.929391919968,16353.608310921718
2018-11-07,11118.875938635956,11455.811573140078,11006.564060467916,11231.187816803997,41490.730097165266
2018-11-08,11824.488768180792,12182.806609640817,11705.049487694117,11943.928048667467,14948.5587178221
2018-11-09,11256.153193387347,11597.248744702116,11142.454676282425,11369.85171049227,3181.270367893293
2018-11-10,10612.289854918388,10933.874395976522,10505.095007899012,10719.484701937767,18970.463659428264
2018-11-11,10698.147881858451,11022.334181308708,10590.085782041699,10806.209981675203,2064.2502132972786
2018-11-12,10735.971270074184,11061.303732803706,10627.52711583101,10844.415424317358,31375.124071343253
2018-11-13,10826.514872122796,11154.591080368942,10717.156136040749,10935.873608204845,8272.563946023558
2018-11-14,10948.40116144131,11280.170893606199,10837.811250719682,11058.99107216294,25935.302614724806
2018-11-15,10867.07545022827,11196.380766901855,10757.307011337076,10976.843889119466,81967.24387701727
2018-11-16,11530.994399316627,11880.418472023191,11414.51970841444,11647.469090218816,8529.20388317439
2018-11-17,10809.890298529346,11137.462731818114,10700.69948743309,10919.081109625602,63656.47063949525
2018-11-18,10467.866655955844,10785.074736439356,10362.130629128007,10573.602682783681,14279.931419326147
2018-11-19,10440.334173506462,10756.707936339992,10334.876252561951,10545.792094450971,127159.15909889454
2018-11-20,9769.777062822068,10065.830913210617,9671.092446025885,9868.46167961825,15288.365401045763
2018-11-21,9715.709395343634,10010.124831566169,9617.570916602788,9813.847874084478,9504.370405572794
2018-11-22,10375.977411406524,10690.400969327933,10271.169558766054,10480.785264046994,43793.40220352507
2018-11-23,10400.210086754136,10715.367968170927,10295.157459615204,10505.262713893066,14245.698356082614
2018-11-24,10511.783917351417,10830.322823937824,10405.604281822614,10617.96355288022,9495.283549854375
2018-11-25,9997.688404757282,10300.648659446897,9896.701653194077,10098.675156320487,13659.085031546088
2018-11-26,9766.197365272572,10062.142739977802,9667.548907037495,9864.845823507649,21065.532812291054
2018-11-27,9634.276985281303,9926.22477271407,9536.961056137048,9731.592914425559,84303.62390347895
2018-11-28,9526.290190977024,9814.965651309662,9430.065037532813,9622.515344421237,3184.059565479622
2018-11-29,10028.95205477033,10332.859692793674,9927.649508762548,10130.254600778111,22540.763473308853
2018-11-30,10267.717759227939,10578.860721628786,10164.003438427655,10371.43208002822,41146.888706410435
2018-12-01,9826.633871743677,10124.41065573591,9727.374943746267,9925.892799741088,26727.50796757963
2018-12-02,9938.266310762758,10239.425895937387,9837.879782371216,10038.652839154302,81622.90249747325
2018-12-03,10151.232126963898,10458.845221720381,10048.694428711737,10253.769825216059,20448.292675631605
2018-12-04,10629.415677128909,10951.519182496451,10522.047842006394,10736.783512251423,18314.50335157381
2018-12-05,11317.368758730598,11660.31932717698,11203.051902581805,11431.685614879392,39828.16271784017
2018-12-06,10874.81700011823,11204.356909212722,10764.9703637534,10984.663636483061,24326.311344943628
2018-12-07,10538.412143715059,10857.757966251878,10431.963536202786,10644.860751227332,14907.075749354182
2018-12-08,10024.104810728513,10327.865562568772,9922.85122678176,10125.358394675266,36906.53961210514
2018-12-09,9945.307384125395,10246.680335159497,9844.849733780695,10045.765034470096,11469.787768652986
2018-12-10,10145.748440602778,10453.195363045286,10043.26613312194,10248.230748083613,11954.01934871791
2018-12-11,10561.656968545169,10881.707179713203,10454.97356482249,10668.340372267847,12990.920615341907
2018-12-12,10545.412707673097,10864.970668511676,10438.893387393571,10651.932027952624,85226.62467332256
2018-12-13,10426.31386128463,10742.262766172043,10320.997559655494,10531.630162913769,879.1747153847328
2018-12-14,10505.24439040231,10823.58512950541,10399.130810701276,10611.357970103343,32715.322815517262
2018-12-15,10170.06704568659,10478.25089555588,10067.33909573016,10272.79499564302,22794.437461734666
2018-12-16,11035.352102022884,11369.756711175092,10923.883898972146,11146.82030507362,4101.58818860827
2018-12-17,10342.260910378016,10655.662756147047,10237.793628455007,10446.728192301027,30023.232545962797
2018-12-18,10434.199712450538,10750.387582524798,10328.803755759118,10539.595669141958,35445.51443624398
2018-12-19,11294.439469251176,11636.695210743637,11180.354222087022,11408.52471641533,39721.15639306922
2018-12-20,11314.453145766382,11657.315362304758,11200.16574025359,11428.740551279174,1553.354301150239
2018-12-21,11245.417315189388,11586.187536861795,11131.827241298586,11359.00738908019,86369.45928922639
2018-12-22,11101.50052328587,11437.909630052109,10989.36415436379,11213.63689220795,10532.945549572023
2018-12-23,11038.048040091524,11372.534344336722,10926.552605343126,11149.543474839924,43764.03965705087
2018-12-24,11660.747808761498,12014.103802966392,11542.962477359868,11778.53314016313,46215.6507572298
2018-12-25,10646.5603730419,10969.183414649231,10539.01935917279,10754.10138691101,9166.42759756396
2018-12-26,11315.561992757799,11658.457810720158,11201.263386770346,11429.860598745252,42636.243304841206
2018-12-27,10688.020318403716,11011.899721991707,10580.06051720772,10795.980119599713,14980.531829646588
2018-12-28,10590.052928369038,10910.9636231681,10483.08269676935,10697.023159968725,2775.6016699026313
2018-12-29,10424.109162554796,10739.99125838979,10318.815130609797,10529.403194499793,70809.03790270757
2018-12-30,10685.151067581368,11008.943524174743,10577.22024871691,10793.081886445827,10147.219813845228
2018-12-31,10018.130789196404,10321.710510081144,9916.937548901491,10119.324029491318,9372.231843975907
2019-01-01,10218.362234020218,10528.009574445074,10115.146453878599,10321.578014161836,14719.584013973632
2019-01-02,11061.094937553571,11396.279632630953,10949.366705861112,11172.823169246032,28918.497617686997
2019-01-03,10474.558696711656,10791.96956630898,10368.755073512548,10580.362319910764,20800.443533289377
2019-01-04,10569.754070267256,10890.049648154143,10462.988877638292,10676.519262896218,38103.70973346314
2019-01-05,10305.729148644252,10618.023971330442,10201.630874415523,10409.827422872982,5770.480510809006
2019-01-06,10496.750870163147,10814.83422986506,10390.723083595843,10602.778656730452,10484.084555121624
2019-01-07,10520.53557443841,10839.339682754728,10414.267538332972,10626.80361054385,19614.079470718694
2019-01-08,10266.364943914581,10577.466911911992,10162.664287915444,10370.065599913718,146955.82239361398
2019-01-09,10482.111488230768,10799.751230298367,10376.231574208236,10587.991402253301,19656.973927531617
2019-01-10,11254.369777477637,11595.411285886052,11140.689274674833,11368.050280280442,65200.49002853848
2019-01-11,11185.311257582991,11524.260083570354,11072.328315587203,11298.294199578779,22892.283525020637
2019-01-12,11524.117888991159,11873.333582596952,11407.712657789227,11640.52312019309,13579.836517471587
2019-01-13,10945.25086465858,11276.925133284598,10834.692775116573,11055.808954200586,17210.51091534602
2019-01-14,10542.93129774124,10862.414064339458,10436.4370422085,10649.425553273979,18612.343859998873
2019-01-15,10757.967571980429,11083.96658931317,10649.301232869517,10866.633911091343,40281.425620153204
2019-01-16,11412.747407660254,11758.588238195412,11297.467130815201,11528.027684505307,87082.50378001486
2019-01-17,11592.20754175106,11943.48655816776,11475.114536278828,11709.300547223294,31561.10691465979
2019-01-18,11464.434506566238,11811.841612825821,11348.632137813045,11580.236875319433,72191.50644837902
2019-01-19,11481.306212881462,11829.224582968778,11365.333422852356,11597.279002910567,8393.478064521621
2019-01-20,10924.275608814321,11255.314263626877,10813.92939054347,11034.621827085173,14550.337834353128
2019-01-21,11204.817703621877,11544.35763403466,11091.637726817617,11317.997680426139,10675.401683206712
2019-01-22,11617.0801748658,11969.112907437491,11499.735930675237,11734.424419056364,30165.21115573877
2019-01-23,11424.427009415951,11770.621767277042,11309.028756795587,11539.825262036315,15383.358924417213
2019-01-24,11226.765161592975,11566.970166489731,11113.363493294057,11340.166829891894,45696.314907526415
2019-01-25,11363.003407170707,11707.336843751638,11248.225594977064,11477.781219364351,8681.92266549905
2019-01-26,11181.549998337145,11520.384846771603,11068.605048858992,11294.494947815298,22994.974552534255
2019-01-27,11168.743717856274,11507.190497185253,11055.928124746613,11281.559310965933,43776.74025973363
2019-01-28,12123.547015113036,12490.92722769222,12001.086944253308,12246.007085972764,2792.5131080705396
2019-01-29,12021.939227758292,12386.24041647824,11900.505498184977,12143.372957331609,183805.1130979057
2019-01-30,11867.654395381336,12227.280286150468,11747.779098458293,11987.52969230438,16594.85713369655
2019-01-31,11578.063782740837,11928.914200399651,11461.113643521234,11695.013921960443,2907.2418310770263
2019-02-01,11940.082962920145,12301.90365876621,11819.47606430479,12060.6898615355,25799.074510410413
2019-02-02,11871.439820840096,12231.180421471614,11751.526287296256,11991.353354383935,22775.563593592942
2019-02-03,11580.887262743,11931.823240401878,11463.908603523374,11697.865921962626,20294.508687427842
2019-02-04,12210.333515139575,12580.343621658956,12086.996812966447,12333.670217312701,59349.0333678252
2019-02-05,12922.002061180514,13313.577881216288,12791.476787835256,13052.527334525772,46511.03947332221
2019-02-06,12631.03808211001,13013.79681187092,12503.451838856372,12758.624325363646,29669.539458089777
2019-02-07,11706.931150936545,12061.686640358865,11588.679321129104,11825.182980743984,34549.75140503556
2019-02-08,12196.287283684824,12565.87174682679,12073.092462637502,12319.482104732146,19843.69395114557
2019-02-09,11880.584033092427,12240.601731064926,11760.57813376826,12000.589932416593,130026.14820367542
2019-02-10,12274.128663924761,12646.071956770968,12150.147566309359,12398.109761540163,5018.086584911211
2019-02-11,11325.28754732527,11668.478079062399,11210.890703412893,11439.684391237646,25327.642677505304
2019-02-12,11746.63233945493,12102.59089519599,11627.979487541244,11865.285191368617,23506.320729710624
2019-02-13,11195.16463383893,11534.412046985562,11082.082162790051,11308.247104887807,49676.159360698155
2019-02-14,11539.198365647768,11888.87104339467,11422.6408063988,11655.755924896735,9472.480862560336
2019-02-15,11563.09515363828,11913.491976475803,11446.296212692438,11679.89409458412,3851.921515087924
2019-02-16,11139.220105277142,11476.77222967948,11026.702730476363,11251.737480077922,25766.3077444159
2019-02-17,10974.56625221378,11307.12886591723,10863.712047645966,11085.420456781598,29179.75693575088
2019-02-18,11292.30999663164,11634.501208650781,11178.246259291926,11406.373733971353,97694.3893885252
2019-02-19,11357.080181286628,11701.234126174102,11242.36219965747,11471.798162915786,6183.4889964270305
2019-02-20,11639.604804686986,11992.320101798714,11522.033038983076,11757.176570390895,69891.11197590706
2019-02-21,12577.263704842208,12958.392908019245,12450.220637116528,12704.306772567887,235017.28979769917
2019-02-22,11809.174430456378,12167.02820107627,11689.889840249749,11928.45902066301,15096.755202767752
2019-02-23,12590.806007659343,12972.345583649021,12463.626148996118,12717.98586632257,6057.532273331965
2019-02-24,12662.24923127492,13045.953753434767,12534.347723888304,12790.150738661536,14662.164828829982
2019-02-25,12226.017500123364,12596.502878914982,12102.522373859492,12349.512626387237,22337.115974849956
2019-02-26,11593.779019616051,11945.105656574113,11476.67014063003,11710.887898602072,38707.469665560464
2019-02-27,11523.464887394583,11872.660793073206,11407.066252168373,11639.86352262079,12192.853375199997
2019-02-28,11965.574192854667,12328.1673502139,11844.709807068257,12086.438578641078,104317.92999740709
2019-03-01,11922.47461561952,12283.761725183747,11802.04557909811,12042.903652140929,7226.193466342591
2019-03-02,12661.026579388637,13044.694051491324,12533.137422021076,12788.9157367562,3869.1682785666035
2019-03-03,11945.083159933503,12307.055376901186,11824.42575427761,12065.740565589398,66616.68990362712
2019-03-04,11957.224645179916,12319.564785942945,11836.444598258906,12078.004692100925,2265.110831147158
2019-03-05,11376.154491787753,11720.88644608435,11261.243840355553,11491.065143219952,17959.423300567996
2019-03-06,11558.688022520686,11908.951295930403,11441.93359805078,11675.442446990592,497664.34821965423
2019-03-07,11986.076240684159,12349.290672220042,11865.00476350553,12107.147717862787,21762.779932046225
2019-03-08,11802.324037516062,12159.970220471094,11683.108643197718,11921.539431834406,7181.275907890363
2019-03-09,10590.596491616221,10911.523658028835,10483.620769478684,10697.57221375376,20797.80094314959
2019-03-10,10690.761568172706,11014.724039935516,10582.774077585103,10798.74905876031,20935.45079668489
2019-03-11,10893.560419493446,11223.668310993247,10783.524455660177,11003.596383326712,25865.102371687048
2019-03-12,11086.069133741068,11422.010622642314,10974.088637440653,11198.049630041483,42713.187067527964
2019-03-13,11650.696909953138,12003.74833146687,11533.013102781895,11768.380717124382,7792.280410372096
2019-03-14,11169.032083482825,11507.487601164123,11056.213577589058,11281.85058937659,119079.6713524048
2019-03-15,11489.67985182716,11837.851968549197,11373.622479586482,11605.73722406784,28144.698469439754
2019-03-16,12054.975553175731,12420.277842665904,11933.208123345672,12176.742983005788,45560.39313167773
2019-03-17,11215.424822730274,11555.286180994828,11102.137703308757,11328.711942151793,11752.84479221733
2019-03-18,11375.64920088608,11720.365843337175,11260.743653402384,11490.55474836978,79728.47968290973
2019-03-19,11163.297759019199,11501.57950929251,11050.537175594762,11276.058342443635,17033.67576917277
2019-03-20,11143.640230699933,11481.3262982969,11031.07820816761,11256.202253232255,29072.631533774893
2019-03-21,11315.330957015027,11658.21977389427,11201.034684721944,11429.627229308107,8663.671936331457
2019-03-22,11111.777855264305,11448.498396332921,10999.5376749081,11224.018035620511,8127.985400333784
2019-03-23,10828.112799221155,11156.237429500585,10718.737922461345,10937.487675980965,43835.76459559585
2019-03-24,10859.147217577045,11188.21228477635,10749.458861843945,10968.835573310147,14134.77242359572
2019-03-25,10403.173389930455,10718.421068413196,10298.090830436207,10508.255949424702,9378.516862513394
2019-03-26,9966.937066537901,10268.965462493596,9866.26093455267,10067.613198523133,11577.47475665563
2019-03-27,10252.738302374299,10563.427341840186,10149.175289219002,10356.301315529594,44309.44203089648
2019-03-28,9796.986025595446,10093.86439000743,9698.026570791453,9895.945480399441,11742.40747997684
2019-03-29,10072.795675037325,10378.031907614213,9971.050264178362,10174.541085896288,19581.589026770816
2019-03-30,10274.288371508648,10585.630443372547,10170.507680887347,10378.069062129947,22359.97368269933
2019-03-31,9580.442363862527,9870.758799131088,9483.670218773006,9677.214508952047,3237.8056602695856
2019-04-01,9335.158263428628,9618.04184716889,9240.863735515206,9429.452791342048,5058.744427468242
2019-04-02,9795.04901127559,10091.868678283943,9696.109122272806,9893.988900278375,30831.059594974056
2019-04-03,9425.319006165006,9710.934733624552,9330.113763678492,9520.524248651522,10540.39859610231
2019-04-04,9264.370651870704,9545.109156472847,9170.791150336658,9357.950153404752,63368.67361405758
2019-04-05,9449.495343001314,9735.843686728627,9354.04589509221,9544.944790910418,57919.36735435481
2019-04-06,9759.775384784509,10055.526154020403,9661.19179503921,9858.358974529807,45214.2990454658
2019-04-07,9676.216526728358,9969.43520935649,9578.476965852313,9773.956087604402,135913.20837869195
2019-04-08,9459.465330687895,9746.115795254194,9363.915175832462,9555.015485543328,20270.272284903105
2019-04-09,10011.848864450021,10315.238223978811,9910.719077940425,10112.978650959618,42145.44646425302
2019-04-10,10723.25066272207,11048.197652501527,10614.93499946225,10831.566325981888,12278.426071384718
2019-04-11,11159.197148386422,11497.354637731465,11046.477985271407,11271.916311501436,255855.96102533067
2019-04-12,11214.01922303769,11553.837987372166,11100.746301592864,11327.292144482515,160112.76903671984
2019-04-13,10868.283958280095,11197.625896409794,10758.503312236862,10978.064604323328,22289.71041327443
2019-04-14,10523.56615933663,10842.462103558952,10417.267511262522,10629.864807410737,32421.797240049546
2019-04-15,10759.299978813666,11085.33937211105,10650.620181047872,10867.979776579461,85759.11007825816
2019-04-16,10955.505807547617,11287.490832018759,10844.844132723903,11066.167482371331,19012.662721427627
2019-04-17,11586.147927253945,11937.243318988914,11469.116130008957,11703.179724498936,11422.906142921687
2019-04-18,11904.975588801617,12265.732424825908,11784.723310126852,12025.22786747638,52785.39127464848
2019-04-19,11207.067680166452,11546.675791686648,11093.864976326386,11320.270384006517,23823.77346247004
2019-04-20,11695.448207599125,12049.855729041525,11577.312367118326,11813.584048079925,26449.550680707107
2019-04-21,11246.08072491854,11586.871049916072,11132.483949919364,11359.677499917718,9563.687533480344
2019-04-22,11090.222969188886,11426.29033189158,10978.200514954655,11202.245423423117,3953.3865762087103
2019-04-23,11217.849346613404,11557.784175298659,11104.537737051653,11331.160956175156,27893.31713424176
2019-04-24,12130.16001048655,12497.74061686493,12007.633141693756,12252.686879279343,54445.85722770419
2019-04-25,13657.307638659333,14071.165445891435,13519.355036248631,13795.260241070033,17574.306403044244
2019-04-26,14009.241738920977,14433.764215857977,13867.734246608645,14150.74923123331,92635.66702764385
2019-04-27,13927.597772833087,14349.646190191666,13786.914967046894,14068.28057861928,10895.26613765697
2019-04-28,14246.264356666114,14677.969337171147,14102.36269649777,14390.166016834459,7671.715592499764
2019-04-29,14773.464707386222,15221.145456094895,14624.237791149997,14922.691623622446,20594.30155164796
2019-04-30,14606.13003048848,15048.740031412373,14458.59336351385,14753.666697463112,20280.344092535102
2019-05-01,15676.882845400807,16151.939901322045,15518.530493427063,15835.235197374554,47570.530023558866
2019-05-02,15844.669863188752,16324.811374194473,15684.62269285351,16004.717033523992,10148.053330080644
2019-05-03,16183.89986491701,16674.321072944796,16020.426128907746,16347.373600926272,86516.82968391423
2019-05-04,16639.26577122915,17143.485946114884,16471.192379600576,16807.33916285773,157458.46095723353
2019-05-05,16944.82033627022,17458.29974039962,16773.660534893752,17115.980137646686,21180.918255004002
2019-05-06,17538.865408905753,18070.346178872594,17361.70515225014,17716.025665561367,76857.66011481086
2019-05-07,17132.136884536525,17651.2925477043,16959.084996813934,17305.188772259116,7657.9754740498465
2019-05-08,16775.239007004122,17283.579582973944,16605.792148347515,16944.68586566073,64551.687675817055
2019-05-09,16062.18785740793,16548.920822783926,15899.94353561593,16224.432179199928,62772.7542352734
2019-05-10,16368.655192385402,16864.67504670011,16203.315240947166,16533.99514382364,52231.30361227863
2019-05-11,16903.213896884066,17415.432499819948,16732.474362572106,17073.953431196027,21686.319677798278
2019-05-12,17238.082024639592,17760.448146598366,17063.959983986668,17412.204065292517,1147.9707055702393
2019-05-13,18418.540664303877,18976.678260191875,18232.49479900788,18604.586529599877,11594.346137639188
2019-05-14,18442.045655285896,19000.895523627893,18255.762365838564,18628.328944733228,11779.122718461807
2019-05-15,18963.027289529968,19537.664480121784,18771.481559332693,19154.57301972724,8281.215713798661
2019-05-16,18163.393690214914,18713.799559615367,17979.925067081433,18346.8623133484,24890.53785843663
2019-05-17,17909.397009013934,18452.106009287083,17728.494008922884,18090.300009104983,14487.428530886906
2019-05-18,18434.52757792765,18993.14962574364,18248.32022865565,18620.734927199646,9656.51397800943
2019-05-19,19088.291220373383,19666.724287657424,18895.48019794537,19281.102242801397,7640.358856107533
2019-05-20,18892.470588956818,19464.969697713088,18701.637552704728,19083.303625208908,10769.647227581592
2019-05-21,18866.70182444346,19438.420061547808,18676.12907874201,19057.27457014491,67609.19083248763
2019-05-22,17749.51102174902,18287.37499210505,17570.223031630343,17928.799011867697,11372.744578800062
2019-05-23,17522.651538889517,18053.640979461925,17345.655058698714,17699.64801908032,13161.633108449494
2019-05-24,18173.010472615904,18723.70775966487,17989.44471026625,18356.57623496556,13950.943020167671
2019-05-25,18618.398259589063,19182.592146243278,18430.333630704325,18806.4628884738,30914.898964279964
2019-05-26,19019.189608802437,19595.52868785706,18827.076582450896,19211.302635153977,34760.93537461136
2019-05-27,19085.5846009766,19663.935649491043,18892.80091813845,19278.368283814747,1048.7386766816032
2019-05-28,19119.60515833999,19698.98713283514,18926.47783350827,19312.732483171705,61183.6461994362
2019-05-29,18643.2813875,19208.229308333335,18454.965413888887,18831.59736111111,92629.97146956433
2019-05-30,19192.38450475797,19773.97191399306,18998.52203501294,19386.246974503,7706.454185390996
2019-05-31,19544.352066107953,20136.605159020317,19346.934368470498,19741.769763745408,8330.691586176003
2019-06-01,19958.3161777404,20563.113637671926,19756.717024429887,20159.915331050906,14041.136368357806
2019-06-02,19568.30286358831,20161.281738242502,19370.64323870358,19765.96248847304,10342.28365999716
2019-06-03,17912.16466087553,18454.95752938691,17731.23370470507,18093.09561704599,27554.6579792472
2019-06-04,18725.128109109173,19292.556233627634,18535.985400936355,18914.270817281995,3144.702951502391
2019-06-05,18394.56409298495,18951.975126105706,18208.76041527803,18580.367770691868,7201.700026774803
2019-06-06,17787.340575541817,18326.35089601278,17607.670468718163,17967.01068236547,102661.98793370974
2019-06-07,18307.42740993195,18862.197937505643,18122.503900740714,18492.35091912318,8706.107176218673
2019-06-08,18047.818833083034,18594.72243408555,17865.517632748863,18230.120033417206,76376.34280872143
2019-06-09,18840.07215468732,19410.98343210209,18649.768395549065,19030.375913825577,31424.345176810923
2019-06-10,19333.309727315205,19919.16759783991,19138.02377047364,19528.595684156775,3607.362898715402
2019-06-11,19890.935989727222,20493.691625779564,19690.017444376444,20091.854535078004,41578.11371636581
2019-06-12,18833.966889060128,19404.693158425587,18643.724799271644,19024.208978848616,19581.346792446224
2019-06-13,19775.24635508024,20374.496244628124,19575.49639189761,19974.996318262867,13968.121042615241
2019-06-14,20011.560969234662,20617.97190769632,19809.423989747444,20213.69794872188,28140.274718192963
2019-06-15,19745.985831225713,20344.349038232554,19546.5314288901,19945.440233561327,35405.89057019234
2019-06-16,19888.858675752603,20491.551362896622,19687.96111337126,20089.75623813394,44693.87836858594
2019-06-17,18505.600302885945,19066.376069640064,18318.675047301236,18692.52555847065,71557.23139181698
2019-06-18,18835.85332701675,19406.63676116877,18645.59218229941,19026.11447173409,33128.05921810714
2019-06-19,18088.543477122173,18636.681158247087,17905.8309167472,18271.256037497144,5565.632484299174
2019-06-20,17136.962881310174,17656.264786804422,16963.86224614542,17310.063516474922,13716.496922755823
2019-06-21,16119.123810982637,16607.58210828514,15956.304378548468,16281.943243416805,417921.2661484284
2019-06-22,16860.724963879256,17371.65602339075,16690.414610708758,17031.035317049755,45455.588910875194
2019-06-23,16461.622570889424,16960.459618492136,16295.343555021855,16627.901586756994,235457.87478985093
2019-06-24,17496.220872232156,18026.40938351192,17319.491368472234,17672.950375992077,88914.81737068256
2019-06-25,17147.485173891382,17667.105936736574,16974.278252942982,17320.69209483978,28051.631452410267
2019-06-26,16002.130591078198,16487.04363929269,15840.492908340035,16163.768273816362,29774.484169196276
2019-06-27,15311.46299111726,15775.446718120813,15156.801748782742,15466.124233451777,21235.295537531296
2019-06-28,16091.313540953091,16578.929102800153,15928.775020337403,16253.85206156878,3874.590985756123
2019-06-29,16015.10625279883,16500.412502883646,15853.33750277056,16176.875002827102,22427.59170701517
2019-06-30,15687.89373976376,16163.284459150542,15529.430166634833,15846.357312892687,73915.2579051859
2019-07-01,15811.839537317566,16290.986189963554,15652.12398643557,15971.555088199562,12092.733393326753
2019-07-02,16152.921620898638,16642.404094259204,15989.760796445116,16316.08244535216,33254.75352626941
2019-07-03,16899.12122303228,17411.215805548414,16728.423028860238,17069.819417204326,51616.209817828276
2019-07-04,17903.60446796401,18446.137936690193,17722.759978388614,18084.448957539404,8869.019789519973
2019-07-05,17672.813653298643,18208.35346097436,17494.3003840734,17851.32692252388,14026.408254544667
2019-07-06,16761.923127717957,17269.860192194257,16592.610772892524,16931.23548254339,7959.237712750368
2019-07-07,16509.84716254002,17010.14556140487,16343.081029585068,16676.613295494968,9680.166623660965
2019-07-08,16706.499588606704,17212.75715189782,16537.747067509667,16875.252109703742,6077.7796331600375
2019-07-09,16087.51781381947,16575.018353632182,15925.0176338819,16250.017993757041,8951.277500974997
2019-07-10,15495.721794784697,15965.289121899385,15339.199352413134,15652.24423715626,91076.55365448863
2019-07-11,15732.05503223349,16208.783972604202,15573.145385443253,15890.964679023728,8817.758434126778
2019-07-12,15725.037055887684,16201.553330308523,15566.198297747405,15883.875814027964,24995.70324954241
2019-07-13,15769.253970198273,16247.110151113373,15609.968576559908,15928.53936383664,13321.455985335497
2019-07-14,15314.471628429732,15778.546526260936,15159.779995819332,15469.163261040134,71601.11582940981
2019-07-15,15196.30472783741,15656.798810499151,15042.806700283496,15349.802755391323,81728.84647855726
2019-07-16,14657.302044934428,15101.462712962744,14509.24848892499,14805.355600943867,52264.36091648417
2019-07-17,15201.204277672898,15661.846831541774,15047.656759716607,15354.75179562919,29915.575787881153
2019-07-18,15853.487548707837,16333.896262305045,15693.351310842101,16013.623786573573,17482.234330624833
2019-07-19,14706.527128568214,15152.179465797553,14557.976349491766,14855.07790764466,6688.368793471431
2019-07-20,14181.791851992326,14611.543120234519,14038.54142924493,14325.042274739724,153818.5409490255
2019-07-21,13354.12588392613,13758.796365257225,13219.23572348243,13489.016044369828,10304.407365392051
2019-07-22,13026.937014846633,13421.692681963199,12895.351792474445,13158.522237218822,42772.31587907143
2019-07-23,13002.999773284673,13397.030069444816,12871.656341231293,13134.343205338055,63548.9384700343
2019-07-24,12268.514814421273,12640.287990615858,12144.590422356412,12392.439206486135,12641.23669987344
2019-07-25,11834.523555677004,12193.14548160661,11714.982913700467,11954.064197653539,62193.920159377914
2019-07-26,11377.021054258757,11721.779268024175,11262.101649670285,11491.94045884723,47297.52290988727
2019-07-27,11488.409976657416,11836.543612313702,11372.365431438653,11604.454521876178,123990.94718900253
2019-07-28,11537.50883855968,11887.130318516034,11420.968345240895,11654.049331878465,13775.590954006942
2019-07-29,11221.732965787558,11561.785479902333,11108.3821277493,11335.083803825817,6088.3718857501735
2019-07-30,11317.93502963328,11660.902757803986,11203.612453576377,11432.257605690182,13286.586142493528
2019-07-31,11087.420345003604,11423.402779700684,10975.426200104577,11199.41448990263,27142.432101175724
2019-08-01,10983.573299638978,11316.408854173493,10872.62811479414,11094.518484483817,23346.742061425266
2019-08-02,11735.268007477556,12090.882189522332,11616.729946795966,11853.806068159149,14861.988184834117
2019-08-03,12382.097697342575,12757.312779080228,12257.026003430023,12507.169391255125,3264.3062589672513
2019-08-04,11757.009170237754,12113.282175396474,11638.251501851515,11875.766838623995,35259.24333476866
2019-08-05,12164.851549827074,12533.483414973349,12041.97426144498,12287.728838209165,158315.392765965
2019-08-06,12577.91957248907,12959.068650443285,12450.869879837664,12704.969265140475,35040.19948583439
2019-08-07,12019.075920088913,12383.290341909791,11897.671112815287,12140.48072736254,40503.16989538058
2019-08-08,12430.742560447494,12807.431728945903,12305.179504281357,12556.30561661363,39044.0316982843
2019-08-09,13214.094104419428,13614.521198492745,13080.618406394988,13347.569802443866,32762.72351475224
2019-08-10,12640.578737330417,13023.626577855583,12512.896123822029,12768.261350838806,55919.361954225846
2019-08-11,12195.62893940627,12565.19345272161,12072.440768301156,12318.817110511383,32707.957672728797
2019-08-12,12710.363248237589,13095.525770911456,12581.975740679634,12838.750755795545,16112.051806420886
2019-08-13,12867.460953941432,13257.384013151779,12737.486600871318,12997.435307011549,9936.907057287612
2019-08-14,13170.60612291913,13569.715399371224,13037.569697435098,13303.64254840316,17171.84399952593
2019-08-15,13369.792688860492,13774.937921856266,13234.744277861902,13504.841099859084,30155.70776321082
2019-08-16,13598.788316581491,14010.872811023355,13461.426818434202,13736.149814728778,16057.270857016581
2019-08-17,12897.649951826454,13288.487829154528,12767.370659383763,13027.929244269146,30162.016595462705
2019-08-18,13457.313913488319,13865.111304806147,13321.38144971571,13593.246377260928,34171.5988035598
2019-08-19,14107.081471485551,14534.568788803295,13964.585699046303,14249.5772439248,50674.5672348132
2019-08-20,13998.800737077887,14423.00682001964,13857.398709430636,14140.202764725138,79442.99257069177
2019-08-21,13995.453931899494,14419.55859650251,13854.085710365154,14136.822153433832,23813.48792038849
2019-08-22,13159.305332125172,13558.072160371388,13026.3830560431,13292.227608207244,5956.411222679966
2019-08-23,13449.733704240809,13857.301392248108,13313.877808238376,13585.589600243242,15597.967607516774
2019-08-24,13777.669114980547,14195.174239676928,13638.500740081754,13916.83748987934,23018.70827195224
2019-08-25,13764.061728487392,14181.154508138525,13625.030801937015,13903.09265503777,3513.0196431949485
2019-08-26,14403.734583075717,14840.211388623466,14258.2423145598,14549.226851591633,88314.93575200353
2019-08-27,14232.86179433897,14664.160636591667,14089.095513588072,14376.62807508987,25396.786074747648
2019-08-28,14575.649411490813,15017.335757293566,14428.420629556562,14722.878193425064,32252.56437544125
2019-08-29,14003.022088881014,14427.356091574378,13861.577421316559,14144.466756445468,86294.9589719807
2019-08-30,14010.834570457031,14435.405315016336,13869.310988937263,14152.3581519768,11729.439650289407
2019-08-31,13934.13687574746,14356.383447739807,13793.388018416676,14074.885733078241,39106.42015703545
2019-09-01,14080.61693805743,14507.302299816745,13938.388484137658,14222.845391977202,19734.74125218629
2019-09-02,13893.611178136543,14314.629698686136,13753.27167128668,14033.950684986408,18323.013791798854
2019-09-03,13841.386429910048,14260.822382331566,13701.574445769542,13981.198414050554,10176.206845743769
2019-09-04,14319.494033925155,14753.418095559251,14174.852680047125,14464.135387803188,116494.95119729501
2019-09-05,14090.803559401464,14517.797606656053,13948.4722103166,14233.134908486327,15130.985799152495
2019-09-06,13206.421271558907,13606.615855545542,13073.023076896696,13339.819466221119,44332.09770784273
2019-09-07,14150.460587021267,14579.26242299161,14007.526641697821,14293.394532344715,3377.8429778611608
2019-09-08,14953.614737633381,15406.754578167727,14802.568124121934,15104.66135114483,71681.53984923658
2019-09-09,14203.085220442823,14633.481742274424,14059.619713165623,14346.550727720023,63083.28749229859
2019-09-10,14616.22899767757,15059.145027910225,14468.590320933352,14763.867674421788,24280.628013329326
2019-09-11,14344.089564116777,14778.758944847588,14199.199770539839,14488.979357693714,17554.358293260066
2019-09-12,14516.785067091289,14956.687644881935,14370.150874494408,14663.419259688171,32859.62585890302
2019-09-13,14709.407782389568,15155.147412158949,14560.827905799775,14857.987658979362,217247.09272621645
2019-09-14,14593.551897174122,15035.780742543036,14446.14228205115,14740.961512297094,3777.2945358401516
2019-09-15,14157.925228381553,14586.953265605236,14014.915882640325,14300.93457412278,48147.63928012234
2019-09-16,13788.096972791265,14205.91809317888,13648.823265995394,13927.370679587137,8851.858339702005
2019-09-17,13303.477399196741,13706.613077960279,13169.098839608894,13437.855958784587,21592.074470988853
2019-09-18,12880.787497401792,13271.114391262452,12750.678532781572,13010.896462022012,17190.63230356774
2019-09-19,12865.496307505311,13255.359831975169,12735.541799348692,12995.45081566193,14352.533300141526
2019-09-20,12516.450252087994,12895.736623363387,12390.021461662862,12642.879042513125,21797.157948582244
2019-09-21,12876.699757459157,13266.902780412465,12746.632083141389,13006.767431776927,7085.663914007533
2019-09-22,13662.047695403195,14076.049140718444,13524.047213631444,13800.048177174944,61647.03640379644
2019-09-23,13365.552164967468,13770.568897239209,13230.546587543555,13500.557742391382,3662.3360536006517
2019-09-24,13513.591426832265,13923.094197342334,13377.090503328907,13650.09235033562,37788.66665948346
2019-09-25,13803.963430880734,14222.265353028635,13664.529456831433,13943.397404930034,15890.300132116297
2019-09-26,14085.289459509548,14512.11641282802,13943.013808403392,14227.565110615706,6829.96689935747
2019-09-27,14149.211471081717,14577.975455053891,14006.290143090993,14292.132799072442,26967.38280891431
2019-09-28,14590.770112017382,15032.914660866394,14443.388595734377,14738.151628300386,4642.688582489564
2019-09-29,14894.111611398395,15345.448326895317,14743.66603956609,15044.557183230703,22918.82310863721
2019-09-30,14179.097488600433,14608.767109467113,14035.874281644872,14322.320695555993,5308.810576161124
2019-10-01,14693.320077624685,15138.572201189068,14544.902703103224,14841.737452146146,34935.96468504732
2019-10-02,15236.849988697273,15698.572715627493,15082.942413053866,15390.75756434068,8739.800710345318
2019-10-03,14794.502228967269,15242.820478329913,14645.062812513055,14943.941645421484,14030.74094209916
2019-10-04,14839.144837954389,15288.815893649977,14689.254486055861,14989.035189852919,29553.261468941386
2019-10-05,15267.004271063199,15729.640764125721,15112.792106709025,15421.216435417373,10172.648603833237
2019-10-06,15162.080978369368,15621.537977713893,15008.928645254526,15315.23331148421,20786.021579689903
2019-10-07,15835.56730176656,16315.432977577668,15675.612076496189,15995.522527036928,4847.263019459691
2019-10-08,17356.651131972794,17882.610257184093,17181.33142356903,17531.97084037656,41393.35350618808
2019-10-09,16837.002694148807,17347.2148970018,16666.931959864476,17007.073428433137,128658.10364094205
2019-10-10,15932.152130028437,16414.94461881718,15771.22130043219,16093.082959624684,359406.33073522104
2019-10-11,16149.66972162782,16639.05365258624,15986.541744641681,16312.79769861396,24128.962143903096
2019-10-12,16640.01407186217,17144.25692252466,16471.933121641337,16808.095022083,48445.95573132553
2019-10-13,16511.30930459009,17011.65201078979,16344.528402523523,16678.090206656656,3712.179045905935
2019-10-14,17495.88572103847,18026.064076221453,17319.15960264414,17672.611839432797,98986.06150301015
2019-10-15,16585.32578572094,17087.911415591272,16417.79724243083,16752.85432901105,47869.24472925679
2019-10-16,17069.895018638417,17587.164564657764,16897.47183663197,17242.318200644866,13576.105189084254
2019-10-17,16681.82063691596,17187.33035318614,16513.317398159234,16850.323875672686,75900.67072407488
2019-10-18,17854.137521408386,18395.171991754094,17673.792697959816,18034.482344856955,17077.61675497426
2019-10-19,19303.904452849743,19888.871254451253,19108.915518982576,19498.893386716914,13932.434483154519
2019-10-20,18740.881688780315,19308.787194500932,18551.57985354011,18930.183524020522,35430.73438534429
2019-10-21,18357.025600701985,18913.29910375356,18171.60109968479,18542.450101719176,7605.641094117464
2019-10-22,19015.740212996698,19591.97476490569,18823.662029027033,19207.818396966362,61183.00686869165
2019-10-23,18749.800788720753,19317.97657019714,18560.408861561955,18939.192715879548,7661.861034130088
2019-10-24,18743.867438311725,19311.86342129087,18554.535443985344,18933.199432638106,7707.469558645357
2019-10-25,18791.0183270338,19360.4431248227,18601.210061104164,18980.826592963433,8868.93687259139
2019-10-26,17376.30031612335,17902.854871157393,17200.782131112002,17551.818501134698,47075.12634903504
2019-10-27,17392.74681332427,17919.799747061366,17217.06250207857,17568.43112456997,11887.285214152189
2019-10-28,16938.98551176762,17452.28810303331,16767.88464801239,17110.08637552285,5721.6025752566375
2019-10-29,16630.273976269204,17134.221672519787,16462.29141085234,16798.256541686063,12019.913359851787
2019-10-30,17615.53921677748,18149.34343546771,17437.604477214074,17793.47395634089,21331.87323707896
2019-10-31,16756.600666709546,17264.376444488622,16587.34207411652,16925.85925930257,6761.68579790441
2019-11-01,17326.79775068693,17851.85222798047,17151.77959158908,17501.815909784775,6962.674111535406
2019-11-02,17159.446576361028,17679.429805947726,16986.11883316546,17332.774319556593,181915.27471033085
2019-11-03,16993.164559605648,17508.10894019976,16821.516432740944,17164.81268647035,9315.496625234415
2019-11-04,17555.891094160826,18087.887793983882,17378.558860886475,17733.22332743518,15945.909716627551
2019-11-05,17821.02107055726,18361.0520120893,17641.010756713247,18001.031384401274,15256.53171016404
2019-11-06,18254.508852026418,18807.67578693631,18070.11987372312,18438.897830329715,14452.796326589798
2019-11-07,18988.840033548193,19564.2594285042,18797.03356856286,19180.64649853353,41000.795173299826
2019-11-08,18765.67681799685,19334.33369126948,18576.124526905973,18955.229109087726,56848.37702919495
2019-11-09,18334.26386538872,18889.84761888535,18149.069280889842,18519.458449887596,16220.733822359067
2019-11-10,17565.94781768376,18098.24926670448,17388.514001343516,17743.381634023997,6396.5989459886005
2019-11-11,17012.332007499204,17527.857219847665,16840.490270049715,17184.17374494869,78782.03186670733
2019-11-12,19044.689444903135,19621.801246263836,18852.318844449568,19237.060045356702,20023.440851457683
2019-11-13,20021.437922012265,20628.14816207324,19819.20117532527,20223.674668699256,124283.6602677006
2019-11-14,18969.452016853043,19544.28389615162,18777.841390420184,19161.062643285903,2331.842723480927
2019-11-15,17994.454084688216,18539.740572103008,17812.691922216618,18176.216247159813,26779.801883314645
2019-11-16,18368.282434717767,18924.897053951638,18182.744228306474,18553.820641129056,150032.3676113774
2019-11-17,18797.927432962526,19367.561597597753,18608.049378084117,18987.805487840935,15471.205484754155
2019-11-18,19238.839464328852,19821.834599611546,19044.50775256795,19433.17117608975,17579.81374837914
2019-11-19,19071.49558021814,19649.419688709597,18878.854210720987,19264.136949715292,29599.468722602207
2019-11-20,19004.39880898187,19580.28968198132,18812.435184648722,19196.362433315022,12596.876698178678
2019-11-21,19282.151536732294,19866.459159057515,19087.38232929055,19476.920744174033,16121.806377614877
2019-11-22,19377.32284256913,19964.514443859105,19181.592308805808,19573.053376332457,15712.076599554597
2019-11-23,17686.224834538465,18222.17104164569,17507.576098836056,17864.873570240874,11761.411803600733
2019-11-24,17550.1826544604,18082.006371262232,17372.908082193124,17727.457226727678,75271.47697537574
2019-11-25,16978.814391064043,17493.323918065984,16807.311215396727,17150.317566731355,34929.18594821578
2019-11-26,17123.27789908434,17642.165108147503,16950.315496063286,17296.240302105394,28300.315503515543
2019-11-27,19193.659596025824,19775.285644390246,18999.784246571016,19387.53494548063,49442.764502950005
2019-11-28,19504.582805215643,20095.630769010055,19307.566817284172,19701.598793147114,16909.724790364602
2019-11-29,19289.229050389753,19873.751142825808,19094.388352911068,19484.069747868438,10155.758684348606
2019-11-30,20029.39650639064,20636.347915675204,19827.079369962452,20231.713642818828,12056.698726680941
2019-12-01,20446.15848442003,21065.73904455397,20239.63163104205,20652.68533779801,22065.774923189558
2019-12-02,20820.400463355065,21451.32168951734,20610.093387967638,21030.70753874249,7637.215036040893
2019-12-03,21357.025958937087,22004.208563753364,21141.29842399833,21572.753493875847,13356.240174423101
2019-12-04,23145.927669865476,23847.319417437157,22912.130420674916,23379.724919056036,13146.138681895605
2019-12-05,22133.62808430064,22804.344086855202,21910.056083449115,22357.20008515216,184343.515817873
2019-12-06,22586.156375904673,23270.585356992695,22358.01338220867,22814.29936960068,1374.96706909679
2019-12-07,21783.10004785052,22443.193988694475,21563.068734235865,22003.13136146517,18405.048456402616
2019-12-08,22299.806200047075,22975.557903078803,22074.55563236983,22525.056767724316,123709.80168781985
2019-12-09,21513.794662757657,22165.727834356374,21296.48360555808,21731.105719957228,24880.619949633645
2019-12-10,21186.899597673822,21828.926858209394,20972.890510828634,21400.908684519014,46789.65794580158
2019-12-11,20968.598331660545,21604.010402316926,20756.794308108416,21180.40235521267,24338.781778394947
2019-12-12,21818.511582488354,22479.678600139516,21598.122576604634,22038.900588372075,11301.227405794467
2019-12-13,22652.811706787907,23339.26054638754,22423.99542692136,22881.62798665445,2340.416222719048
2019-12-14,21558.030877607536,22211.304540565343,21340.272989954934,21775.78876526014,27050.36254713286
2019-12-15,21637.738774370693,22293.4278281395,21419.17575644776,21856.30179229363,10141.52231334034
2019-12-16,21056.04724106751,21694.10927867562,20843.35989519814,21268.73458693688,9893.81005727669
2019-12-17,20027.665757837298,20634.564720196002,19825.36610371773,20229.965411956866,13373.263666647674
2019-12-18,19883.853458488014,20486.39447238159,19683.006453856822,20084.700463119207,126103.89461708961
2019-12-19,19668.326176270897,20264.336060400317,19469.65621489442,19866.99613764737,243979.0261682759
2019-12-20,21607.006721166414,22261.7645005957,21388.754128023316,21825.259314309507,27370.14055882286
2019-12-21,22013.615865510706,22680.695134162546,21791.256109293427,22235.975621727986,13838.817379855886
2019-12-22,20833.582590460624,21464.90327502004,20623.142362274153,21044.022818647096,6787.063023322838
2019-12-23,20394.1823299127,21012.18785506157,20188.18048819641,20600.18417162899,35190.80695925139
2019-12-24,21257.984689636138,21902.166043867535,21043.257571559003,21472.71180771327,130993.8428672233
2019-12-25,23065.71504630459,23764.676108313823,22832.72802563485,23298.702066974336,17199.913143200054
2019-12-26,21637.040052943048,22292.707933335263,21418.484092812312,21855.596013073788,2040.6097908336574
2019-12-27,20042.455644312147,20649.80278504888,19840.0065973999,20244.90469122439,43047.07967141856
2019-12-28,21572.46878935628,22226.17996479132,21354.565064211267,21790.372514501294,59006.31266285476
2019-12-29,21941.025079789295,22605.9046276617,21719.398563831826,22162.651595746764,4510.459714727899
2019-12-30,21211.887313141055,21854.67177717563,20997.62582512953,21426.14880115258,26277.91636937813
2019-12-31,21697.324821277034,22354.819512830883,21478.159924092415,21916.48971846165,34586.752642789696
2020-01-01,680481.3335212591,701101.9799916004,673607.784697812,687354.8823447062,20473.62390654361
2020-01-02,681593.9342907629,702248.2959359376,674709.1470757046,688478.7215058211,9988.893261937039
2020-01-03,691553.9621098762,712510.1427798724,684568.5685532108,698539.3556665416,60836.013722856966
2020-01-04,718158.6001353303,739920.9819576131,710904.4728612361,725412.7274094246,14714.964586390099
2020-01-05,690110.314124282,711022.7478856238,683139.5028705014,697081.1253780626,4988.117371515601
2020-01-06,693510.8233503681,714526.3028458338,686505.6635185461,700515.98318219,2837.0654773579954
2020-01-07,668879.4098107019,689148.4828352686,662123.0521358463,675635.7674855575,77718.57124812934
2020-01-08,676715.566356245,697222.0986700706,669880.0555849698,683551.0771275202,40809.24698373572
2020-01-09,653494.8479608644,673297.7221414967,646893.8899006537,660095.8060210752,24052.002765251604
2020-01-10,643807.4183992173,663316.7341082845,637304.3131628615,650310.523635573,14181.950778408893
2020-01-11,619128.5959859322,637890.0685915665,612874.7717840541,625382.4201878103,12977.879183373694
2020-01-12,636182.7715677446,655461.0373728278,629756.6829660502,642608.860169439,7512.047556145753
2020-01-13,658982.3181510989,678951.4793071928,652325.9310990677,665638.7052031303,14307.574415745275
2020-01-14,653786.3593452667,673598.0672042143,647182.4567256175,660390.2619649159,2643.641984094515
2020-01-15,655767.0180648279,675638.7458849743,649143.1087914458,662390.92733821,10550.582456545602
2020-01-16,618753.1296971831,637503.2245364918,612503.0980840803,625003.161310286,16140.10558540031
2020-01-17,612264.2248376745,630817.6861963919,606079.737718102,618448.711957247,40533.33687369013
2020-01-18,611953.0815374776,630497.1143113405,605771.7372795232,618134.4257954318,21164.352015329172
2020-01-19,677023.1074849007,697538.9592268674,670184.4902375785,683861.724732223,48772.5587935353
2020-01-20,647925.5472977132,667559.6547915833,641380.8447997565,654470.2497956699,84891.9970931195
2020-01-21,686844.5491690409,707658.0203559815,679906.7254400607,693782.3728980211,63460.31912127397
2020-01-22,715262.2965866476,736936.9116347278,708037.4249039541,722487.168269341,35260.19010221773
2020-01-23,724364.335598785,746314.7700108694,717047.5241280902,731681.1470694798,22289.314655467635
2020-01-24,776406.16044636,799933.6198538255,768563.6739772048,784248.6469155152,8260.265357352202
2020-01-25,789126.9689377403,813039.9073903991,781155.9894535206,797097.9484219599,46163.46906345776
2020-01-26,802594.5000516141,826915.5455077237,794487.4848995777,810701.5152036507,118154.38339981584
2020-01-27,802093.0180436503,826398.8670752761,793991.0683664416,810194.9677208589,31011.272290608475
2020-01-28,842552.7998780538,868084.7029046615,834042.1655358513,851063.4342202564,149830.38227509146
2020-01-29,880769.9579949712,907459.9567220915,871873.2917525977,889666.6242373446,4790.683110052763
2020-01-30,860048.0026029057,886110.0632878423,851360.6490412601,868735.3561645512,6945.412267658326
2020-01-31,815953.4380206438,840679.2997788452,807711.4841012433,824195.3919400442,51802.904999590326
2020-02-01,810552.4582202905,835114.6539239357,802365.0596524088,818739.8567881723,28689.606983484162
2020-02-02,785829.357905879,809642.3687515118,777891.6876240015,793767.0281877567,81943.24697542032
2020-02-03,785011.3229154887,808799.5448220187,777081.9156133122,792940.7302176654,21688.302942154904
2020-02-04,825044.9577852408,850046.3201423694,816711.1703328647,833378.745237617,9246.723739774901
2020-02-05,811190.7482332705,835772.2860585211,802996.9022915203,819384.5941750207,17790.26644522829
2020-02-06,811018.0171264999,835594.3206757877,802825.915943404,819210.1183095959,4756.731392371284
2020-02-07,814116.843485492,838787.0508638403,805893.4410260426,822340.2459449414,7125.3157995819065
2020-02-08,842966.8936201833,868511.3449420071,834452.0765129087,851481.7107274579,58246.77458234833
2020-02-09,768469.2110735207,791756.1568636274,760706.8958101518,776231.5263368896,52721.963608425955
2020-02-10,750972.6950150767,773729.4433488669,743387.1122371466,758558.2777930067,31666.17276208288
2020-02-11,758445.8854097534,781429.0940585339,750784.8158601599,766106.9549593469,3939.9467187456225
2020-02-12,795991.3521046194,820112.3021683957,787951.035416694,804031.6687925449,15391.896128694843
2020-02-13,781523.3353610149,805205.8606749851,773629.1602563582,789417.5104656717,6470.444658556316
2020-02-14,724032.831171793,745973.2199951807,716719.3682306638,731346.2941129223,71434.28776006217
2020-02-15,743066.5377278477,765583.7055377825,735560.8151245362,750572.2603311593,12286.764025145481
2020-02-16,725296.4763157534,747275.1574162308,717970.2492822609,732622.7033492458,7437.219160576331
2020-02-17,691869.979597084,712835.7365545714,684881.3939445883,698858.5652495798,22692.64552112978
2020-02-18,675629.1512847827,696102.7619297762,668804.6144031183,682453.6881664472,11612.594758889372
2020-02-19,671655.7665803682,692008.9716282581,664871.3648977381,678440.1682629981,97124.01151862138
2020-02-20,656416.0405804067,676307.43574951,649785.575524039,663046.5056367745,10563.808043815401
2020-02-21,599489.9071036968,617656.267925021,593434.4534965889,605545.3607108049,5435.853042468028
2020-02-22,621900.4272058619,640745.8946969486,615618.6047088329,628182.2497028908,2558.2698886179132
2020-02-23,654547.0911588838,674381.8514970317,647935.5043795011,661158.6779382664,21358.680089168705
2020-02-24,672586.9847659149,692968.4085467001,665793.1768389863,679380.7926928432,12557.456180904659
2020-02-25,642988.1622557672,662472.6520210934,636493.3323339917,649482.9921775425,5276.906914976915
2020-02-26,638770.3776542302,658127.0557649644,632318.1516173187,645222.6036911416,72346.79707824033
2020-02-27,639561.9083010348,658942.5721889449,633101.6870050648,646022.1295970049,42926.522218898586
2020-02-28,655839.8944622129,675713.8306580376,649215.2490636046,662464.5398608211,21413.613017067008
2020-02-29,674356.6285273338,694791.6778766471,667544.9454108961,681168.3116437716,86191.44830836919
2020-03-01,655564.36476223,675429.9515732066,648942.5024919044,662186.2270325555,42724.851548606144
2020-03-02,658697.8459035167,678658.3866884718,652044.3323085317,665351.3594985018,9673.486760499294
2020-03-03,671734.2773721297,692089.8615349216,664949.0826511992,678519.4720930604,7791.4311321986115
2020-03-04,711858.909010167,733430.3911013842,704668.4149797613,719049.4030405728,49910.243660725966
2020-03-05,732987.0676468886,755198.7969695216,725583.1578726775,740390.9774210996,32740.46181870952
2020-03-06,757221.2821478208,780167.3816068457,749572.5823281459,764869.9819674958,26101.492301283306
2020-03-07,760896.1263381946,783953.5847120794,753210.306880233,768581.9457961562,9447.469408170156
2020-03-08,804965.986525447,829358.8952080363,796835.0169645839,813096.9560863101,40455.082640094486
2020-03-09,819367.2400368736,844196.5503410214,811090.8032688244,827643.6768049229,10347.50924283776
2020-03-10,792374.4019214074,816385.7474341774,784370.6200838175,800378.1837589975,19890.8149807709
2020-03-11,838042.7411543861,863437.975734822,829577.6629609074,846507.8193478647,93614.83527057816
2020-03-12,862694.7161292866,888836.9802544165,853980.6280875766,871408.8041709965,11374.914919534931
2020-03-13,848700.2887618719,874418.4793304135,840127.558572358,857273.0189513857,4568.822275588153
2020-03-14,833695.5063993736,858959.0065932941,825274.3396680668,842116.6731306805,7688.283365526447
2020-03-15,844836.1976306445,870437.2945285429,836302.4986646784,853369.8965966107,59533.76006570004
2020-03-16,861756.0631764585,887869.8832727148,853051.4564777064,870460.6698752106,28416.667544814325
2020-03-17,869849.4095162437,896208.4825318875,861063.0518443624,878635.7671881249,19363.06416536767
2020-03-18,881985.8502613811,908712.6942086958,873076.902278943,890894.7982438194,13238.786810800028
2020-03-19,943282.3630537274,971866.6770856585,933754.258376417,952810.4677310378,35787.71322781455
2020-03-20,985127.9968684745,1014980.3604099435,975177.2090213181,995078.7847156308,9422.871478723331
2020-03-21,994117.7071899672,1024242.4861957238,984076.1141880483,1004159.300191886,29901.549137117632
2020-03-22,1033039.8244030012,1064344.0615061224,1022605.0787019607,1043474.5701040416,10601.443299772158
2020-03-23,991923.8516599259,1021982.1501950752,981904.4188148761,1001943.2845049757,8976.278143284506
2020-03-24,1009200.2707199324,1039782.0971053849,999006.3285914481,1019394.2128484165,11643.607141671017
2020-03-25,1083752.1694446502,1116593.1442763063,1072805.177834098,1094699.1610552021,15132.386896337523
2020-03-26,1075925.4892120177,1108529.2919154123,1065057.5549775527,1086793.4234464825,20976.754269886565
2020-03-27,1041059.7394729479,1072607.0043054614,1030543.9845287767,1051575.494417119,27874.17174427518
2020-03-28,1015466.7895432814,1046238.5104385325,1005209.5492448645,1025724.0298416985,550.944847340124
2020-03-29,972730.5432391816,1002207.2263676417,962904.9821963615,982556.1042820016,9821.699408713754
2020-03-30,943655.1639657813,972250.7749950475,934123.2936226927,953187.0343088701,14889.775117520563
2020-03-31,931085.3714907051,959300.0797176961,921680.4687483747,940490.2742330354,99216.7409497071
2020-04-01,880133.8839396599,906804.6076954072,871243.6426877442,889024.1251915757,7480.069718782009
2020-04-02,882003.9337623586,908731.3256945513,873094.8031182945,890913.0644064229,25920.68605014457
2020-04-03,915159.4203279547,942891.5239742564,905915.3857791875,924403.454876722,98226.40121998824
2020-04-04,883302.4946735516,910069.2369363866,874380.2472526067,892224.7420944966,5925.565888514556
2020-04-05,938306.9396103699,966740.4832349266,928829.0917355176,947784.7874852221,32662.24902347488
2020-04-06,958885.5904743262,987942.7295796088,949199.877439232,968571.3035094204,9874.669946440385
2020-04-07,999852.273795138,1030150.8275465058,989752.7558780153,1009951.7917122606,13297.964504339132
2020-04-08,975042.557227828,1004589.301386247,965193.6425083549,984891.471947301,9866.388572691898
2020-04-09,1009833.0595682587,1040434.0613733575,999632.7256332258,1020033.3935032916,10595.05531538616
2020-04-10,967240.9710983109,996551.3035558355,957470.8602791361,977011.0819174858,335008.82304444845
2020-04-11,1003135.1868440363,1033533.2228090072,993002.508189046,1013267.8654990266,51249.22997817413
2020-04-12,1011535.0131535399,1042187.5893097077,1001317.4877681506,1021752.5385389292,66286.25648075635
2020-04-13,1035437.6348766511,1066814.5329032163,1024978.668867796,1045896.6008855061,36025.903012842435
2020-04-14,988300.5954080883,1018249.0982992426,978317.7611110369,998283.4297051397,4419.329256344722
2020-04-15,954399.1239790489,983320.3095541716,944758.7287873413,964039.5191707565,32694.363445268493
2020-04-16,978630.4861976812,1008285.9554763988,968745.3297714419,988515.6426239203,64403.90935417208
2020-04-17,942975.1411886364,971550.1454670801,933450.1397624885,952500.1426147843,9382.490570139182
2020-04-18,961861.2846480848,991008.5963040873,952145.5140960839,971577.0552000856,57833.684814182154
2020-04-19,910704.199502544,938301.2964571667,901505.1671843365,919903.2318207516,44548.609035065936
2020-04-20,942967.6884972099,971542.4669365194,933442.7623507734,952492.6146436464,140370.41722030734
2020-04-21,897892.9535841086,925101.8309654453,888823.3277903298,906962.5793778875,14504.540067244428
2020-04-22,919076.0419067803,946926.8310554706,909792.4455238836,928359.6382896771,7349.510693840654
2020-04-23,943454.7520572328,972044.2899983611,933924.9060768567,952984.5980376089,15342.344372057083
2020-04-24,918575.026857441,946410.6337319089,909296.4912326182,927853.5624822635,92556.17099196483
2020-04-25,941338.292177391,969863.6949706452,931829.8245796396,950846.7597751424,3538.9810268085575
2020-04-26,952556.8706307461,981422.2303468293,942935.0840587184,962178.6572027738,2783.945053053449
2020-04-27,933454.6054446994,961741.1086399934,924025.7710462682,942883.4398431308,24086.222582432532
2020-04-28,897197.1867651159,924384.9803034528,888134.5889190037,906259.7846112283,14149.16240357696
2020-04-29,828108.4925756006,853202.6893203158,819743.7603273622,836473.224823839,22197.343380968177
2020-04-30,840932.5822583975,866415.3877813793,832438.3137507369,849426.8507660581,56687.65670591558
2020-05-01,789558.2357219214,813484.2428650099,781582.9000075585,797533.5714362842,12675.555499393258
2020-05-02,793753.7649913924,817806.9093850709,785736.0501934995,801771.4797892852,3384.610692291157
2020-05-03,786579.8751030574,810415.6288940591,778634.6238393901,794525.1263667246,170157.80619670448
2020-05-04,809127.7464949648,833646.7691160244,800954.7389546117,817300.754035318,8125.574501386617
2020-05-05,800565.70234106,824825.2690786679,792479.1800951908,808652.2245869293,7638.548506020167
2020-05-06,791216.7669561049,815193.0326214414,783224.6784009926,799208.855511217,66417.77621538303
2020-05-07,815566.3270056141,840280.4581269964,807328.2832984866,823804.3707127415,14995.581633971775
2020-05-08,827720.1583406775,852802.5873813041,819359.3486604687,836080.9680208864,20673.545111607655
2020-05-09,839429.2849357757,864866.5359944355,830950.2012495558,847908.3686219957,35695.864619178894
2020-05-10,856445.1071574396,882397.9891925135,847794.1464790816,865096.0678357976,65093.703501377735
2020-05-11,805124.4455538522,829522.1560251812,796991.8753967426,813257.0157109619,15780.642455039624
2020-05-12,830704.494877221,855877.3583583488,822313.5403835116,839095.4493709302,100705.12850039882
2020-05-13,852301.774825902,878129.1013357778,843692.6659892766,860910.8836625272,2602.4280438894934
2020-05-14,818919.3940912888,843735.1333061764,810647.4810196597,827191.307162918,47088.64824046389
2020-05-15,812152.4838379942,836763.1651664183,803948.9233951862,820356.0442808022,9513.550616729357
2020-05-16,812093.7721125626,836702.6742977918,803890.8047174861,820296.739507639,86878.97320959467
2020-05-17,808942.9527314589,833456.3755415032,800771.8117947775,817114.0936681404,25388.319342533843
2020-05-18,820959.3138467473,845836.8688118003,812666.795525063,829251.8321684316,11238.432629954075
2020-05-19,869194.5084605237,895533.7359896305,860414.7659508213,877974.2509702259,42737.88716393202
2020-05-20,908108.9281883559,935627.3805577001,898936.1107319079,917281.745644804,53808.587222133465
2020-05-21,861805.5729688309,887920.8933618258,853100.466171166,870510.679766496,41851.96896079796
2020-05-22,884542.4167051811,911346.7323629139,875607.6448192701,893477.188591092,7865.99061881879
2020-05-23,932889.1459343142,961158.5139929298,923466.023248109,942312.2686205194,13574.969206176129
2020-05-24,948722.4584734505,977471.6238817369,939139.4033373551,958305.513609546,21936.938027028827
2020-05-25,991547.0474063144,1021593.9276307483,981531.4206648365,1001562.6741477924,21136.15472851079
2020-05-26,1072844.8007381272,1105355.2492453433,1062007.984569055,1083681.6169071991,46618.161476255
2020-05-27,1118385.3264995094,1152275.7909388884,1107088.5050197162,1129682.1479793023,2936.8673571930885
2020-05-28,1131215.827494695,1165495.0949945343,1119789.4049947485,1142642.2499946414,30770.971923874906
2020-05-29,1180201.4761566152,1215965.1572522703,1168280.24912473,1192122.7031885001,16481.90918838638
2020-05-30,1188811.6517507734,1224836.2472583726,1176803.4532482405,1200819.8502533066,9523.325496198333
2020-05-31,1191731.517883178,1227844.5941826685,1179693.825783348,1203769.2099830082,10483.031928937595
2020-06-01,1176767.458338688,1212427.0782883451,1164880.9183554687,1188653.998321907,17773.47285201491
2020-06-02,1252123.56811042,1290066.7065380085,1239475.8553012237,1264771.280919616,601.1923273311523
2020-06-03,1213010.8006048596,1249768.7036534918,1200758.1662553155,1225263.4349544037,10923.922949092403
2020-06-04,1289181.4608270805,1328247.5657006286,1276159.4258692313,1302203.49578493,9174.518347446745
2020-06-05,1316891.8554686676,1356797.6692707485,1303589.9175346408,1330193.7934026946,37525.771252532235
2020-06-06,1245157.797055723,1282889.8515119571,1232580.4455703115,1257735.1485411343,9842.581640643675
2020-06-07,1265336.7891013182,1303680.3281649945,1252555.6094134261,1278117.9687892103,17763.235869864016
2020-06-08,1160945.1623561876,1196125.3187912237,1149218.443544509,1172671.8811678663,102978.61534652824
2020-06-09,1191733.8003459221,1227846.9458109501,1179696.085190913,1203771.5155009315,59536.89716837867
2020-06-10,1235719.8122227741,1273165.8671386158,1223237.7939174934,1248201.8305280546,54299.55984714739
2020-06-11,1208293.9523296123,1244908.9205820248,1196088.9629121413,1220498.941747083,13361.431233237387
2020-06-12,1216077.6706120023,1252928.5091153963,1203794.0577775377,1228361.283446467,37912.3531762732
2020-06-13,1312958.0759196875,1352744.68428089,1299695.87313262,1326220.278706755,17432.685490653097
2020-06-14,1288366.5442443483,1327407.9546759953,1275352.7407671325,1301380.347721564,18104.336773915722
2020-06-15,1235728.6497163053,1273174.9724349813,1223246.5421434133,1248210.7572891973,33179.428645389504
2020-06-16,1310819.5993172466,1350541.4053571632,1297578.997303941,1324060.201330552,12124.77806328347
2020-06-17,1415689.738904892,1458589.427962616,1401389.8425523173,1429989.6352574667,98027.47783695026
2020-06-18,1418022.5505017838,1460992.9308200197,1403699.090395705,1432346.0106078624,18767.273495563033
2020-06-19,1477520.6800558576,1522294.0339969443,1462596.2287421622,1492445.1313695533,40878.54230168926
2020-06-20,1559019.2973556912,1606262.30636647,1543271.6276854316,1574766.9670259508,94428.7139666045
2020-06-21,1515055.9364413382,1560966.722394106,1499752.341123749,1530359.5317589275,61799.69910452905
2020-06-22,1487917.9008714517,1533006.3221099807,1472888.4271252754,1502947.374617628,5383.429466134176
2020-06-23,1563407.3865967335,1610783.3680087558,1547615.3927927262,1579199.380400741,34368.50580243579
2020-06-24,1671127.0484707828,1721767.2620608066,1654246.9772741082,1688007.1196674574,51571.238077286136
2020-06-25,1711259.5562636435,1763115.906453451,1693974.1062003744,1728545.0063269127,53737.32058992892
2020-06-26,1653602.8167913067,1703711.99305771,1636899.7580358388,1670305.8755467744,7235.14127792049
2020-06-27,1787515.6150742003,1841682.7549249337,1769459.9017906224,1805571.328357778,11418.210395241245
2020-06-28,1752232.1376572573,1805330.0812226287,1734532.8231354668,1769931.4521790477,59549.20566535718
2020-06-29,1731370.9182352724,1783836.7036363413,1713882.323101583,1748859.513368962,10282.920863243098
2020-06-30,1757676.5254465041,1810939.4504600347,1739922.2171086606,1775430.8337843476,16322.567579776896
2020-07-01,1869581.4917654109,1926235.4763643628,1850696.8302324268,1888466.1532983948,106497.39561378732
2020-07-02,1936248.9712100318,1994923.1824588208,1916690.900793769,1955807.0416262948,20998.383753302354
2020-07-03,1971284.6605974985,2031020.5594034835,1951372.6943288369,1991196.6268661602,10649.04890192587
2020-07-04,2010772.5305024984,2071705.0314268167,1990461.696861059,2031083.3641439378,9157.99587816879
2020-07-05,2017288.61331354,2078418.5712927382,1996911.9606538073,2037665.2659732727,30721.540410799942
2020-07-06,2065351.6857246517,2127938.1004435807,2044489.5474850088,2086213.8239642947,5807.18946314806
2020-07-07,1859472.4664289302,1915820.1169267767,1840689.9162629815,1878255.016594879,17199.98922079842
2020-07-08,1840200.338989464,1895963.9856255085,1821612.4567774495,1858788.221201479,30737.249443231805
2020-07-09,1860723.8677555262,1917109.4395056937,1841928.6771721372,1879519.0583389155,80752.95384564291
2020-07-10,1777846.1784566168,1831720.3050765144,1759888.1362499841,1795804.2206632493,42939.528046358
2020-07-11,1807985.8850931001,1862773.3361565275,1789723.4014052912,1826248.3687809093,10785.25154358677
2020-07-12,1795910.6206627132,1850332.1546221895,1777770.1093428878,1814051.1319825386,71569.14451681299
2020-07-13,1924711.5846305103,1983036.1781041622,1905270.0534726265,1944153.1157883944,16325.522543989144
2020-07-14,2048703.0235263896,2110784.9333302197,2028009.0535917794,2069396.9934609996,6401.559925133967
2020-07-15,2013604.1869485667,2074622.4956439778,1993264.7507167629,2033943.6231803703,18545.058431879013
2020-07-16,2004475.4953265719,2065217.1770031347,1984228.2681010508,2024722.7225520927,92796.96385373481
2020-07-17,2001553.1652415185,2062206.2914609585,1981335.4565017053,2021770.873981332,25984.098923966194
2020-07-18,1968394.676824636,2028043.0003647765,1948511.902311256,1988277.4513380162,22304.012284367105
2020-07-19,1986702.7144562239,2046905.8270155033,1966635.0102697974,2006770.4186426504,113233.98773582804
2020-07-20,1929423.5267446097,1987890.9063429313,1909934.400211836,1948912.6532773837,5263.993051210955
2020-07-21,1845060.228957659,1900971.144986679,1826423.2569479856,1863697.2009673323,6089.984928750256
2020-07-22,1893785.4078348528,1951172.844435909,1874656.2623011672,1912914.5533685382,4377.151848827566
2020-07-23,1944313.8435625895,2003232.444882668,1924674.30978923,1963953.377335949,31973.035517405016
2020-07-24,1884676.6236838342,1941788.0365227382,1865639.4860708662,1903713.7612968022,26016.679410664845
2020-07-25,1955001.8566292257,2014244.3371331417,1935254.3631279203,1974749.350130531,103025.96958033327
2020-07-26,1908544.9340892138,1966379.6290616144,1889266.702431747,1927823.1657466807,28098.601267813076
2020-07-27,1930734.8407921426,1989241.9571797831,1911232.468662929,1950237.212921356,14703.529419614859
2020-07-28,1996985.6137167749,2057500.32928395,1976814.0418610498,2017157.1855724999,22066.03600198503
2020-07-29,1997296.1398112122,2057820.265260037,1977121.4313282706,2017470.8482941538,24777.90031298604
2020-07-30,2036622.1747582776,2098337.9982358012,2016050.233599103,2057194.1159174521,4139.121005115491
2020-07-31,1997606.2254426572,2058139.7474257683,1977428.3847816202,2017784.0661036943,331151.629401677
2020-08-01,1984904.119974925,2045052.7296711348,1964854.5834095215,2004953.6565403282,37044.34613377963
2020-08-02,1971537.0268552839,2031280.573123626,1951622.5114325034,1991451.5422780646,27173.793348991876
2020-08-03,1915618.0582494678,1973667.0903176335,1896268.3808934125,1934967.735605523,40748.0793188555
2020-08-04,1904946.214172981,1962671.8570267078,1885704.3332217387,1924188.0951242233,44775.25762076434
2020-08-05,1789802.2508694602,1844038.6827139894,1771723.4402546172,1807881.0614843033,19138.29373530884
2020-08-06,1757324.230959448,1810576.4803824616,1739573.4811517769,1775074.9807671192,11716.564207074412
2020-08-07,1739935.4730136853,1792660.7903777363,1722360.3672256682,1757510.5788017022,40112.796869843885
2020-08-08,1724715.9266698228,1776980.0456598173,1707294.553673158,1742137.2996664876,32393.42796216185
2020-08-09,1710642.420914091,1762480.0700327,1693363.2045412213,1727921.6372869606,9799.727919045912
2020-08-10,1708982.1261304796,1760769.4632859488,1691719.68041199,1726244.5718489694,91038.30321293931
2020-08-11,1744319.8787170332,1797178.0568599736,1726700.4860027197,1761939.2714313467,29535.61305200135
2020-08-12,1807953.8592025815,1862740.339784478,1789691.699008616,1826216.019396547,45698.43641885858
2020-08-13,1763675.9680131464,1817120.6943165753,1745861.0592453368,1781490.876780956,88602.9903967501
2020-08-14,1681439.2246314583,1732391.9284081692,1664454.9900392215,1698423.4592236953,22513.914542648607
2020-08-15,1613876.009526262,1662781.3431482702,1597574.2316522594,1630177.7874002648,30240.942797821714
2020-08-16,1584845.4192890471,1632871.038055382,1568836.8797002689,1600853.9588778254,49514.81706968146
2020-08-17,1564913.0518783145,1612334.6595109906,1549105.849334089,1580720.2544225398,10669.440606881355
2020-08-18,1519061.3457006372,1565093.5076915657,1503717.2917036612,1534405.3996976134,23249.79660594877
2020-08-19,1442584.7087519695,1486299.3968959686,1428013.1460373031,1457156.2714666359,24972.951712779668
2020-08-20,1418428.868572795,1461411.5615598494,1404101.304243777,1432756.4329018132,8467.083947963694
2020-08-21,1430850.1420955441,1474209.2373105607,1416397.1103572052,1445303.173833883,223605.0910746119
2020-08-22,1467052.3371383615,1511508.4685667967,1452233.6266622166,1481871.0476145067,5392.188205196659
2020-08-23,1436542.1639305744,1480073.7446557435,1422031.637022185,1451052.6908389642,6014.305114584493
2020-08-24,1414965.425771649,1457843.1659465474,1400672.8457133495,1429258.0058299485,81979.67057593948
2020-08-25,1364638.0312247064,1405990.6988375762,1350853.8086870832,1378422.2537623297,44948.21151539139
2020-08-26,1364968.8647690006,1406331.5576407884,1351181.3004784046,1378756.4290595965,7895.396779743903
2020-08-27,1320693.1712801962,1360714.176470505,1307352.8362167599,1334033.5063436325,40428.44963896223
2020-08-28,1352951.2506058523,1393949.7733514844,1339285.0763573083,1366617.4248543964,95592.5765618011
2020-08-29,1258333.0653346675,1296464.370344809,1245622.630331287,1271043.500338048,21369.863106137924
2020-08-30,1242119.208607773,1279759.1846261905,1229572.5499349674,1254665.867280579,296209.69160299096
2020-08-31,1258942.8358151983,1297092.6187186893,1246226.2415140346,1271659.430116362,3928.2063026325113
2020-09-01,1270088.7359609117,1308576.2734142728,1257259.5568097914,1282917.915112032,44082.733486974954
2020-09-02,1408809.53795226,1451500.7360720257,1394579.138579005,1423039.9373255153,70723.15693413878
2020-09-03,1430634.8166986764,1473987.3869016666,1416183.9599643464,1445085.6734330065,53709.43168169215
2020-09-04,1375323.350359383,1416999.8155217888,1361431.1953052478,1389215.5054135183,17955.36568771771
2020-09-05,1372134.567059079,1413714.4024245057,1358274.62193727,1385994.5121808879,16474.327151974026
2020-09-06,1276702.809159217,1315390.7730731326,1263806.8211879116,1289598.797130522,34342.71422533325
2020-09-07,1274501.7863191676,1313123.0525712636,1261628.0309018022,1287375.541736533,49799.21434343583
2020-09-08,1233944.2816885877,1271336.532648848,1221480.1980351675,1246408.3653420077,40234.231265449045
2020-09-09,1280976.8219527525,1319794.3014058664,1268037.662135048,1293915.9817704572,62321.259515430145
2020-09-10,1254740.3530062246,1292762.7879458072,1242066.2080263637,1267414.4979860855,7951.612704065965
2020-09-11,1250762.027279573,1288663.9068941055,1238128.067408062,1263395.9871510838,17539.82030274685
2020-09-12,1220840.9057537564,1257836.0847159915,1208509.1794330112,1233172.6320745014,8604.01357272283
2020-09-13,1307586.6014870978,1347210.4378957977,1294378.6560175312,1320794.5469566644,14971.253737605093
2020-09-14,1292745.8719173109,1331919.9892481386,1279687.832807035,1305803.9110275868,60792.45055943075
2020-09-15,1389446.212845616,1431550.6435379076,1375411.4026148522,1403481.02307638,24538.139998869046
2020-09-16,1436779.1854671568,1480317.9486631313,1422266.2644018321,1451292.1065324817,298599.70112022466
2020-09-17,1466639.2918390278,1511082.9067432408,1451824.7535376234,1481453.830140432,26726.379882020414
2020-09-18,1490471.19165916,1535636.9853458013,1475415.9270969462,1505526.4562213738,23381.301029242873
2020-09-19,1516184.6395804298,1562129.6286586246,1500869.6432210316,1531499.6359398281,24493.986549343652
2020-09-20,1401550.6143420325,1444021.84507967,1387393.5374294866,1415707.6912545783,11639.867140106193
2020-09-21,1388018.1725674742,1430079.3293119431,1373997.7869859845,1402038.5581489638,20788.669623323527
2020-09-22,1437023.984734089,1480570.1660896677,1422508.5909488962,1451539.378519282,68035.71229525538
2020-09-23,1436368.863693661,1479895.1928964993,1421860.087292715,1450877.6400946071,24685.484261128215
2020-09-24,1357788.5792481166,1398933.6877101809,1344073.5430940953,1371503.615402138,9962.071093900315
2020-09-25,1356979.0955371547,1398099.6741897957,1343272.2359862742,1370685.955088035,8733.44667911402
2020-09-26,1451511.9866663902,1495497.1983835534,1436850.2494273358,1466173.7239054446,14041.859450912665
2020-09-27,1526084.3854933365,1572329.3668719225,1510669.3917004743,1541499.3792861984,23715.009393494336
2020-09-28,1524588.5780503172,1570788.2319306298,1509188.6934235464,1539988.462677088,72662.923148878
2020-09-29,1584898.2089332722,1632925.4273857956,1568889.1361157645,1600907.28175078,5764.71709493049
2020-09-30,1564040.5034409603,1611435.6702118986,1548242.1145173144,1579838.8923646065,15997.275766175844
2020-10-01,1459789.597217753,1504025.645618291,1445044.2477509072,1474534.9466845992,25445.90281510307
2020-10-02,1407998.2483154538,1450664.8619007706,1393776.0437870147,1422220.4528438926,3520.2744431982255
2020-10-03,1498132.0316227844,1543529.97197499,1482999.384838716,1513264.678406853,9570.126636691568
2020-10-04,1483960.1171769577,1528928.6055762595,1468970.6210438572,1498949.6133100584,11160.225705788556
2020-10-05,1471739.1726106293,1516337.3293564061,1456873.120362037,1486605.2248592216,9937.091251076521
2020-10-06,1456295.436613439,1500425.6013593008,1441585.3816981516,1471005.4915287262,26685.871446356377
2020-10-07,1569399.2968117134,1616956.851260553,1553546.7786621,1585251.8149613265,18759.215246930664
2020-10-08,1673824.5468934893,1724546.5028599587,1656917.2282379994,1690731.865548979,12641.165837145762
2020-10-09,1824889.2364701314,1880188.9103025598,1806456.011859322,1843322.461080941,33791.434309309596
2020-10-10,1816016.9746219895,1871047.792034777,1797673.3688177268,1834360.580426252,123386.22034501542
2020-10-11,1840215.3636710693,1895979.4656004957,1821627.3296945938,1858803.3976475447,113465.77365670867
2020-10-12,1731337.7298909198,1783802.509584584,1713849.4699930318,1748825.989788808,3220.294931371541
2020-10-13,1836217.6283462907,1891860.5867810268,1817669.975534712,1854765.2811578694,39225.102229658216
2020-10-14,1753200.0588663896,1806327.3333774924,1735490.9673626886,1770909.1503700905,18434.454318580356
2020-10-15,1771031.896200667,1824699.529418869,1753142.685127933,1788921.107273401,25723.37377254973
2020-10-16,1695954.1329961924,1747346.6824809257,1678823.283167948,1713084.9828244369,14790.15397583253
2020-10-17,1658550.4190520127,1708809.5226596496,1641797.384516134,1675303.4535878918,24774.957156357337
2020-10-18,1605492.5664456314,1654143.8563379233,1589275.4698148675,1621709.6630763954,25627.144380271526
2020-10-19,1568863.2368016508,1616404.5470077617,1553016.133399614,1584710.3402036878,12345.516536368425
2020-10-20,1537384.1400930306,1583971.538277668,1521855.0073648184,1552913.2728212432,8987.881528780756
2020-10-21,1505974.2263101414,1551609.8089256003,1490762.3654383216,1521186.087181961,14063.025362787781
2020-10-22,1558432.3633716605,1605657.586504135,1542690.6223275021,1574174.1044158186,27840.839388887853
2020-10-23,1491895.8545649643,1537104.8198548118,1476826.1994683486,1506965.5096615802,40094.57597528967
2020-10-24,1507294.691975685,1552970.2887022211,1492069.4930668399,1522519.8908845305,51707.027378374216
2020-10-25,1582988.5686261836,1630957.9191906136,1566998.7851047069,1598978.3521476602,13437.572456042819
2020-10-26,1552867.692339714,1599924.289077281,1537182.1600938584,1568553.2245855697,29256.13479655582
2020-10-27,1510603.671831731,1556379.540675117,1495345.0488839357,1525862.2947795263,57670.58854518236
2020-10-28,1498940.3235296817,1544362.7575760358,1483799.512180897,1514081.1348784664,70657.171835762
2020-10-29,1571922.2414348293,1619556.2487510364,1556044.2389960936,1587800.243873565,20767.969395563843
2020-10-30,1586485.0088900935,1634560.3121897934,1570459.9077901936,1602510.1099899935,17660.190744967134
2020-10-31,1555154.1958073056,1602280.0805287391,1539445.5675668276,1570862.8240477834,26665.456263430562
2020-11-01,1587587.0392749473,1635695.7374347942,1571550.8065549983,1603623.2719948962,6976.429466339282
2020-11-02,1519969.0306108664,1566028.698205135,1504615.8080794436,1535322.2531422894,18149.358395618303
2020-11-03,1563674.7983402016,1611058.8831383896,1547880.1034074721,1579469.4932729308,46378.27412395025
2020-11-04,1591577.4685165472,1639807.0887746245,1575500.9284305216,1607654.008602573,41854.187449547455
2020-11-05,1574368.7936279955,1622076.93888945,1558466.078540844,1590271.508715147,16810.053274898706
2020-11-06,1523920.6143442397,1570100.026900126,1508527.476825611,1539313.7518628684,27384.1101079211
2020-11-07,1472157.241833215,1516768.0673433125,1457286.9666631825,1487027.5170032475,9656.143845846284
2020-11-08,1505858.8862863483,1551490.973749571,1490648.1904652743,1521069.5821074226,44511.02312819405
2020-11-09,1582144.5230456104,1630088.296471235,1566163.265237069,1598125.780854152,20377.335633606523
2020-11-10,1544185.2213719336,1590978.7129286588,1528587.390853025,1559783.051890842,16714.778518518506
2020-11-11,1574814.858135895,1622536.5205036495,1558907.6373466435,1590722.0789251465,15340.8757700337
2020-11-12,1445709.834094075,1489519.2230060168,1431106.7044567612,1460312.963731389,20683.80142594928
2020-11-13,1414070.8947493415,1456921.527923564,1399787.350357934,1428354.439140749,14074.534154205925
2020-11-14,1414435.219771677,1457296.8930980915,1400147.9953295386,1428722.444213815,42537.57304517707
2020-11-15,1365089.3420484802,1406455.685746919,1351300.5608156673,1378878.123281293,14834.583428054588
2020-11-16,1316000.3812221235,1355879.180653097,1302707.4480784656,1329293.3143657814,108332.89170079202
2020-11-17,1282822.455758541,1321695.8635087998,1269864.6531751214,1295780.2583419606,95340.55056363887
2020-11-18,1299739.9451744359,1339126.0041191159,1286611.2588595427,1312868.6314893293,9031.344339581441
2020-11-19,1291950.3947676742,1331100.406730331,1278900.390780122,1305000.3987552265,23616.579591670936
2020-11-20,1178220.9713408044,1213924.6371390105,1166319.7494080688,1190122.1932735397,11491.275550660075
2020-11-21,1080042.1670474042,1112770.7175639924,1069132.6502085417,1090951.683886267,15888.525115441615
2020-11-22,1055444.6310260366,1087427.8016631892,1044783.5741469857,1066105.6879050874,163150.35332182885
2020-11-23,1076350.3119702896,1108966.9880906015,1065478.0865968524,1087222.537343727,16194.526323886945
2020-11-24,959673.7296539576,988754.7517646836,949980.055617049,969367.4036908663,31578.31838665094
2020-11-25,941930.1233697159,970473.4604415256,932415.6776791126,951444.5690603191,37847.541160020555
2020-11-26,923515.4702182703,951500.787497612,914187.0311251564,932843.9093113842,8097.985674040511
2020-11-27,976186.8000661563,1005768.2182499793,966326.3273382153,986047.2727940973,9366.591349013344
2020-11-28,962616.9518529893,991787.1625152011,952893.5482989186,972340.3554070599,6594.410192265452
2020-11-29,978807.7448441522,1008468.5855970053,968920.7979265345,988694.6917617699,9081.814315361597
2020-11-30,985806.4997707042,1015679.4240061801,975848.8583588789,995764.1411825295,1274.0675932906533
2020-12-01,903272.1581608593,930644.0417414914,894148.1969673153,912396.1193544033,37971.167503097444
2020-12-02,932383.0740173683,960637.1065633491,922965.0631687079,941801.0848660285,171818.47855163633
2020-12-03,941814.9308639917,970354.7772538096,932301.6487340524,951328.212993931,25535.393240873324
2020-12-04,962375.4530097061,991538.3455251517,952654.4888378909,972096.4171815213,5344.007617572342
2020-12-05,1114959.6078434386,1148746.2626265732,1103697.389582394,1126221.8261044836,11582.187274512467
2020-12-06,1023683.9774262125,1054704.7040148857,1013343.7352299881,1034024.2196224369,13920.5738093518
2020-12-07,1095841.2764435965,1129048.5878509781,1084772.1726411358,1106910.380246057,7961.838526117705
2020-12-08,1084885.1640954528,1117760.4720983452,1073926.7280944886,1095843.600096417,52061.585763764975
2020-12-09,1098981.2464657007,1132283.7084798128,1087880.42579433,1110082.0671370714,49526.34575162884
2020-12-10,1098629.034172575,1131920.8230868955,1087531.7712011347,1109726.297144015,6936.469497928974
2020-12-11,1081633.8435949534,1114410.6267341946,1070708.2492152064,1092559.4379747005,45482.41489670728
2020-12-12,1058602.2711452318,1090681.1278466024,1047909.3189114415,1069295.223379022,101398.40736712527
2020-12-13,1074142.9223855408,1106692.7079123752,1063292.993876596,1084992.8508944856,147643.84578944926
2020-12-14,1010567.6812367435,1041190.9443045236,1000359.9268808168,1020775.4355926702,386625.58500218584
2020-12-15,1042423.9747148817,1074012.580009272,1031894.4396167516,1052953.5098130119,8937.465711834466
2020-12-16,1026633.5696451707,1057743.6778162366,1016263.5335881488,1037003.6057021926,371097.617303141
2020-12-17,981766.835220216,1011517.3453784044,971849.9985008199,991683.6719396121,15456.634559707265
2020-12-18,965567.177496928,994826.788936229,955813.9736838278,975320.3813100284,12179.805162429557
2020-12-19,1015570.0091039123,1046344.8578646369,1005311.7261836708,1025828.2920241539,30548.54616859007
2020-12-20,995346.5537497799,1025508.5705300763,985292.5481563478,1005400.559343212,12307.18683071946
2020-12-21,1011110.9965229682,1041750.7236903309,1000897.7541338472,1021324.238912089,32828.23150048845
2020-12-22,983064.5458836168,1012854.3806073627,973134.6009757015,992994.4907915321,5883.592432621576
2020-12-23,1014342.5866708598,1045080.240812401,1004096.7019570128,1024588.4713847069,17348.25836536367
2020-12-24,1043677.68826876,1075304.2848829648,1033135.4893973584,1054219.8871401616,79664.73016212224
2020-12-25,1122417.2765470834,1156429.9212909346,1111079.728299133,1133754.8247950338,20804.793764215447
2020-12-26,1116218.6622392207,1150043.4701858638,1104943.7262570062,1127493.598221435,25376.930359713962
2020-12-27,1147747.5890992472,1182527.8190719518,1136154.1791083459,1159340.9990901488,35428.03038972054
2020-12-28,1153971.4817658854,1188940.3145466698,1142315.2041722904,1165627.75935948,71016.08142482664
2020-12-29,1215518.4022003366,1252352.2931761043,1203240.4385417472,1227796.3658589257,4208.136902744775
2020-12-30,1182391.5199941962,1218221.5660546266,1170448.1713073861,1194334.8686810064,39518.494315720374
2020-12-31,1219400.6258460563,1256352.1599626034,1207083.4478072072,1231717.8038849053,16845.87099185379
2021-01-01,1211733.1665954166,1248452.3534619445,1199493.4376399075,1223972.895550926,26020.44607106735
2021-01-02,1210439.608621083,1247119.5967611158,1198212.9459077385,1222666.2713344272,63573.38391047702
2021-01-03,1216697.7016886428,1253567.329012541,1204407.82591401,1228987.5774632755,6672.923499061516
2021-01-04,1230798.7606653906,1268095.6928067661,1218366.4499515987,1243231.0713791824,8001.270003955707
2021-01-05,1226922.7763172756,1264102.254387496,1214529.6169605353,1239315.9356740157,3179.7887421656546
2021-01-06,1239300.620274051,1276855.18452478,1226782.4321904748,1251818.8083576274,12718.858066733028
2021-01-07,1319390.078708562,1359371.5962451852,1306062.9061963542,1332717.2512207697,83319.03757656417
2021-01-08,1373376.8653573128,1414994.3461257163,1359504.371767845,1387249.3589467807,19524.25487810221
2021-01-09,1423184.0030455207,1466310.7910165973,1408808.407055162,1437559.5990358796,5766.8143674664725
2021-01-10,1399386.1164024046,1441791.7562933867,1385250.9031054107,1413521.3296993987,13552.431482669657
2021-01-11,1351709.5448105726,1392670.4401078627,1338055.9130448091,1365363.176576336,4974.789297872478
2021-01-12,1405388.664437102,1447976.199723075,1391192.8193417776,1419584.5095324263,7149.615787775993
2021-01-13,1456744.196703272,1500887.9602397347,1442029.6088577842,1471458.7845487595,32494.265619194983
2021-01-14,1544741.49142054,1591551.839645405,1529138.0420122517,1560344.9408288284,6809.858861150896
2021-01-15,1509738.846339718,1555488.5083500126,1494488.9590029533,1524988.733676483,67012.49042173715
2021-01-16,1498141.113724325,1543539.3292917288,1483008.3752018572,1513273.852246793,20514.34567001385
2021-01-17,1402141.1802277418,1444630.3069013099,1387978.1380032192,1416304.2224522645,23994.854822343255
2021-01-18,1382232.3960037844,1424118.2261857172,1368270.4526098068,1396194.339397762,16674.352382394398
2021-01-19,1439405.4263827878,1483023.7726368117,1424865.9776314464,1453944.875134129,47707.688031021105
2021-01-20,1414705.4953126193,1457575.3588069412,1400415.540814512,1428995.4498107266,48202.19737907336
2021-01-21,1453071.1649918803,1497103.624537089,1438393.678476811,1467748.65150695,30793.359710781093
2021-01-22,1444178.188932696,1487941.164354899,1429590.5304586282,1458765.8474067636,38746.24418816476
2021-01-23,1465064.2999012119,1509460.187777006,1450265.6706092805,1479862.9291931433,17817.035516364886
2021-01-24,1400004.229050146,1442428.599627423,1385862.7721910537,1414145.6859092384,37880.92654132157
2021-01-25,1406875.9789874211,1449508.5844112823,1392665.1105128007,1421086.8474620415,15711.091777309382
2021-01-26,1240659.9990620844,1278255.7566094203,1228128.0798796392,1253191.9182445297,22075.67543227001
2021-01-27,1233246.0055642796,1270617.096641985,1220788.9752050445,1245703.0359235147,16736.650771411
2021-01-28,1154664.8899729806,1189654.735123677,1143001.6082560818,1166328.1716898794,13943.677527547166
2021-01-29,1212097.668338202,1248827.9007120868,1199854.2575469068,1224341.0791294968,11057.765300646424
2021-01-30,1251607.5604261025,1289535.0622571965,1238965.0598157377,1264250.061036467,35160.90545408018
2021-01-31,1276848.5289371505,1315540.9086019127,1263951.0690488964,1289745.9888254046,81683.38652095317
2021-02-01,1356447.5842766643,1397552.0565274723,1342746.0935263948,1370149.0750269336,71047.35969921295
2021-02-02,1306996.0347589566,1346601.9752061977,1293794.0546098761,1320198.014908037,6269.392030258801
2021-02-03,1400308.3996494696,1442741.9875176353,1386163.870360081,1414452.9289388582,79953.70442074272
2021-02-04,1454623.0893495916,1498702.5769056398,1439929.9268309087,1469316.2518682743,16023.977903502793
2021-02-05,1443041.0726757597,1486769.5900295705,1428464.9002244894,1457617.24512703,40164.26765966243
2021-02-06,1510755.4948984962,1556535.964440875,1495495.33838437,1526015.6514126225,8899.805201001633
2021-02-07,1446168.0680269867,1489991.3428156832,1431560.3097640877,1460775.8262898854,25386.68019971502
2021-02-08,1400641.8780475324,1443085.5713217002,1386493.9802894765,1414789.7758055883,30143.457579299848
2021-02-09,1368646.1907478485,1410120.3177402075,1354821.4817503956,1382470.8997453016,4991.018160339234
2021-02-10,1341739.8270286769,1382398.6096659095,1328186.8994829326,1355292.754574421,40468.014124079426
2021-02-11,1287047.418015501,1326048.8549250618,1274046.9390456474,1300047.8969853546,84620.7686546985
2021-02-12,1351944.625283465,1392912.6442314489,1338288.6189674702,1365600.6315994596,18496.78208005875
2021-02-13,1339974.2696089514,1380579.5505061925,1326439.1759765379,1353509.3632413652,85833.79858646933
2021-02-14,1360878.1345136664,1402116.8658625656,1347131.8907307,1374624.3782966328,18220.57094601243
2021-02-15,1331872.303573742,1372232.070348704,1318419.047982088,1345325.559165396,51512.744963101446
2021-02-16,1236877.6675572824,1274358.8089984122,1224383.9537435726,1249371.3813709924,2395.698302249363
2021-02-17,1252094.1006807727,1290036.3461559478,1239446.685522381,1264741.5158391644,247403.96842009257
2021-02-18,1158199.3148829716,1193296.2638188193,1146500.3319043557,1169898.2978615875,98268.44478013147
2021-02-19,1156756.9376491425,1191810.1781839652,1145072.524137535,1168441.35116075,16570.420640186076
2021-02-20,1095179.756493236,1128367.0218415158,1084117.334710476,1106242.178275996,3065.331420998814
2021-02-21,1183879.503924874,1219754.6404074458,1171921.1250973498,1195837.8827523978,29378.79305260225
2021-02-22,1228813.069077714,1266049.8287467358,1216400.815854707,1241225.3223007214,5198.235151012357
2021-02-23,1235854.3543140872,1273304.486262999,1223370.9769977834,1248337.7316303912,34367.05007091813
2021-02-24,1300178.431851771,1339577.7782715217,1287045.3163785206,1313311.5473250211,33241.8771222786
2021-02-25,1258114.2282822486,1296238.9018665592,1245406.0037541452,1270822.4528103522,8592.086042861069
2021-02-26,1287351.7651879857,1326362.4247391368,1274348.2120042685,1300355.3183717027,67573.21958909681
2021-02-27,1299571.845417798,1338952.8104304587,1286444.8570802445,1312698.8337553516,49294.84066881221
2021-02-28,1315245.7257589712,1355101.6568425763,1301960.4153977693,1328531.0361201728,58443.943163038246
2021-03-01,1384156.8944544054,1426101.0427712055,1370175.5116821385,1398138.277226672,22222.436344919148
2021-03-02,1426788.4895639296,1470024.5043992002,1412376.4846188396,1441200.49450902,5347.9892765458835
2021-03-03,1445406.576249615,1489206.7755299064,1430806.5098228513,1460006.6426763788,58563.813760788784
2021-03-04,1351895.2787828997,1392861.8023823814,1338239.7709164058,1365550.7866493936,16808.308569800567
2021-03-05,1302007.839541021,1341462.6225574156,1288856.2452022228,1315159.4338798192,5487.454999523193
2021-03-06,1297570.1315593987,1336890.4385763502,1284463.362553748,1310676.9005650491,85138.90396511329
2021-03-07,1304362.7749157045,1343888.9196101197,1291187.3933508995,1317538.1564805096,179765.32342734208
2021-03-08,1247351.4924166482,1285150.02248988,1234751.9823922378,1259951.0024410589,21136.398296004452
2021-03-09,1369550.8596756402,1411052.4008779323,1355717.0126082094,1383384.7067430709,190826.73612165303
2021-03-10,1454676.337244336,1498757.4383729522,1439982.6368681306,1469370.0376205414,24132.499273336154
2021-03-11,1491893.8426660527,1537102.7469892665,1476824.2078916482,1506963.4774404573,15056.18419635851
2021-03-12,1498430.5374218195,1543837.523404299,1483294.8754276598,1513566.1994159794,11725.738141296672
2021-03-13,1487958.967195364,1533048.6328679507,1472929.0786378349,1502988.8557528928,113219.35469336387
2021-03-14,1433534.2813010016,1476974.7140676987,1419054.1370454358,1448014.4255565673,10095.61165302929
2021-03-15,1440127.4219001438,1483767.6468062089,1425580.6802647887,1454674.1635354988,45948.17040810892
2021-03-16,1457135.4730779538,1501291.0934742554,1442416.932945853,1471854.0132100543,12592.241696738762
2021-03-17,1386944.640943412,1428973.2664265458,1372935.0991157007,1400954.1827711232,13900.682761233158
2021-03-18,1407564.4255459262,1450217.8929867118,1393346.6030656642,1421782.248026188,61712.988234354954
2021-03-19,1400934.2876294525,1443386.841800042,1386783.436239256,1415085.139019649,15062.494931132736
2021-03-20,1296127.1681797348,1335403.7490336662,1283034.9745617579,1309219.361797712,14694.148327854668
2021-03-21,1253464.6234293673,1291448.399896924,1240803.3646068485,1266125.8822518862,68377.88257644023
2021-03-22,1234607.2241965649,1272019.5643237336,1222136.4441541755,1247078.0042389545,108814.21889320067
2021-03-23,1329681.2477840155,1369974.6189289857,1316250.1240690253,1343112.3714990055,41969.137397632956
2021-03-24,1361277.2997792168,1402528.1270452535,1347527.0240238712,1375027.5755345623,11444.107233140436
2021-03-25,1290600.785957317,1329709.9006832964,1277564.4143819907,1303637.1575326435,13218.749279230924
2021-03-26,1317627.8398213005,1357555.9561795217,1304318.4677018935,1330937.2119407076,23858.963737086397
2021-03-27,1238053.449081363,1275570.2202656467,1225547.8586866015,1250559.039476124,30361.482527628476
2021-03-28,1293527.7049971616,1332725.5142395,1280461.7685830488,1306593.6414112744,8202.006429617764
2021-03-29,1271091.484969315,1309609.4087562638,1258252.1770403318,1283930.7928982978,45389.584416933845
2021-03-30,1268237.3157091152,1306668.7495184825,1255426.8377726595,1281047.793645571,23992.902337152416
2021-03-31,1337396.662940881,1377923.8345451502,1323887.6057394578,1350905.720142304,3961.1579826444095
2021-04-01,1270544.827483946,1309046.1858925505,1257711.0413477446,1283378.6136201476,8699.958352300064
2021-04-02,1201446.5933860096,1237854.0659128584,1189310.7692103933,1213582.4175616258,13304.682585557055
2021-04-03,1175202.2263744574,1210814.4150524712,1163331.4968151194,1187072.9559337953,20478.73503054039
2021-04-04,1225777.2352155412,1262921.9999190425,1213395.646981041,1238158.8234500417,145696.18319382
2021-04-05,1153120.707799021,1188063.7595505065,1141473.023881859,1164768.3917161827,27949.96723022013
2021-04-06,1024217.6981451107,1055254.598088902,1013872.0648305137,1034563.3314597078,9501.71996455112
2021-04-07,1007270.6291940308,1037793.9815938498,997096.1783940911,1017445.0799939705,27463.985421278725
2021-04-08,1031011.6272449535,1062254.403828134,1020597.3683838934,1041425.8861060137,15489.416334400901
2021-04-09,1082057.4974745451,1114847.1186101374,1071127.623762681,1092987.3711864091,30477.934432253445
2021-04-10,1063633.894745356,1095865.2248891545,1052890.1180307562,1074377.6714599554,39362.45361629392
2021-04-11,1047725.0542063275,1079474.298273186,1037141.972850708,1058308.135561947,73808.60828570162
2021-04-12,1097655.47016151,1130917.7571361011,1086568.0411699794,1108742.8991530403,21497.963836029576
2021-04-13,1017208.6651883618,1048033.1701940697,1006933.8301864591,1027483.5001902644,113432.19398958032
2021-04-14,1002926.2102212702,1033317.9135613088,992795.6424412574,1013056.7780012831,54612.750632438
2021-04-15,1012069.8439469272,1042738.6270968341,1001846.9162302916,1022292.7716635629,10856.947267200927
2021-04-16,1031773.577558807,1063039.4435454374,1021351.6222299301,1042195.5328876838,200758.03697422048
2021-04-17,1012281.0348972661,1042956.2177729408,1002055.9739387078,1022506.0958558243,30546.16770226783
2021-04-18,1015194.0157685116,1045957.4707917998,1004939.5307607489,1025448.5007762744,9555.531648811817
2021-04-19,915671.4052538457,943419.0235948714,906422.1991401706,924920.611367521,115025.95197462113
2021-04-20,892935.3424126125,919993.9891523886,883915.7934993538,901954.8913258712,175918.76152224684
2021-04-21,910472.9037275086,938062.9917192514,901276.207730261,919669.5997247562,21310.916588123157
2021-04-22,876064.5290158173,902611.9389859936,867215.3923590919,884913.6656725428,13311.049245165648
2021-04-23,879445.5851815912,906095.4513992153,870562.2964423832,888328.8739207992,18538.872865790443
2021-04-24,896484.7554781634,923650.9601896228,887429.3539076769,905540.1570486499,45014.13036249545
2021-04-25,885545.8771485719,912380.6006985287,876600.9692985864,894490.7849985575,79051.64523677896
2021-04-26,892912.3355486634,919970.2851107442,883893.0190279698,901931.652069357,38967.659241028414
2021-04-27,859866.2727169049,885922.826435599,851180.7548106734,868551.7906231362,24384.99366788975
2021-04-28,854049.7492870397,879930.0447199804,845422.9841427262,862676.5144313533,98519.69636871976
2021-04-29,876177.0225769132,902727.8414428803,867326.749621591,885027.2955322356,16109.48530624692
2021-04-30,882992.7321734348,909750.0876938419,874073.6136666324,891911.8506802372,61754.32783103901
2021-05-01,863601.1073429984,889770.8378685438,854877.8638344833,872324.3508515136,16513.561008745586
2021-05-02,872641.8504052127,899085.5428417344,863827.2862597054,881456.4145507199,33895.00569930326
2021-05-03,898894.7495815734,926133.9844173787,889815.0046363049,907974.4945268418,19661.888266729522
2021-05-04,826535.8336153924,851582.3740279801,818186.9868111965,834884.6804195883,20829.96423684065
2021-05-05,866096.2873058276,892341.6293453982,857347.8399593041,874844.7346523511,15102.468443735183
2021-05-06,855746.2725063596,881677.9777338251,847102.3707638711,864390.1742488481,84529.34500135294
2021-05-07,871594.3488894915,898006.2988558398,862790.3655673754,880398.3322116076,10583.73811376724
2021-05-08,914642.2865278064,942358.7194528915,905403.475552778,923881.0975028347,10506.692850863268
2021-05-09,865830.6192854012,892067.9107788982,857084.8554542355,874576.3831165668,183687.9303222413
2021-05-10,842559.1355151974,868091.2305308095,834048.43717666,851069.8338537348,58562.366809908905
2021-05-11,834098.2006284273,859373.9036777737,825672.9662786452,842523.4349782094,2028.1641460590868
2021-05-12,809200.2518611267,833721.4716144942,801026.5119433375,817373.9917789159,12515.726603492361
2021-05-13,866570.4968041275,892830.208828495,857817.2594626717,875323.7341455834,3597.558365149381
2021-05-14,838172.215789518,863571.3738437458,829705.8297714421,846638.601807594,8512.656257965029
2021-05-15,820803.7191077127,845676.5590806737,812512.7724500591,829094.6657653664,954.784187975797
2021-05-16,828745.4557777562,853858.9544376882,820374.2895577787,837116.6219977335,19206.622536244042
2021-05-17,790137.5356853851,814081.0973728211,782156.3484562398,798118.7229145304,7030.816905578535
2021-05-18,778817.0546886998,802417.5714974483,770950.2157524503,786683.8936249493,23386.290575104358
2021-05-19,789874.8008278601,813810.4008529468,781896.2674861646,797853.3341695557,4336.742378064306
2021-05-20,780542.8912044972,804195.706089482,772658.619576169,788427.1628328254,23930.566484117004
2021-05-21,778798.0075874531,802397.9472113154,770931.3610461657,786664.6541287405,14546.180388467326
2021-05-22,763476.4928177603,786612.1441152683,755764.6090519244,771188.3765835963,98908.74785230105
2021-05-23,718371.2083517887,740140.0328472974,711114.9335199525,725627.4831836249,90341.91997459742
2021-05-24,728689.6973174163,750771.2032967319,721329.195324311,736050.1993105215,48307.668879505065
2021-05-25,780934.7978150307,804599.4886579104,773046.5675340707,788823.0280959905,15889.061879043229
2021-05-26,782681.0189643664,806398.6255996503,774775.1500859385,790586.8878427944,160392.6892702667
2021-05-27,790907.4384457498,814874.3305198634,782918.4744210453,798896.4024704543,4660.904104581743
2021-05-28,814008.9827955209,838675.9216681125,805786.6698379903,822231.2957530514,5412.364679046416
2021-05-29,773900.1392167018,797351.6585869049,766082.9660933008,781717.3123401029,20256.214211716077
2021-05-30,827764.0426633259,852847.8015319116,819402.7897071308,836125.2956195212,209826.8842306844
2021-05-31,835704.9088262867,861029.3000028408,827263.4451007687,844146.3725518048,17991.614966157744
2021-06-01,891508.4990323585,918523.9080939452,882503.3626784963,900513.6353862208,18338.441367612275
2021-06-02,866705.5559576758,892969.360683666,857950.9543823457,875460.1575330058,5208.721149602922
2021-06-03,931034.5890658508,959247.7584314827,921630.1992773068,940438.9788543948,56722.689956714814
2021-06-04,961299.0040234819,990429.2768726783,951588.9130737496,971009.094973214,57135.2334968549
2021-06-05,984006.4278781144,1013824.8044804815,974066.9690106587,993945.8867455701,48488.1734791634
2021-06-06,994693.7002144982,1024835.9335543315,984646.2891012204,1004741.111327776,11740.261027368066
2021-06-07,986297.3467359532,1016185.1451218913,976334.7472739739,996259.9461979326,10864.905897952187
2021-06-08,1035140.0403330688,1066507.9203431618,1024684.0803297044,1045596.0003364332,6044.34104958928
2021-06-09,1042504.4352469943,1074095.4787393275,1031974.0874162165,1053034.783077772,23953.566394688394
2021-06-10,962041.036282681,991193.7949579138,952323.4500576035,971758.6225077587,7477.0429907918615
2021-06-11,920492.9289834417,948386.654104152,911195.0206098715,929790.8373570117,6785.773008069281
2021-06-12,915030.8803459154,942759.0888412462,905788.1441808052,924273.6165110257,14419.10414567954
2021-06-13,927749.7723653272,955863.4018309432,918378.5625434552,937120.9821871992,13505.385689252696
2021-06-14,927041.39871606,955133.5623135164,917677.3441835744,936405.4532485454,12861.858061966559
2021-06-15,973633.4162527077,1003137.4591694565,963798.7352804581,983468.0972249573,35117.13956057753
2021-06-16,899107.5474434486,926353.2306993107,890025.653024828,908189.4418620693,23838.275976689085
2021-06-17,905620.2486619585,933063.2865001997,896472.5693825448,914767.9279413723,16512.021485553752
2021-06-18,841122.727108656,866611.2945967971,832626.5379459423,849618.9162713697,26450.039437641633
2021-06-19,867944.8623111437,894246.2217751178,859177.742489819,876711.9821324684,8172.0327122370645
2021-06-20,865967.3813685924,892208.8171676407,857220.236102243,874714.5266349418,24471.846758747575
2021-06-21,881801.0743874402,908522.3190658476,872893.9928279711,890708.1559469093,25606.52530834316
2021-06-22,852652.859087299,878490.8245141868,844040.2039450031,861265.514229595,4899.817020481192
2021-06-23,897569.4156591265,924768.4888609182,888503.0579251959,906635.773393057,59616.86330370147
2021-06-24,936316.5777024955,964689.8073298439,926858.8344933795,945774.3209116117,9123.112381706533
2021-06-25,959576.3407584042,988654.4116904772,949883.6504477133,969269.0310690952,24108.25999662318
2021-06-26,956044.437837129,985015.4814079511,946387.4233135215,965701.4523607363,70573.6229126487
2021-06-27,979653.2777877147,1009339.7407509788,969757.7901332934,989548.7654421361,55585.45013171808
2021-06-28,953422.3728534931,982313.9599096596,943791.8438347708,963052.9018722152,22795.84105804161
2021-06-29,987480.7426740438,1017404.4015429541,977506.1897177403,997455.2956303472,15328.988640476708
2021-06-30,1054115.1885302,1086058.073031115,1043467.5603632282,1064762.8166971717,56812.51463806819
2021-07-01,1100838.2354039906,1134196.9698101722,1089718.6572685966,1111957.8135393844,43247.51170223397
2021-07-02,1070362.5209407292,1102797.748848024,1059550.778304964,1081174.263576494,11868.403501593117
2021-07-03,1087441.966755263,1120394.7536266348,1076457.7044648058,1098426.2290457203,9947.796546330766
2021-07-04,1032824.4743598824,1064122.1857041214,1022391.9039118028,1043257.044807962,2772.8884519080984
2021-07-05,1058020.8599621702,1090082.098142842,1047333.780568613,1068707.9393557275,25694.48976036633
2021-07-06,1078677.8036672622,1111365.0098389974,1067782.0682766838,1089573.5390578406,20278.2113276511
2021-07-07,999618.6450772545,1029910.1191705047,989521.4870461711,1009715.8031083379,68609.84898664757
2021-07-08,954664.4413678976,983593.6668638944,945021.3662025653,964307.5165332298,31541.363597139603
2021-07-09,945284.332562373,973929.3123369904,935736.0059708338,954832.6591539121,83635.98877449201
2021-07-10,935326.3388503805,963669.561239786,925878.5980539119,944774.079646849,10966.88736207057
2021-07-11,891479.1030014863,918493.6212742586,882474.2635772288,900483.9424257437,68744.38441577398
2021-07-12,906686.9780051701,934162.3409750238,897528.5236818856,915845.4323284547,12978.943868640627
2021-07-13,917167.3223337109,944960.2714953385,907903.0059465016,926431.6387209201,47934.75343647224
2021-07-14,911415.9813336582,939034.6474346782,902209.7592999849,920622.2033673315,5121.699555927783
2021-07-15,885229.4872336397,912054.6232104168,876287.7752413807,894171.1992258987,27865.2396222678
2021-07-16,923691.1903355301,951681.8324669099,914360.9762917368,933021.4043793234,3026.953837186489
2021-07-17,986240.1257921704,1016126.190210115,976278.1043195223,996202.1472648187,16862.753167756393
2021-07-18,968643.1764345764,997995.9999628969,958858.9019251362,978427.4509440166,34212.76140259631
2021-07-19,946377.2889135879,975055.3885776361,936817.9223589052,955936.6554682706,13082.509295414444
2021-07-20,966391.5659944055,995676.158903327,956630.0350247651,976153.096964046,7704.519403978147
2021-07-21,954001.290424769,982910.4204376409,944364.9137538119,963637.6670957264,51334.50767727069
2021-07-22,950112.8879878334,978904.1876238283,940515.7881091683,959709.9878664983,19861.475107700026
2021-07-23,979648.2170035922,1009334.5266097616,969752.7804682024,989543.653538982,13499.78924697299
2021-07-24,906297.7978590386,933761.3674911306,897143.2746483412,915452.3210697359,22968.888863947475
2021-07-25,955448.224312884,984401.2008072139,945797.2321481075,965099.2164776607,307634.95313785516
2021-07-26,959659.0957658574,988739.6744254288,949965.5695460002,969352.6219857145,69807.92701006061
2021-07-27,945302.8588485306,973948.4000257588,935754.3451227878,954851.3725742733,70444.02263174923
2021-07-28,943346.6810931045,971932.944156532,933817.9267386287,952875.4354475803,34048.672328355555
2021-07-29,943344.0153848274,971930.1976692161,933815.2879566977,952872.7428129569,26016.475062470876
2021-07-30,879434.2958466572,906083.8199632226,870551.1211411355,888317.470552179,2006.0396051452558
2021-07-31,933341.4451862108,961624.5192827627,923913.7538206936,942769.1365517281,11170.365951654887
2021-08-01,936284.2943678579,964656.5457123384,926826.877253031,945741.7114826847,13621.784433504763
2021-08-02,954279.7582937848,983197.3267269299,944640.5688160699,963918.9477714999,3378.2325447431244
2021-08-03,992032.9653339417,1022094.5703440612,982012.4303305686,1002053.5003373149,6922.85966602694
2021-08-04,952999.941947493,981878.728067114,943373.6799076193,962626.2039873666,3038.634540168222
2021-08-05,972478.189552188,1001947.2255992241,962655.1775365093,982301.2015678667,21198.29778556322
2021-08-06,963525.901895435,992723.6564983269,953793.3170278042,973258.4867630656,49949.4099327525
2021-08-07,997606.6137438449,1027837.1171906282,987529.7792615838,1007683.448226106,66620.95979303677
2021-08-08,914217.5779252643,941921.1408926966,904983.0569361201,923452.0989144084,33349.0465616571
2021-08-09,911965.1542460412,939600.4619504667,902753.3850112327,921176.9234808497,8405.181658881083
2021-08-10,891343.0446840215,918353.4399774767,882339.5795862031,900346.5097818399,3190.5061199324837
2021-08-11,908091.8422319415,935609.7768450307,898919.1973609119,917264.4871029713,3801.425095715886
2021-08-12,926527.7116767938,954604.3090003331,917168.8459022806,935886.5774513069,6192.024814340736
2021-08-13,901692.1032022012,929016.1063295406,892584.1021597547,910800.1042446477,9055.615141955454
2021-08-14,877358.179379623,903944.7908759753,868495.9755475055,886220.3832117404,18774.43723487025
2021-08-15,874790.4899975791,901299.2927247785,865954.222421846,883626.7575733123,7989.119096034322
2021-08-16,844727.711997152,870325.5214516111,836195.1088456656,853260.3151486383,30914.354244195318
2021-08-17,874444.681989075,900943.0056857136,865611.9074235288,883277.4565546212,17461.024369957548
2021-08-18,862842.2980927249,888989.0343985651,854126.7193241115,871557.8768613383,22259.979674659044
2021-08-19,763805.6657123455,786951.2919460529,756090.4569677763,771520.8744569146,68888.91458349512
2021-08-20,753499.7257916464,776333.0508156357,745888.6174503166,761110.8341329761,6766.6963685947085
2021-08-21,723328.2760111922,745247.3146781981,716021.9297888569,730634.6222335275,33480.03527752487
2021-08-22,677215.3514933642,697737.028811345,670374.7923873706,684055.9105993578,21720.82532085986
2021-08-23,644711.0018905582,664247.6989175448,638198.7695482293,651223.234232887,15780.238668473232
2021-08-24,648499.5422130239,668151.0434922064,641949.0417866297,655050.042639418,53383.464362713115
2021-08-25,683937.2102817239,704662.580290261,677028.7536122114,690845.6669512362,53051.27377310618
2021-08-26,693531.056711497,714547.1493391182,686525.6925022899,700536.420920704,8548.48372425628
2021-08-27,677746.1958674297,698283.959378564,670900.2746970516,684592.1170378078,18358.34312089121
2021-08-28,691122.3085195088,712065.4087776757,684141.2751001198,698103.3419388977,29179.208080348864
2021-08-29,679467.4897815887,700057.413714364,672604.1818039968,686330.7977591804,16764.07112867054
2021-08-30,661608.356246795,681657.0943148797,654925.4435574336,668291.2689361566,39538.15097740314
2021-08-31,632051.3292834738,651204.3998678215,625666.9724220245,638435.686144923,29178.634286382272
2021-09-01,588709.5772380186,606549.2613967465,582763.015851776,594656.1386242612,137662.62718407653
2021-09-02,580410.568786128,597998.7678402531,574547.8357680863,586273.3018041697,4768.184312152023
2021-09-03,584950.6212786341,602676.3976810169,579042.0291445064,590859.2134127617,19488.191757854584
2021-09-04,583567.2441783348,601251.1000625268,577672.6255502708,589461.8628063988,8879.473009852074
2021-09-05,574732.8080921394,592148.9537919012,568927.4261922189,580538.1899920601,40300.028512432145
2021-09-06,553852.8557360242,570636.2756068128,548258.3824457614,559447.3290262871,4371.354131308177
2021-09-07,568158.7906298395,585375.7236792287,562419.8129467098,573897.7683129692,31142.001271325968
2021-09-08,539077.4256663118,555413.1052319576,533632.1991444299,544522.6521881938,11730.546947509705
2021-09-09,556619.607006409,573486.867824785,550997.186733617,562242.027279201,10570.666512518672
2021-09-10,535140.3906885135,551356.766163923,529734.9321967104,540545.8491803167,5184.879065410987
2021-09-11,519836.7617991499,535589.3909445787,514585.8854173403,525087.6381809595,13834.54568789067
2021-09-12,490116.96239206457,504968.99155546044,485166.28600426594,495067.6387798632,65153.449636450874
2021-09-13,481022.30994891474,495598.74358373036,476163.49873730954,485881.12116051995,21478.5773804811
2021-09-14,500509.72548179945,515676.6868600358,495454.07168905396,505565.3792745449,41261.30512598457
2021-09-15,511583.5649899337,527086.0972623558,506416.0542324596,516751.07574740774,116383.00773514369
2021-09-16,532372.7272228699,548505.2341084114,526995.2249276893,537750.2295180503,28674.27289222574
2021-09-17,544290.2643608217,560783.908735392,538792.3829026317,549788.1458190118,12596.829419954678
2021-09-18,521078.03004784876,536868.2733826321,515814.615602921,526341.4444927765,35145.51226223872
2021-09-19,514964.96719797404,530569.9662039733,509763.30086264096,520166.6335333071,12780.85789593159
2021-09-20,499666.40589141654,514807.8121305504,494619.2704783719,504713.54130446113,13300.771455529655
2021-09-21,527009.6487030737,542979.6380577123,521686.3189181942,532332.9784879533,4817.966357016926
2021-09-22,502571.3966111301,517800.83287207346,497494.9178574823,507647.87536477786,55617.73983247099
2021-09-23,521291.12954222376,537087.8304374428,516025.5625771508,526556.6965072968,14972.903667214781
2021-09-24,540692.6234996612,557077.2484541964,535231.0818481494,546154.1651511729,26425.857110821067
2021-09-25,581074.1483098647,598682.4558344061,575204.7124683509,586943.5841513785,7816.858851057935
2021-09-26,572423.4280168833,589769.5925022434,566641.37318843,578205.4828453367,34062.33916780976
2021-09-27,589592.0588564791,607458.4848824331,583636.5835144945,595547.5341984638,10281.061185725586
2021-09-28,644286.199100708,663810.023315881,637778.2576956503,650794.1405057657,19116.19725137769
2021-09-29,629335.1080618472,648405.8689122061,622978.1877783941,635692.0283453001,52988.279747438835
2021-09-30,591636.9219215375,609565.3134949175,585660.7913970775,597613.0524459975,48569.90173777971
2021-10-01,548033.043318708,564640.1052374567,542497.3560124584,553568.7306249576,21546.52710841471
2021-10-02,564478.6825711551,581584.0971945236,558776.877696699,570180.4874456113,3758.85236339703
2021-10-03,522805.4746538716,538648.064794898,517524.6112735295,528086.3380342138,439244.0982816101
2021-10-04,515803.6652980968,531434.079398039,510593.52726478264,521013.80333141086,126229.75404439555
2021-10-05,525600.0805863594,541527.355755643,520290.98886326485,530909.172309454,45373.10578398588
2021-10-06,530281.611790456,546350.7515416819,524925.2318733806,535637.9917075313,10371.285100834577
2021-10-07,540101.2577404438,556467.9625204573,534645.6894804393,545556.8260004483,19661.3063441739
2021-10-08,545713.7708550937,562250.5517900966,540201.510543426,551226.0311667613,12792.055206677509
2021-10-09,574448.128927413,591855.6479858195,568645.6225746109,580250.6352802152,77952.57742899636
2021-10-10,553427.546598311,570198.0783134114,547837.3693599442,559017.7238366778,28638.37529250596
2021-10-11,539270.977576765,555612.5223518185,533823.7959850804,544718.1591684495,10055.108991093688
2021-10-12,523412.9714677253,539273.9706031109,518125.97175593005,528699.9711795205,13756.199866819994
2021-10-13,541579.4174503343,557990.9149488293,536108.9182841693,547049.9166164993,67588.16296090439
2021-10-14,561897.2802955539,578924.4706075403,556221.5501915584,567573.0103995494,109108.4746715562
2021-10-15,572881.8174050195,590241.872477899,567095.1323807264,578668.5024293127,101552.53842403766
2021-10-16,600861.2202421365,619069.1360070497,594791.9149871654,606930.5254971075,46959.08948034914
2021-10-17,573448.9491498247,590826.1900331527,567656.5355220486,579241.3627776006,17109.260253355187
2021-10-18,612551.8391641993,631114.016108569,606364.4468494095,618739.2314789892,861.3372941290763
2021-10-19,650793.171691577,670514.176894352,644219.503290652,657366.840092502,29648.298713497566
2021-10-20,670918.8723592603,691249.747279238,664141.9140526012,677695.8306659196,21986.221510441617
2021-10-21,719742.9512535449,741553.3437157735,712472.8204328021,727013.0820742878,25336.0128732978
2021-10-22,673128.8506160605,693526.694574123,666329.5692967065,679928.1319354147,23246.209071501973
2021-10-23,660017.6970451762,680018.2333192725,653350.8516204774,666684.542469875,5847.314868697883
2021-10-24,641595.1917207978,661037.4702577917,635114.4322084666,648075.9512331291,38461.32834320449
2021-10-25,661073.4911103265,681106.0211439728,654395.9810991111,667751.001121542,41448.887226202714
2021-10-26,634296.2931515531,653517.3929440245,627889.259887396,640703.3264157103,43579.353868580416
2021-10-27,654466.7922034825,674299.1192399517,647856.0165246595,661077.5678823056,56759.42515462531
2021-10-28,691327.3081422062,712276.6205101518,684344.2040195577,698310.4122648548,40297.7794097512
2021-10-29,711588.8090855286,733152.1063305446,704401.0433371899,718776.5748338673,14617.439606626402
2021-10-30,720732.7544193204,742573.1409168756,713452.6255868019,728012.8832518387,20520.16114007235
2021-10-31,693334.1465907566,714344.272245022,686330.7713726682,700337.5218088451,24127.917879181474
2021-11-01,670888.1201351194,691218.063169517,664111.4724569869,677664.7678132519,24531.160587235227
2021-11-02,705428.6314457136,726805.2566410382,698303.0897139388,712554.1731774885,59767.52044238408
2021-11-03,728477.7784426232,750552.8626378542,721119.4170442128,735836.1398410335,41926.306668792495
2021-11-04,728433.5009986052,750507.2434531084,721075.586847104,735791.4151501062,175842.40373736102
2021-11-05,717349.3787091835,739087.2386700679,710103.4253888887,724595.3320294783,200079.28258106718
2021-11-06,660296.9220108226,680305.9196475141,653627.2561319254,666966.5878897198,23852.625702718182
2021-11-07,633004.1451544317,652186.0889469903,626610.1638902455,639398.1264186179,475.0140827741037
2021-11-08,682351.0995836331,703028.405631622,675458.6642343035,689243.5349329627,75874.2365317959
2021-11-09,648425.8155593476,668075.0826975097,641876.059846627,654975.5712720683,12831.054713013786
2021-11-10,654312.9985869793,674140.6652108271,647703.7763790301,660922.2207949286,9882.453384339182
2021-11-11,681661.815565249,702318.2342187414,674776.3426807515,688547.2884497464,14787.754594497648
2021-11-12,648466.9937180197,668117.5086791718,641916.8220643024,655017.1653717371,14091.921278422216
2021-11-13,654230.8400601774,674056.0170316979,647622.4477363372,660839.2323840176,40630.317773495335
2021-11-14,679756.7171207112,700355.4055183085,672890.4876548455,686622.946586577,4631.167248774113
2021-11-15,681116.2121174285,701756.0973331082,674236.2503788687,687996.1738559884,7497.157698844471
2021-11-16,760286.519399677,783325.5048360309,752606.857587559,767966.181211795,31043.92928878334
2021-11-17,710682.4082665612,732218.2388200933,703503.7980820505,717861.0184510719,41066.33768291204
2021-11-18,741845.2215316967,764325.37975993,734351.8354556189,749338.6076077744,41837.219665274104
2021-11-19,737830.3036375965,760188.7976872207,730377.4722877218,745283.1349874713,10026.267930816828
2021-11-20,761718.8923821381,784801.2830603847,754024.7621560558,769413.0226082202,8281.127012468238
2021-11-21,776307.5505124178,799832.0217400668,768466.0601032015,784149.0409216342,13271.380667835265
2021-11-22,754705.8241773278,777575.6976372469,747082.5330240214,762329.1153306342,27997.563073619523
2021-11-23,762750.8793577804,785864.5423686223,755046.3250208332,770455.4336947277,97292.51802456105
2021-11-24,707210.3670442514,728640.9842274106,700066.8279831983,714353.9061053045,2842.8513223177283
2021-11-25,725336.0980467227,747315.9798057143,718009.4707937256,732662.72529972,17663.77556202028
2021-11-26,735074.7061266394,757349.697221386,727649.7090950571,742499.7031582216,5809.916970631841
2021-11-27,754955.8356170341,777833.2851811866,747330.01909565,762581.6521384183,4220.704442691037
2021-11-28,788041.5735423742,811921.6212254765,780081.5576480068,796001.5894367417,57928.029327572855
2021-11-29,800811.6245964582,825078.6435236236,792722.618287403,808900.6309055133,37972.76892170989
2021-11-30,806756.5111875209,831203.6781932034,798607.45551896,814905.5668560817,34524.81141356386
2021-12-01,779534.3412581958,803156.5940235957,771660.2570030625,787408.4255133291,55327.527016669796
2021-12-02,758495.6210172203,781480.3368056209,750834.0490877535,766157.1929466872,13633.4430803508
2021-12-03,795638.6849573079,819748.9481378325,787601.9305637997,803675.4393508161,14290.674686017923
2021-12-04,842544.3035188849,868075.9490800633,834033.7549984921,851054.8520392777,195972.69489008287
2021-12-05,835783.3763052385,861110.1452841852,827341.1199789229,844225.632631554,17213.150691333132
2021-12-06,838574.9846264427,863986.347796941,830104.5302362766,847045.4390166088,45941.86689302944
2021-12-07,809489.3676792519,834019.3485180172,801312.7073996635,817666.0279588404,22167.478047738503
2021-12-08,848676.9696154532,874394.4535431942,840104.4749728729,857249.4642580335,3469.415690724066
2021-12-09,872538.9424083516,898979.516420726,863725.4177375601,881352.467079143,2850.8457858435254
2021-12-10,941599.2631818334,970132.5741873436,932088.15951333,951110.3668503368,12345.115775419554
2021-12-11,909930.5275842844,937504.1799353234,900739.3101339381,919121.7450346308,63329.165452860776
2021-12-12,897536.986296274,924735.0767901005,888470.9561316652,906603.0164608828,48450.195705308324
2021-12-13,907192.542807485,934683.2259228633,898028.9817690254,916356.1038459444,54944.406616050845
2021-12-14,932012.9511268112,960255.7678276238,922598.6788932071,941427.2233604154,8208.732626679237
2021-12-15,925370.7693001686,953412.3077638102,916023.5898122882,934717.9487880492,110843.26884675682
2021-12-16,894446.3184204288,921550.752311957,885411.5071232527,903481.1297176048,8392.608859482985
2021-12-17,927322.856669009,955423.5492953426,917955.9591268977,936689.7542111202,27250.42506458148
2021-12-18,955462.853131645,984416.2729235131,945811.7132010222,965113.9930622677,21799.6176600217
2021-12-19,921877.4127563324,949813.0919307668,912565.5196981877,931189.3058144773,18511.106451990046
2021-12-20,973242.31298036,1002734.5042827952,963411.5825462149,983073.0434145051,84001.68509639493
2021-12-21,1020257.652385236,1051174.5509423644,1009952.0195328598,1030563.2852376121,10882.262833814917
2021-12-22,1027268.7200240376,1058398.0751762812,1016892.2683066231,1037645.1717414522,5712.4012265055
2021-12-23,1032080.3588720609,1063355.5212621232,1021655.30474204,1042505.4130020817,22471.328488748102
2021-12-24,1056501.7651403355,1088516.9701445883,1045830.0301389181,1067173.5001417531,14767.340017629132
2021-12-25,1021670.8851979427,1052630.6089918197,1011350.9772666503,1031990.793129235,645243.4194525827
2021-12-26,1024430.6830417945,1055474.037073364,1014082.8983646047,1034778.4677189843,43325.968838250934
2021-12-27,937768.6192754811,966185.8501626169,928296.2089797691,947241.029571193,14627.51209868794
2021-12-28,972051.7762259737,1001507.8906570638,962233.0714156104,981870.4810363371,7660.928203712793
2021-12-29,912795.7634727355,940456.2411537275,903575.6042457381,922015.9226997328,3360.051530947675
2021-12-30,969057.5671223804,998422.9479442707,959269.1068484168,978846.0273963438,7901.286823672265
2021-12-31,957714.9384683704,986736.6032704422,948041.050201013,967388.8267357276,24709.468068032238
2022-01-01,27172.652732943792,27996.06645212391,26898.18149321709,27447.1239726705,91796.42675327689
2022-01-02,26531.123894494067,27335.097345842372,26263.13274404463,26799.1150449435,67622.0331020065
2022-01-03,26265.24077831752,27061.15716553926,25999.93531591027,26530.546240724765,27697.427882771255
2022-01-04,27794.961332761144,28637.23288829936,27514.20414758174,28075.71851794055,15943.911868267056
2022-01-05,25070.711958292246,25830.43050248292,24817.47244356202,25323.95147302247,28819.63937352231
2022-01-06,26388.895281242738,27188.558774613728,26122.340783452408,26655.449779033068,13113.034342782152
2022-01-07,26785.281273980363,27596.956464100982,26514.722877273492,27055.839670687237,122806.34905536092
2022-01-08,25532.24262222578,26305.946944111412,25274.341181597236,25790.144062854324,18229.74388948085
2022-01-09,24472.33550959835,25213.921434131633,24225.14020142059,24719.53081777611,20204.53052693762
2022-01-10,26150.054117174357,26942.479999512976,25885.912156394817,26414.196077953897,2402.289632219711
2022-01-11,25200.276955203597,25963.921711421888,24945.728703130833,25454.82520727636,18116.25994474625
2022-01-12,24075.487278898654,24805.04749947134,23832.30053870776,24318.67401908955,50842.308832137955
2022-01-13,25206.85658168934,25970.70072052841,24952.24186874298,25461.471294635696,7572.4915192595745
2022-01-14,25586.02101847617,26361.354988733026,25327.576361723888,25844.465675228457,10397.073647714107
2022-01-15,24664.48870940282,25411.897458172603,24415.35245981289,24913.624958992747,48664.788447527775
2022-01-16,24915.2032128686,25670.209370834316,24663.534493546693,25166.871932190505,5030.842662919144
2022-01-17,23930.302555326187,24655.46323882092,23688.58232749461,24172.022783157765,63436.901109922605
2022-01-18,25019.917574104384,25778.09689453179,24767.191133961915,25272.644014246853,12937.121710691192
2022-01-19,26119.66401273248,26911.16898281528,25855.82902270488,26383.49900276008,14934.53775185658
2022-01-20,26714.676435388385,27524.21208494561,26444.83121886931,26984.52165190746,7158.971431911579
2022-01-21,27141.214779261198,27963.675833178204,26867.061094622193,27415.3684639002,32146.0950011755
2022-01-22,29093.958007978476,29975.59309912934,28800.07964426152,29387.83637169543,257782.6288720465
2022-01-23,29137.23390587864,30020.18038787496,28842.918411879862,29431.54939987741,48122.120664909315
2022-01-24,27803.47804314979,28646.007680820996,27522.63483059272,28084.32125570686,9280.908670435414
2022-01-25,28345.06078287058,29204.002018715142,28058.74703758906,28631.3745281521,68570.69840361668
2022-01-26,30752.743590647173,31684.644911575877,30442.10981700427,31063.377364290074,16047.6941900438
2022-01-27,29550.60716602836,30446.080110453462,29252.116184553328,29849.098147503395,87071.50716034255
2022-01-28,29167.675307828616,30051.544256550696,28873.052324921257,29462.298290735976,49349.178689724446
2022-01-29,29697.297333693354,30597.215434714366,29397.32463335302,29997.270034033692,1160.7927252407771
2022-01-30,29677.810146547843,30577.137726746263,29378.034286481703,29977.586006613983,8070.093659195983
2022-01-31,28556.222095179182,29421.56215866946,28267.775407349087,28844.668783009274,56635.157173702704
2022-02-01,29880.497312391504,30785.96692791852,29578.674107215833,30182.320517567176,25633.548790592577
2022-02-02,32698.27688071512,33689.1337558883,32367.99125565739,33028.56250577285,7912.855958463247
2022-02-03,33003.85072612349,34003.9674147939,32670.478496566684,33337.22295568029,11689.08155325008
2022-02-04,31859.847106985926,32825.29701931883,31538.030469541623,32181.66374443023,3273.985666392388
2022-02-05,29933.651057527986,30840.731392604594,29631.290945835786,30236.01116922019,20163.4474589447
2022-02-06,30287.43805423821,31205.239207396942,29981.504336518632,30593.371771957787,200925.55112493978
2022-02-07,31670.213877526297,32629.91732836043,31350.312727248256,31990.115027804342,49263.2374271662
2022-02-08,32319.665764711026,33299.049575762874,31993.20449436041,32646.127035061643,196893.25364447894
2022-02-09,32365.03760995613,33345.79632540935,32038.11803813839,32691.95718177387,53231.04670495273
2022-02-10,31650.71319946539,32609.825720661313,31331.009025733416,31970.417373197364,61542.25821952542
2022-02-11,30315.478953022728,31234.129830387054,30009.261993901284,30621.69591214417,158590.1828944
2022-02-12,31373.18762202065,32323.890277233397,31056.286736949733,31690.088507091565,32120.934425554464
2022-02-13,32566.96454431,33553.84225777394,32238.00530648869,32895.923782131315,18265.56146128157
2022-02-14,30602.225904796825,31529.566083730064,30293.11251181908,30911.33929777457,61861.761202960384
2022-02-15,32594.233706155486,33581.93775785717,32264.999022254928,32923.46839005605,94262.6427711258
2022-02-16,33391.5815182266,34403.44762483953,33054.29281602229,33728.87022043091,13630.093128618157
2022-02-17,35311.0560379383,36381.088039087954,34954.37870422175,35667.73337165485,10704.622298253727
2022-02-18,33468.344696522014,34482.53696005299,33130.28060867836,33806.408784365674,25307.498961328925
2022-02-19,31690.072268435604,32650.37748869123,31369.970528350394,32010.17400852081,50589.47688417958
2022-02-20,31548.77344914607,32504.79688699898,31230.098969861767,31867.447928430374,48927.312073866844
2022-02-21,32230.585888434798,33207.27030929646,31905.024414814245,32556.14736205535,5301.96295486152
2022-02-22,34594.84223886613,35643.17079155904,34245.399387968486,34944.28508976376,148985.7685179142
2022-02-23,35623.8020474894,36703.311200443626,35263.96566317133,35983.63843180748,11600.866477060543
2022-02-24,35331.42855992928,36402.07791023017,34974.545443162315,35688.31167669624,16897.737278674405
2022-02-25,33933.90208929882,34962.2021526109,33591.135401528125,34276.66877706951,8931.553652782382
2022-02-26,35654.35170261009,36734.786602689186,35294.20673591706,36014.496669303124,327200.63876908773
2022-02-27,34331.99536859872,35372.358864616865,33985.20753659267,34678.78320060477,28059.167097042067
2022-02-28,36619.83635686569,37729.528367679806,36249.93901992766,36989.73369380373,9405.26501390469
2022-03-01,36258.20133816119,37356.934712044866,35891.95688019997,36624.44579612242,52256.708292670555
2022-03-02,38619.45444152234,39789.74093975029,38229.35894211303,39009.54994093166,47530.92255208825
2022-03-03,39726.18186419936,40930.00555705389,39324.90729991452,40127.456428484205,18256.436402450076
2022-03-04,39568.078827869016,40767.111519622624,39168.40126395114,39967.75639178688,51052.34269693052
2022-03-05,38805.3702827778,39981.29059437713,38413.39684557803,39197.34371997758,9649.950252796638
2022-03-06,38334.416081692754,39496.06505386526,37947.19975763525,38721.63240575026,13454.672534711432
2022-03-07,39048.688517825154,40231.9821092744,38654.25732067541,39443.119714974906,2950.657616782595
2022-03-08,39227.7759501192,40416.496433456145,38831.53578900688,39624.01611123151,5860.84409539439
2022-03-09,38354.861579150616,39517.13011185215,37967.43873491677,38742.28442338446,134273.06523163724
2022-03-10,38158.28307888365,39314.59468733467,37772.84587606664,38543.720281700655,113712.50177300499
2022-03-11,38335.455085242815,39497.13554237139,37948.228266199956,38722.68190428567,23524.28683150658
2022-03-12,35128.71865727611,36193.22528325418,34773.883115283425,35483.5541992688,116184.11930966619
2022-03-13,35825.206087347906,36910.81839302512,35463.335318788835,36187.07685590698,18768.317979504358
2022-03-14,34474.99530513379,35519.692132562086,34126.76302932435,34823.22758094322,17267.64325987212
2022-03-15,32936.26263066042,33934.33119522589,32603.5731091386,33268.952152182246,23307.037870340395
2022-03-16,30762.67436201447,31694.876615408848,30451.940277549675,31073.40844647926,19439.811951218904
2022-03-17,28601.421143462663,29468.130875082745,28312.5178995893,28890.324387336022,17761.77004791131
2022-03-18,27093.614280203077,27914.632894754686,26819.941408685874,27367.28715172028,69106.08779806663
2022-03-19,26365.857087918554,27164.822454219116,26099.5352991517,26632.178876685408,25594.573976421965
2022-03-20,28465.37992457829,29327.967195020057,28177.850834431032,28752.909014725545,44912.96408380046
2022-03-21,27909.30340370631,28755.039870485292,27627.391248113316,28191.215559299304,61782.814687074395
2022-03-22,28149.602624646894,29002.62088599983,27865.263204195915,28433.942045097872,32473.699535954212
2022-03-23,28642.762704132696,29510.725210318535,28353.441868737416,28932.083539527976,8347.594346264968
2022-03-24,28835.889609291036,29709.70444593622,28544.617997075973,29127.161221506096,5693.805514490804
2022-03-25,28789.81740032672,29662.23610942753,28499.011163959785,29080.623636693657,25559.916324769696
2022-03-26,27456.51055867635,28288.52603015139,27179.17206818467,27733.84904916803,18559.623028603633
2022-03-27,29091.191626482472,29972.742887891032,28797.341206012952,29385.042046951992,24038.00573083745
2022-03-28,31237.768568594423,32184.367616127587,30922.235552750033,31553.30158443881,21675.675384072507
2022-03-29,29182.1251067698,30066.431928187067,28887.356166297377,29476.894047242222,291726.9847555311
2022-03-30,28030.565076343737,28879.976139263243,27747.42805537057,28313.702097316906,5824.1814465304005
2022-03-31,27758.881243516946,28600.05946301746,27478.48850368344,28039.27398335045,3011.0788943436696
2022-04-01,26729.53996123039,27539.52602066162,26459.54460808665,26999.535314374134,30711.02020574796
2022-04-02,27310.603330376423,28138.19737069086,27034.73865027161,27586.468010481236,15117.033681667353
2022-04-03,26555.987105913322,27360.713987910694,26287.744811914195,26824.229399912445,30214.217469863066
2022-04-04,28895.629127382254,29771.254252454444,28603.754085691526,29187.504169072985,39493.16991067003
2022-04-05,30315.03859668448,31233.676129917345,30008.82608560686,30621.251107762102,79547.10931792324
2022-04-06,30618.27875231024,31546.10538116813,30309.003209357612,30927.55429526287,4879.383601084417
2022-04-07,31921.98823784339,32889.32121474773,31599.543912208606,32244.43256347817,12623.07922711928
2022-04-08,33381.972833742555,34393.54776809839,33044.78118895728,33719.16447852783,33818.432020350316
2022-04-09,32679.018603952463,33669.29189498133,32348.927506942844,33009.109700962086,47594.07680882529
2022-04-10,31661.109991088244,32620.537566575767,31341.300799259072,31980.91918291742,197491.24836950866
2022-04-11,31807.565500543777,32771.43112177237,31486.27696013424,32128.85404095331,57279.837868006005
2022-04-12,32951.538747498715,33950.07022469565,32618.694921766408,33284.38257323103,20810.467912409385
2022-04-13,33184.2562201988,34189.839742023,32849.061712924056,33519.45072747353,9041.35423621237
2022-04-14,31140.774391593965,32084.434221642266,30826.221114911197,31455.327668276732,12527.858798339104
2022-04-15,30187.46255777615,31102.234150436034,29882.538693556187,30492.38642199611,12176.914414693258
2022-04-16,30143.42162961094,31056.85864869006,29838.942623251234,30447.900635970647,42413.99377000955
2022-04-17,30097.40395349325,31009.446497538498,29793.38977214483,30401.418134841664,28481.141502982056
2022-04-18,32517.28600782931,33502.658311096864,32188.82857340679,32845.74344225183,5862.611484724284
2022-04-19,30763.31928378541,31695.54108026376,30452.578684959295,31074.059882611527,14244.106638274652
2022-04-20,31431.60839363285,32384.081375258087,31114.11739975777,31749.09938750793,52973.525742947124
2022-04-21,33350.964609215305,34361.59990040365,33014.08617881919,33687.84303961142,31309.046332388552
2022-04-22,36431.1926589774,37535.168194097925,36063.20081393723,36799.184504017576,38895.91907527844
2022-04-23,35896.5322305735,36984.305934530275,35533.94099592125,36259.12346522576,32303.20434627672
2022-04-24,36656.00155646432,37766.789482417786,36285.73891447983,37026.26419844881,112019.77919143863
2022-04-25,37546.39102041043,38684.16044527135,37167.13454545679,37925.64749536407,27890.54618087505
2022-04-26,37896.29594815092,39044.66855264034,37513.50507998777,38279.086816314055,14972.600884905403
2022-04-27,37803.30571210437,38948.86043065299,37421.45413925483,38185.15728495391,8815.30733182122
2022-04-28,38519.26310796149,39686.51350517244,38130.1796422245,38908.34657369847,28271.49856236626
2022-04-29,34675.43187419613,35726.20253705056,34325.174986577986,35025.68876181427,1918.4943894276814
2022-04-30,35673.487187452796,36754.501950708946,35313.148933034085,36033.825441871515,18319.31044706303
2022-05-01,35907.04565141897,36995.13794388621,35544.34822059656,36269.74308224139,17928.737296951444
2022-05-02,35641.36956889962,36721.411070987495,35281.35573487033,36001.383402928914,5628.111031114634
2022-05-03,38612.950502222986,39783.03991138126,38222.92069917022,39002.98030527574,8705.707824854553
2022-05-04,37628.422173583276,38768.67739096459,37248.33710112284,38008.507246043715,49496.51441150349
2022-05-05,37078.1802674607,38201.76148768679,36703.65319405201,37452.7073408694,27742.248562545963
2022-05-06,40087.52443191805,41302.29789955193,39682.59994270675,40492.44892112934,24386.581798059568
2022-05-07,38813.44460308504,39989.60959105731,38421.38960709428,39205.499599075796,29921.947910566385
2022-05-08,38017.59000760695,39169.63818965565,37633.57394692406,38401.60606828985,24164.20265683402
2022-05-09,37851.03430187081,38998.03534132144,37468.700622053926,38233.36798168768,76333.1477664659
2022-05-10,39180.717642197655,40368.012116203645,38784.952817528996,39576.48246686632,24920.079963480606
2022-05-11,39565.16277329899,40764.107099762594,39165.514664477785,39964.81088212019,5124.493071217592
2022-05-12,37578.79322686008,38717.54453676493,37199.20945689179,37958.37699682836,112434.93355132552
2022-05-13,36835.231320876694,37951.45045181235,36463.15827723148,37207.304364521915,31899.3294229818
2022-05-14,35995.602526212744,37086.3783603404,35632.01058150352,36359.19447092196,12218.986227831236
2022-05-15,35938.411207981764,37027.45397186,35575.39695335568,36301.42546260784,6289.257396185749
2022-05-16,36604.48460535974,37713.711411582764,36234.742336618736,36974.22687410075,32725.64240394394
2022-05-17,37271.71957839874,38401.165626229005,36895.237562455324,37648.201594342165,19591.047781284655
2022-05-18,34679.826675173055,35730.73051381466,34329.52539562585,35030.12795472026,106313.41821377886
2022-05-19,36207.73797683473,37304.942157950936,35842.00324979599,36573.47270387346,15585.444601689673
2022-05-20,36627.84744767827,37737.78221882004,36257.86919063101,36997.825704725525,9533.9959437869
2022-05-21,38711.286363877436,39884.355647631295,38320.26326929282,39102.309458462056,53949.0962128738
2022-05-22,39457.172839427425,40652.844743652495,39058.61553801907,39855.73014083578,55563.50571594245
2022-05-23,41254.56221050294,42504.70045930606,40837.8494609019,41671.27496010398,26072.890298203885
2022-05-24,42086.328956828205,43361.67225855027,41661.214522920855,42511.44339073556,43319.45185644637
2022-05-25,44415.766451291594,45761.6987679974,43967.12234572299,44864.410556860195,21211.79935665668
2022-05-26,45410.2365921047,46786.30436762302,44951.547333598595,45868.92585061081,27829.867710111932
2022-05-27,45300.497766714994,46673.24012328212,44842.91698119262,45758.07855223737,70614.50690146718
2022-05-28,49486.14547250946,50985.72563834308,48986.285417231586,49986.00552778733,41163.95748030709
2022-05-29,51320.17550526237,52875.33233875517,50801.7898940981,51838.56111642664,18596.442196880354
2022-05-30,52574.942343764735,54168.12241478791,52043.88232009034,53106.00236743913,85166.42359865249
2022-05-31,49969.73951277657,51483.97404346677,49464.99466921317,50474.48435633997,2069.670360014354
2022-06-01,47469.63827976659,48908.11216703224,46990.146984011364,47949.1295755218,171454.51837240477
2022-06-02,48096.646659432685,49554.120800627614,47610.82194570104,48582.47137316433,3999.965060181548
2022-06-03,48448.754894642494,49916.89898235893,47959.37353207035,48938.13625721464,11765.269116467209
2022-06-04,47331.289081890165,48765.570569220174,46853.19525278016,47809.38291100017,21143.38701304966
2022-06-05,47669.20173194835,49113.722996552846,47187.69464374685,48150.70882014985,19025.193038939975
2022-06-06,50769.848634934904,52308.328896599596,50257.02188104667,51282.67538882313,60259.230324560136
2022-06-07,52258.222542818425,53841.80504411596,51730.36170905258,52786.08337658427,7647.724116060478
2022-06-08,49951.52681159633,51465.209442250765,49446.96593471152,50456.087688481144,28588.700104198055
2022-06-09,49803.652655063306,51312.85425067129,49300.58545652731,50306.7198535993,12354.651388300692
2022-06-10,48274.74729359192,49737.61842370077,47787.12358355564,48762.37100362821,29588.497870507057
2022-06-11,47598.51479491751,49040.89403112713,47117.72171618097,48079.30787365405,20644.985587357525
2022-06-12,46882.412911914595,48303.092091063525,46408.85318553162,47355.97263829757,24171.6479422552
2022-06-13,46057.009434114756,47452.67638666369,45591.78711659844,46522.231751631065,12709.120541034046
2022-06-14,43813.78368154314,45141.47409613535,43371.2202100124,44256.347153073875,13225.949498854709
2022-06-15,43655.78297298648,44978.6854873194,43214.81546820884,44096.75047776412,29356.595356357764
2022-06-16,42742.31603435776,44037.537732368604,42310.57546835415,43174.05660036138,56597.24033984488
2022-06-17,37797.972639828804,38943.36575012665,37416.17493639619,38179.77034326142,12109.198698789864
2022-06-18,40958.59681528645,42199.766415749684,40544.87361513204,41372.32001544086,9239.402106256997
2022-06-19,42803.81380218056,44100.899068913306,42371.45204660298,43236.17555775814,40678.71109533923
2022-06-20,42223.73527635123,43503.242405937635,41797.232899822426,42650.23765288003,21322.030371758377
2022-06-21,42318.85530224174,43601.244856855126,41891.39211737061,42746.31848711287,50538.87565133867
2022-06-22,40399.01075366013,41623.22320074074,39990.93993796659,40807.081569353664,8903.52715382426
2022-06-23,43199.830340826964,44508.91610873081,42763.468418192344,43636.19226346158,3716.58708014346
2022-06-24,46543.1320752089,47953.5300168819,46072.99942798456,47013.26472243323,12925.998091486905
2022-06-25,46904.6674488871,48326.021007944284,46430.882929201376,47378.45196857283,10235.807498018647
2022-06-26,48895.35902963078,50377.036575983235,48401.46651417996,49389.2515450816,20357.641008308394
2022-06-27,49311.53046774011,50805.81926979284,48813.4342003892,49809.62673509102,11651.087307208281
2022-06-28,46748.85867519637,48165.49075626292,46276.647981507514,47221.06936888522,46213.02442665694
2022-06-29,46048.89106421614,47444.31200555603,45583.750750436186,46514.03137799611,16512.11672863137
2022-06-30,46360.96986362069,47765.84773827586,45892.67723873563,46829.262488505745,25603.248034671906
2022-07-01,45587.58039480643,46969.02222495208,45127.09978475788,46048.06100485498,25787.226681320222
2022-07-02,45257.24681085234,46628.67853239332,44800.10290367201,45714.390718032664,26767.803769478905
2022-07-03,45159.672987764905,46528.147926788086,44703.51467475718,45615.83130077263,21501.34756395849
2022-07-04,45081.31463663271,46447.41508016704,44625.94782212127,45536.681451144155,36702.519775191155
2022-07-05,45243.17186668976,46614.177074771265,44786.170130662584,45700.173602716925,9940.224313775298
2022-07-06,43391.63113242326,44706.52904552699,42953.33182805534,43829.93043679117,89269.74669499134
2022-07-07,42212.21856876389,43491.37670721128,41785.83252261476,42638.60461491302,17386.73114870021
2022-07-08,40106.530824868154,41321.88024380355,39701.41435188969,40511.64729784662,5933.982561486392
2022-07-09,41735.36220048646,43000.070145955746,41313.792885330025,42156.931515642886,26584.227213284972
2022-07-10,38282.76773242508,39442.85160310463,37896.07310886524,38669.462355984935,9403.33335425182
2022-07-11,40106.69713088653,41322.051589398245,39701.5789780493,40511.81528372377,42844.58455142959
2022-07-12,42390.932992327194,43675.50671936741,41962.74174998045,42819.12423467393,200707.83573342772
2022-07-13,41942.13071124118,43213.10436915758,41518.47282526905,42365.788597213315,10030.923078159896
2022-07-14,37637.79926743075,38778.33863917108,37257.61947685064,38017.97905801086,30710.881997389104
2022-07-15,37150.2985901508,38276.065214094764,36775.043048836145,37525.554131465455,3806.610392190878
2022-07-16,37110.64560777049,38235.210626187785,36735.7906016314,37485.50061390959,34679.54217662737
2022-07-17,35666.15348051713,36746.946010229774,35305.88930394626,36026.417657088015,9084.148042925955
2022-07-18,34984.618378355895,36044.75832921517,34631.23839473614,35337.99836197565,11791.867542816366
2022-07-19,37178.42710898849,38305.04611229117,36802.88744122093,37553.96677675605,7322.547094504728
2022-07-20,38223.032591108844,39381.30630599093,37836.941352814814,38609.12382940287,45805.1232891525
2022-07-21,36866.78136893776,37983.95656193587,36494.38963793839,37239.17309993713,60313.084997412305
2022-07-22,34566.14796896431,35613.60699832687,34216.994959176795,34915.30097875183,22547.629436970397
2022-07-23,34165.84803136124,35201.176759584305,33820.73845528688,34510.957607435594,9279.596040036307
2022-07-24,33925.37952802624,34953.421331905825,33582.69892673304,34268.060129319434,107960.7523728303
2022-07-25,34649.617427430225,35699.60583432205,34299.621291799616,34999.61356306083,10400.29939031443
2022-07-26,33959.651081852215,34988.73141766592,33616.62430324764,34302.67786045678,2535.0476180070755
2022-07-27,34705.40444278717,35757.08336529587,34354.84480195094,35055.9640836234,34835.38675748538
2022-07-28,37443.8746942267,38578.53756374872,37065.65373771937,37822.095650734045,7297.049200865993
2022-07-29,38721.461230164714,39894.83884320001,38330.335359152945,39112.587101176476,59195.97291650052
2022-07-30,38705.061131120965,39877.94177145796,38314.1009176753,39096.02134456663,15045.922501359306
2022-07-31,38479.564715685185,39645.61213131201,38090.88224380958,38868.247187560795,40284.144771939034
2022-08-01,37988.29898479789,39139.459560094794,37604.578793032255,38372.019176563525,89455.83748415601
2022-08-02,39839.30303231175,41046.5546393515,39436.88582996517,40241.720234658336,6575.731695751712
2022-08-03,38899.39276808031,40078.16224590092,38506.46960880677,39292.31592735385,12507.238917983466
2022-08-04,39028.10729400951,40210.7772120098,38633.88398800941,39422.330600009605,20421.201458791726
2022-08-05,39166.57574326425,40353.44167487832,38770.95376605956,39562.19772046894,102493.15747945946
2022-08-06,38439.19886309812,39604.02307107079,38050.92412710723,38827.47359908901,11402.834935952937
2022-08-07,36386.598616278054,37489.222816771326,36019.05721611363,36754.14001644248,12155.005072291915
2022-08-08,36911.25625925958,38029.77917620684,36538.415286943826,37284.09723157533,35530.280209897304
2022-08-09,36876.553814129,37994.02514182988,36504.06337156204,37249.04425669596,12366.806588401783
2022-08-10,37669.7544284975,38811.26213845197,37289.25185851268,38050.25699848233,25655.824039559222
2022-08-11,36922.235359878876,38041.090976844906,36549.283487556866,37295.187232200886,4667.8907029790535
2022-08-12,38780.63676600383,39955.807577094856,38388.91316230682,39172.36036970084,201658.2965064045
2022-08-13,37478.733899747545,38614.45310883081,37100.16083005313,37857.30696944197,5723.242358623569
2022-08-14,40101.55608981137,41316.75475919959,39696.48986668196,40506.62231294077,15966.487861420883
2022-08-15,37358.39068300687,38490.463127946474,36981.03320136034,37735.74816465341,21322.51773957344
2022-08-16,38064.12066619108,39217.57886819687,37679.63459885582,38448.60673352634,149147.06839814453
2022-08-17,38845.09088191449,40022.21484803311,38452.71622654161,39237.46553728736,5855.602762497079
2022-08-18,37667.21905400084,38808.649934425106,37286.742093859415,38047.69601414226,160124.05466958
2022-08-19,38363.149459485874,39525.66914007636,37975.64289928905,38750.656019682705,46965.88758458364
2022-08-20,40384.148822243566,41607.9109077661,39976.22812706939,40792.069517417745,33426.200729561366
2022-08-21,36863.751368659825,37980.8347434677,36491.39024372387,37236.112493595785,8228.560034915658
2022-08-22,37660.36937912186,38801.592693640705,37279.96160761558,38040.77715062814,38993.14896194866
2022-08-23,33960.95993095786,34990.07992886568,33617.91993165526,34303.99993026047,10684.1154236186
2022-08-24,32700.10522288678,33691.0175023682,32369.801129726307,33030.409316047255,78171.56591587627
2022-08-25,34880.11184303506,35937.08492918764,34527.7874809842,35232.43620508592,8340.996485525855
2022-08-26,34120.727115080284,35154.68854280999,33776.07330583705,34465.38092432352,19669.834657838088
2022-08-27,32569.76268849456,33556.72519420652,32240.775186590574,32898.75019039855,12641.330357779838
2022-08-28,32360.745938122072,33341.37460291365,32033.86971652488,32687.622159719267,8204.819771349969
2022-08-29,35086.04672235498,36149.26025939604,34731.64221000796,35440.451234702,46227.022880426885
2022-08-30,32568.016236199353,33554.92581911449,32239.046375227645,32896.986097171066,37626.30731682338
2022-08-31,31247.305129691755,32194.19316392484,30931.67578494739,31562.934474436115,73792.33909511025
2022-09-01,33165.804275993556,34170.82864799336,32830.79615199362,33500.81239999349,3714.9663223401535
2022-09-02,35680.04067556063,36761.2540293655,35319.63622429234,36040.44512682892,63842.264458836085
2022-09-03,35585.94352498196,36664.30544998141,35226.489549982136,35945.39749998177,269803.4217874754
2022-09-04,33875.60806040585,34902.141637993904,33533.430201209834,34217.78591960187,14021.664977143551
2022-09-05,36766.340393425875,37880.47192049939,36394.96321773471,37137.71756911705,146553.90794999793
2022-09-06,39166.36237252638,40353.221838360514,38770.74255058167,39561.98219447109,16929.936560242808
2022-09-07,40288.7872662624,41509.659607664296,39881.829819128434,40695.744713396365,5583.607000722569
2022-09-08,39039.992230723736,40223.022298321426,38645.648874857834,39434.33558658963,16225.957563194843
2022-09-09,39021.98801565403,40204.47250097688,38627.82652054642,39416.14951076165,62831.006687809226
2022-09-10,38830.218231248684,40006.89151098349,38437.99380467042,39222.442657826956,9526.412830612006
2022-09-11,39402.34469300821,40596.35513825088,39004.34121126065,39800.34817475577,12084.287584338326
2022-09-12,41748.36256265978,43013.464458497954,41326.661930713715,42170.063194605835,39876.37938807397
2022-09-13,43279.5539655912,44591.05560091215,42842.386753817555,43716.72117736485,22093.972588131543
2022-09-14,41479.33905393563,42736.28872223671,41060.35583116861,41898.32227670266,39522.40291374611
2022-09-15,43825.40458079251,45153.44714384683,43382.723726441065,44268.08543514395,27940.41653115468
2022-09-16,44440.06839659673,45786.737135887546,43991.17881683313,44888.95797636034,35583.07276212095
2022-09-17,45728.05853762893,47113.757281193444,45266.158956440755,46189.9581188171,14295.481884481682
2022-09-18,48479.13327587204,49948.197920595434,47989.445060964244,48968.82149077984,27770.53768043471
2022-09-19,46396.31409326607,47802.263005183224,45927.664455960345,46864.963730571784,8713.484038654678
2022-09-20,46399.42157231644,47805.46465026542,45930.74054633344,46868.10259829943,79892.20939068132
2022-09-21,45482.65335367321,46860.9155765118,45023.23261272701,45942.074094619406,11681.07492248954
2022-09-22,42698.46106365627,43992.35382316101,42267.16347715469,43129.75865015785,68107.8316378352
2022-09-23,43354.66805441755,44668.445874248384,42916.742114473935,43792.59399436116,17437.756341040564
2022-09-24,47775.20808025278,49222.94165844226,47292.630220856285,48257.78593964927,26957.019621659667
2022-09-25,44330.46700726898,45673.81449233773,43882.68451224606,44778.249502291896,13427.168711806233
2022-09-26,44339.72212525576,45683.350068445325,43891.84614419257,44787.59810631895,7974.5027039074885
2022-09-27,45542.29153846409,46922.36097902361,45082.26839161091,46002.31468531726,3847.733729956789
2022-09-28,45834.81550944601,47223.74931276256,45371.837575007165,46297.79344388486,7666.962875315456
2022-09-29,45696.15959607011,47080.89170504193,45234.58222641283,46157.73696572738,15932.098818258333
2022-09-30,43389.93590371036,44704.78244624704,42951.6537228648,43828.21808455592,27224.67959161519
2022-10-01,43859.04488178221,45188.10684789682,43416.02422641068,44302.06553715375,60498.83050179563
2022-10-02,42597.195639790574,43888.01975008726,42166.92093635835,43027.470343222805,14104.406428489106
2022-10-03,38929.710501138456,40109.39869814266,38536.481102137055,39322.939900139856,9118.305229788923
2022-10-04,40848.310239350634,42086.137822361256,40435.70104501376,41260.91943368751,5204.532783466116
2022-10-05,42475.52035662574,43762.65733712955,42046.47469645781,42904.56601679368,35598.672182641014
2022-10-06,42627.00671211592,43918.73418824065,42196.430886741015,43057.58253749083,87833.17145962661
2022-10-07,43081.53795305291,44387.03910314543,42646.37090302207,43516.70500308375,78145.69656262762
2022-10-08,44997.49114952063,46361.051487384895,44542.97103689922,45452.011262142056,44798.62599360905
2022-10-09,45468.77625505926,46846.61795975803,45009.49568682633,45928.05682329218,41711.9658418201
2022-10-10,47181.16229656536,48610.89448737037,46704.584899630354,47657.73969350036,120285.55016080342
2022-10-11,46690.51180001946,48105.37579395944,46218.89046870614,47162.13313133279,30701.950366685378
2022-10-12,49210.835256812315,50702.07268883693,48713.756112804105,49707.91440082052,42029.611141290006
2022-10-13,49916.09685016194,51428.7058456214,49411.89385167546,50420.29984864843,15981.964363593384
2022-10-14,50378.4236198769,51905.04251744893,49869.55065401956,50887.29658573424,5641.789769361864
2022-10-15,47894.64423329644,49345.99708885088,47410.859948111625,48378.428518481254,11116.114591410973
2022-10-16,48516.23214174406,49986.42099452419,48026.16919081735,49006.29509267077,21825.64560958212
2022-10-17,46974.47377361164,48397.94267584229,46499.98413953475,47448.96340768852,23406.88227692892
2022-10-18,45845.61567637356,47234.876757475795,45382.52864933948,46308.70270340764,151188.97975535295
2022-10-19,44419.12819238162,45765.16238002955,43970.450129832316,44867.80625493093,23891.479488319143
2022-10-20,42591.30783974112,43881.95353185449,42161.09260903666,43021.523070445575,71599.50532281534
2022-10-21,46275.066518099695,47677.34126107242,45807.64160377545,46742.491432423936,14255.851862583531
2022-10-22,48808.79126394315,50287.84554466871,48315.77317036797,49301.80935751834,16128.192623719558
2022-10-23,52631.237113327836,54226.12308645898,52099.608455617454,53162.86577103822,5831.28322761203
2022-10-24,50135.68485944037,51654.94803699917,49629.2638002541,50642.105918626636,10484.69639850657
2022-10-25,50353.78260875297,51879.65480901821,49845.15854199789,50862.40667550805,37308.68391850481
2022-10-26,47823.99321217445,49273.205127694884,47340.92257366764,48307.06385068126,22193.62091492798
2022-10-27,46564.89291860004,47975.950279769735,46094.5404648768,47035.24537232327,56553.28781943358
2022-10-28,44924.640871239135,46285.99362491305,44470.85662001449,45378.42512246377,26403.555242528673
2022-10-29,47219.54248531074,48650.437712138344,46742.57740970154,47696.50756091994,15483.74849023921
2022-10-30,46541.980434276025,47952.34347773894,46071.85941978839,47012.101448763664,188772.31094104957
2022-10-31,48600.77300673431,50073.523703908075,48109.85610767638,49091.68990579223,20052.2456967274
2022-11-01,49848.10385518513,51358.65245685741,49344.5876546277,50351.620055742555,70474.12990149907
2022-11-02,54516.15696135784,56168.161717762625,53965.48870922291,55066.82521349277,14746.938685115478
2022-11-03,51371.786657429504,52928.5074652304,50852.879721495876,51890.69359336314,44783.69849848212
2022-11-04,54036.406791266505,55673.87366372913,53490.584500445635,54582.22908208738,55715.6111785459
2022-11-05,56595.44321085771,58310.45664148976,56023.77206731369,57167.114354401725,27132.619932845013
2022-11-06,54476.78410566561,56127.595745231236,53926.513559143736,55027.054652187486,2091.249634036225
2022-11-07,56753.11469529079,58472.90604969354,56179.85091048987,57326.378480091706,22432.194509204226
2022-11-08,57601.33531296859,59346.83032245249,57019.503643140626,58183.16698279656,75392.27142592052
2022-11-09,57163.61986292539,58895.850767862525,56586.20956127968,57741.0301645711,37327.32208363256
2022-11-10,55365.3998939661,57043.13928469235,54806.15343039069,55924.64635754152,34400.92990881934
2022-11-11,53855.89669992646,55487.89356962121,53311.897743361544,54399.895656491375,3935.3026335633926
2022-11-12,58352.45928437261,60120.715626323305,57763.04050372238,58941.878065022844,10716.554017166152
2022-11-13,58441.581739915775,60212.53876233746,57851.26273244188,59031.90074738967,33234.96060577213
2022-11-14,60357.60068915529,62186.61889185697,59747.9279549214,60967.27342338918,33202.59374780566
2022-11-15,58538.665527629426,60312.56448301214,57947.36587583519,59129.96517942366,74210.93424809158
2022-11-16,56800.411494736676,58521.63608548627,56226.669964486806,57374.15302498654,19055.922885456202
2022-11-17,59343.89940783681,61142.19938989247,58744.466080484926,59943.3327351887,33051.561364951325
2022-11-18,56229.35065928762,57933.270376235734,55661.37742030492,56797.323898270326,22390.101479288827
2022-11-19,55379.80666311216,57057.982622600415,54820.41467661608,55939.198649608246,8209.581801888038
2022-11-20,55538.25363096389,57221.231013720375,54977.261170045065,56099.24609188272,2308.1662772572627
2022-11-21,55868.97860375166,57561.977955380506,55304.645486542046,56433.311720961276,33894.5560551799
2022-11-22,55552.55171531156,57235.96237335131,54991.41482929831,56113.68860132481,26211.33443998863
2022-11-23,56515.43249725551,58228.02136080871,55944.56954273778,57086.29545177324,11870.658450676965
2022-11-24,58166.48735393166,59929.10818283868,57578.94707762932,58754.027630234,4362.61507106429
2022-11-25,59962.98850486989,61780.04876259323,59357.30175229545,60568.67525744434,41346.35366789802
2022-11-26,57688.46328973897,59436.59854094318,57105.75153933756,58271.17504014037,16883.29458267901
2022-11-27,57119.297147255274,58850.18493959634,56542.334549808256,57696.2597447023,38440.80183923666
2022-11-28,59934.73669009832,61750.940832222506,59329.335309390255,60540.13807080638,142066.21495692997
2022-11-29,62169.45653984455,64053.37946529438,61541.482231361275,62797.43084832783,2587.814871607742
2022-11-30,58848.71368448764,60632.00803856302,58254.282233129175,59443.1451358461,10942.38644186931
2022-12-01,59764.352355881536,61575.393336362795,59160.672029054454,60368.032682708625,17865.457639820735
2022-12-02,55124.90485069785,56795.35651284021,54568.087629983725,55681.72207141197,94355.62563077592
2022-12-03,55311.08348838408,56987.17692742602,54752.385675370104,55869.78130139806,4288.091241218571
2022-12-04,59592.75210980619,61398.59308283062,58990.80511879805,60194.69910081434,152643.59303501784
2022-12-05,57422.639808894855,59162.71980310379,56842.61314415854,58002.666473631165,25231.686932457334
2022-12-06,55592.41249958726,57277.031060180816,55030.872979389416,56153.952019785116,20010.238334293485
2022-12-07,57374.771469503365,59113.40090797316,56795.22832334676,57954.31461565996,18068.76862918787
2022-12-08,53920.118252389344,55554.06122973448,53375.470593274295,54464.765911504386,14238.957426008623
2022-12-09,52636.269388320114,54231.30785463285,52104.5898995492,53167.948877091025,62825.52753477856
2022-12-10,53971.00124808375,55606.48613438932,53425.83961931522,54516.16287685227,7566.449741888583
2022-12-11,52682.63605886442,54279.079575799704,52150.48821988599,53214.78389784285,31114.03186065234
2022-12-12,52264.399174670696,53848.16884663042,51736.47595068412,52792.32239865727,15000.192814369393
2022-12-13,53898.572534392326,55531.8626111921,53354.14250879241,54443.00255999225,10279.085248962272
2022-12-14,54888.24967959729,56551.529972918426,54333.82291515692,55442.67644403767,292428.4135451949
2022-12-15,55556.38984431555,57239.91680929481,54995.21418932246,56117.565499308635,33491.626614146044
2022-12-16,54886.10804700126,56549.323442364934,54331.70291521337,55440.51317878915,40670.79493382279
2022-12-17,55780.88578333759,57471.215655559936,55217.442492596805,56344.32907407837,68718.70972611645
2022-12-18,55588.48037216016,57272.979777377135,55026.98057042117,56149.98017389915,5316.923122994498
2022-12-19,56689.81181918337,58407.68490461317,56117.18745737344,57262.4361809933,127044.39980690953
2022-12-20,55648.00721727758,57334.31046628599,55085.90613427478,56210.108300280386,1791.919770318364
2022-12-21,55325.09524394655,57001.6132816419,54766.2558980481,55883.934589845,10211.130093113794
2022-12-22,53217.30252039537,54829.948051316445,52679.75401008835,53754.8510307024,13918.418679449323
2022-12-23,53222.60805128726,54835.41435587172,52685.0059497591,53760.21015281541,39407.97023160947
2022-12-24,51575.898719597244,53138.804741403226,51054.93004566192,52096.86739353257,27411.509697886362
2022-12-25,49354.94469237737,50850.54907699487,48856.40989750487,49853.47948724987,18642.240123192423
2022-12-26,49939.625375274714,51452.94735634365,49435.1847149184,50444.066035631025,21763.7855770455
2022-12-27,50439.50060168768,51967.970316890336,49930.01069662013,50948.99050675523,8283.136470831389
2022-12-28,52094.67026158956,53673.29663315289,51568.461471068455,52620.87905211067,4928.3898217078795
2022-12-29,51274.438491447756,52828.20935482496,50756.514870322026,51792.36211257349,45547.52759706645
2022-12-30,52188.257373040586,53769.71971767818,51661.10325816138,52715.41148791978,44077.56106418524
2022-12-31,53416.346377590686,55035.02354054798,52876.78732327159,53955.905431909785,107419.21709341012
2023-01-01,54446.79856830957,56096.70155522804,53896.830906003415,54996.76623061573,9996.425950929643
2023-01-02,52730.300775973585,54328.188678275816,52197.671475206174,53262.930076740995,44038.30975364455
2023-01-03,53124.43548094181,54734.266859152165,52587.82502153836,53661.04594034526,16585.652139235546
2023-01-04,53977.912040713905,55613.60634497796,53432.68060595922,54523.14347546859,72437.18019721116
2023-01-05,54074.37805498873,55712.995571806576,53528.172216049454,54620.583893928015,61203.69097177344
2023-01-06,49642.49035398939,51146.80824350422,49141.051057484445,50143.929650494334,27206.451161684396
2023-01-07,50035.63827392113,51551.86973676723,49530.22778630577,50541.0487615365,15685.152501435708
2023-01-08,54538.907841616136,56191.60201863481,53988.009782609915,55089.80590062236,57580.09295965088
2023-01-09,53835.270263454564,55466.642089619854,53291.4796547328,54379.06087217633,42062.19028946284
2023-01-10,52348.17407542282,53934.48238073867,51819.404640317545,52876.94351052811,11109.541336230333
2023-01-11,53208.46095231918,54820.83855693492,52671.001750780604,53745.92015385776,5838.337300815496
2023-01-12,53953.1201963063,55588.06323255801,53408.1391842224,54498.1012083902,16505.79976966146
2023-01-13,56608.12122628367,58323.51883920136,56036.32202197778,57179.92043058957,100249.14488913117
2023-01-14,53844.811285868214,55476.472233924826,53300.92430318268,54388.69826855375,69319.89012119739
2023-01-15,55500.819769921465,57182.66279325242,54940.20542881115,56061.434111031784,7242.143682733088
2023-01-16,56894.82733596446,58618.91301281187,56320.132110348655,57469.52256158026,6851.634967067097
2023-01-17,56656.67346994291,58373.54236297148,56084.38383893338,57228.96310095243,78801.22722763741
2023-01-18,57509.21435134381,59251.91781653605,56928.313196279734,58090.11550640789,7075.29271812517
2023-01-19,59963.60981186421,61780.688897072214,59357.916783461544,60569.30284026688,36654.64078218543
2023-01-20,62145.842389818565,64029.04973496458,61518.106608103226,62773.5781715339,11895.658548346219
2023-01-21,59397.705232737186,61197.63569433528,58797.72841220449,59997.682053269884,110973.30152058585
2023-01-22,61435.422359431024,63297.10182486833,60814.86253761859,62055.98218124346,10194.210100119057
2023-01-23,61368.60862208957,63228.263428819555,60748.72368651291,61988.49355766623,69103.56015480922
2023-01-24,61639.54881501478,63507.41393062129,61016.927109812605,62262.17052021695,26498.904037943874
2023-01-25,61912.48131823574,63788.61711575804,61287.102719061644,62537.85991740984,28344.686151041435
2023-01-26,61633.273390726376,63500.94834196051,61010.71507364833,62255.83170780442,3070.79393730975
2023-01-27,64663.67665965158,66623.18201297436,64010.50820854399,65316.845110759175,2433.501989437613
2023-01-28,64544.13173118926,66500.01451092226,63892.17080461159,65196.09265776693,17666.651753648453
2023-01-29,61750.54261720579,63621.77118136355,61126.799762486546,62374.285471925046,28195.172756237658
2023-01-30,60871.141145443544,62715.72118015395,60256.2811338734,61486.00115701368,7149.531951825879
2023-01-31,61397.541910318316,63258.07348335827,60777.364719305,62017.71910133163,7415.343581626162
2023-02-01,64508.46887261024,66463.27095965903,63856.8681769273,65160.06956829317,38617.95604593068
2023-02-02,66161.4201643695,68166.31168450191,65493.12299099203,66829.71733774697,38671.35718055885
2023-02-03,64009.75741694396,65949.44703563924,63363.19421071221,64656.32062317572,19192.194513681767
2023-02-04,70468.82820113543,72604.24723753348,69757.02185566942,71180.63454660145,48059.81794404805
2023-02-05,71320.86767948551,73482.10609401538,70600.45487464222,72041.2804843288,6807.618994315166
2023-02-06,75066.3279435835,77341.06515399512,74308.08220677963,75824.57368038737,15429.940402601433
2023-02-07,74723.38161851156,76987.72651604221,73968.59998600134,75478.16325102178,114448.20090625939
2023-02-08,76429.64294621478,78745.6927324637,75657.62635079847,77201.65954163109,23583.960731511277
2023-02-09,79110.69853323148,81507.9924281779,78311.60056824934,79909.79649821362,24992.036537020795
2023-02-10,83084.25396488604,85601.95863048865,82245.01907635185,83923.48885342025,221006.3218988146
2023-02-11,86722.90661857201,89350.87348580146,85846.91766282886,87598.89557431516,5435.233898061643
2023-02-12,89878.56933811297,92602.16234835882,88970.70500136436,90786.43367486159,48846.12679656896
2023-02-13,88880.60540743418,91573.95708644734,87982.82151442979,89778.38930043856,116306.73876857093
2023-02-14,86981.24094161097,89617.0361216598,86102.64254826136,87859.83933496058,15916.985262004458
2023-02-15,88268.93736280332,90943.75364652464,87377.33193489622,89160.54279071043,52032.86342343297
2023-02-16,91695.9897036054,94474.65605826012,90769.76758538716,92622.21182182364,8250.099194144368
2023-02-17,91016.62988475316,93774.70957823053,90097.26998692738,91935.98978257895,11084.107498138628
2023-02-18,95031.08933226194,97910.81931202745,94071.17933900678,95990.99932551711,32369.32247474275
2023-02-19,100695.3860344938,103746.76136887241,99678.26092303426,101712.51114595334,48950.58863472637
2023-02-20,97155.65756644234,100099.76840178909,96174.28728799343,98137.02784489126,67571.15787998254
2023-02-21,94048.92780046012,96898.89530956498,93098.9386307585,94998.91697016174,105834.15653918096
2023-02-22,93661.91624096187,96500.15612705164,92715.83627893195,94607.9962029918,20589.848487456657
2023-02-23,94954.87279382713,97832.29318151886,93995.73266459657,95914.01292305771,72664.75570884219
2023-02-24,93104.89734045435,95926.25786592267,92164.44383196492,94045.3508489438,15641.691439398777
2023-02-25,98280.42235044156,101258.6169671216,97287.69081154821,99273.1538893349,54289.78200919107
2023-02-26,100094.9417941616,103128.12184853014,99083.88177603876,101106.00181228445,27105.41487658072
2023-02-27,100403.02220675717,103445.53803120437,99388.85026527478,101417.19414823958,34395.39290051871
2023-02-28,94786.84050759269,97659.16900782277,93829.39767418265,95744.28334100271,33641.23662694758
2023-03-01,89940.13981119079,92665.5985933481,89031.65355047169,90848.6260719099,4426.19240059238
2023-03-02,91086.01047125092,93846.19260674338,90165.94975942011,92006.07118308175,7157.228765714349
2023-03-03,83452.65438556246,85981.52270027649,82609.69828065779,84295.61049046714,24404.954399209204
2023-03-04,86958.12455773752,89593.21924130533,86079.75966321492,87836.48945226012,4075.3867141850337
2023-03-05,86538.45127664559,89160.8285880591,85664.32550617443,87412.57704711676,50574.92116192113
2023-03-06,97894.3486709568,100860.84408522821,96905.51686619966,98883.18047571393,52657.0792013091
2023-03-07,107078.46851961047,110323.27059596231,105996.86782749319,108160.06921172775,30551.545510986438
2023-03-08,106461.91468441657,109688.03331121706,105386.5418088164,107537.28756001673,7178.64544272405
2023-03-09,106168.77392079178,109386.0094941491,105096.362063006,107241.18577857755,87565.2001004172
2023-03-10,110556.01382886503,113906.19606610337,109439.28641645225,111672.7412412778,168925.0897495356
2023-03-11,118253.68683421002,121837.13188979214,117059.20514901598,119448.16851940406,25516.404229820506
2023-03-12,110682.94835712634,114036.97709522108,109564.93877776142,111800.95793649125,36700.12273999991
2023-03-13,102940.1206445304,106059.5182398192,101900.32144610079,103979.91984296,26950.002114467454
2023-03-14,100533.23730834259,103579.69904495904,99517.75006280377,101548.7245538814,37435.29253073676
2023-03-15,103027.41699381343,106149.4599330199,101986.73601407795,104068.09797354892,19544.34457227918
2023-03-16,105229.62222340173,108418.3986544139,104166.69674639768,106292.54770040579,21278.144820260633
2023-03-17,109890.33249967001,113220.3425754176,108780.32914108748,111000.33585825254,54487.00982996948
2023-03-18,104781.76158677568,107956.96648334464,103723.35995458602,105840.16321896533,229951.60710969474
2023-03-19,95231.3488671447,98117.14731766425,94269.41605030485,96193.28168398455,5431.272684122254
2023-03-20,98642.58985707666,101631.75924668505,97646.20006054052,99638.97965361278,19854.530872231317
2023-03-21,95522.7367308515,98417.36511663489,94557.86060225703,96487.61285944596,6765.148656846193
2023-03-22,87953.5614413712,90618.82087898851,87065.14162883209,88841.9812539103,108231.19348984069
2023-03-23,88595.84670725939,91280.5693347521,87700.93916476183,89490.75424975697,12237.52134027696
2023-03-24,91539.62334473418,94313.55132487764,90614.98068468635,92464.266004782,5202.003954591084
2023-03-25,91230.01022371446,93994.55598806945,90308.49496892947,92151.52547849946,41697.10574771671
2023-03-26,89696.07472095644,92414.13759128847,88790.0537641791,90602.09567773379,126034.51975775868
2023-03-27,89258.85216574758,91963.66586773992,88357.2475984168,90160.45673307836,42770.24239281045
2023-03-28,88069.62876382397,90738.40539303076,87180.03655408838,88959.22097355957,27032.574406037504
2023-03-29,83452.8528587811,85981.72718783507,82609.89474909643,84295.81096846575,33161.369984846686
2023-03-30,81192.34648295339,83652.72061880046,80372.22177100438,82012.47119490242,90657.20212423631
2023-03-31,83007.09254917712,85522.45899006128,82168.63706888241,83845.54802947184,9189.352262334194
2023-04-01,84199.66720620582,86751.17227306054,83349.16551725424,85050.16889515739,19695.646410526155
2023-04-02,84891.98989634097,87464.47443865433,84034.49504890318,85749.48474377875,14006.96313154335
2023-04-03,81640.12248651123,84114.06559216308,80815.47478462728,82464.77018839518,6850.895774511447
2023-04-04,81169.86505470319,83629.55793514874,80349.96742788801,81989.76268151838,15861.098269979162
2023-04-05,74223.13681088213,76472.32277484826,73473.40815622677,74972.86546553751,66684.05154105222
2023-04-06,74864.35542974308,77132.97226094743,74108.14981934163,75620.56104014453,38816.55649535472
2023-04-07,79255.472414739,81657.15339700381,78454.9120873174,80056.0327421606,41953.221389209786
2023-04-08,74701.03408229137,76964.70178175475,73946.47818247024,75455.58998211249,25501.06797528695
2023-04-09,73062.30950964412,75276.31888872424,72324.30638328409,73800.31263600416,37172.47260972151
2023-04-10,74133.71502702223,76380.1912399623,73384.88962270887,74882.54043133558,9891.28808859153
2023-04-11,77960.0307529368,80322.45592726822,77172.55569482633,78747.50581104727,16163.164146813973
2023-04-12,76679.22660422689,79002.8395316277,75904.68896175995,77453.76424669383,26688.93227643366
2023-04-13,74670.99664954802,76933.75412377674,73916.74415813843,75425.24914095759,29071.565907286822
2023-04-14,68902.14500969958,70990.08879787229,68206.16374697535,69598.12627242382,30338.95638321632
2023-04-15,69290.58258661888,71390.29721045583,68590.67771200657,69990.4874612312,19180.79348430891
2023-04-16,75054.38400080826,77328.75927356002,74296.25890989101,75812.50909172551,15101.911419573926
2023-04-17,75999.64431721627,78302.66384198041,75231.97114229489,76767.31749213765,518021.1150441277
2023-04-18,76045.91600394357,78350.33770103277,75277.77543824718,76814.05656963997,54545.32426556387
2023-04-19,77139.70665198719,79477.27352022922,76360.5176959065,77918.89560806786,33294.49929384096
2023-04-20,77221.19085473406,79561.22694124116,76441.17882589836,78001.20288356976,17444.70602235033
2023-04-21,74825.7451206985,77093.19194253786,74069.92951341871,75581.56072797829,14027.587046953393
2023-04-22,77402.08506371916,79747.60279292277,76620.24582065128,78183.92430678703,19325.860615859343
2023-04-23,78217.16469595516,80587.3818079538,77427.09232528893,79007.23706662137,29520.164275486626
2023-04-24,78389.59678809214,80765.03911500402,77597.78267912152,79181.41089706277,3359.5571911927696
2023-04-25,75448.83919930847,77735.16765989357,74686.72971244677,76210.94868617017,4585.298126092797
2023-04-26,79495.93887217018,81904.9067167814,78692.9495906331,80298.92815370725,11650.65418994972
2023-04-27,81728.82953292501,84205.46073089243,80903.2858002692,82554.37326558081,27095.946953696843
2023-04-28,80043.83986272862,82469.41076765979,79235.31622775157,80852.36349770568,17339.230164675617
2023-04-29,83371.50194886746,85897.91109883314,82529.36556554557,84213.63833218935,96579.44627676436
2023-04-30,81837.23007690549,84317.146139842,81010.59138925998,82663.86876455099,5002.050528291671
2023-05-01,79400.10593251807,81806.16974865498,78598.08466047242,80202.1272045637,10390.576103063122
2023-05-02,77106.38577120888,79442.94291579098,76327.53338968151,77885.23815273624,100719.20152248886
2023-05-03,71759.61754659902,73934.15141164747,71034.77292491621,72484.46216828184,25112.457699334154
2023-05-04,73220.76500795185,75439.57606879888,72481.16132100283,73960.36869490086,53361.382159914276
2023-05-05,67967.4830021707,70027.10369920617,67280.94276982555,68654.02323451586,171312.8923445034
2023-05-06,64729.66481784687,66691.16981232708,64075.8298196868,65383.49981600694,11005.996967610485
2023-05-07,59452.67466996982,61254.270872090114,58852.14260259639,60053.20673734325,19944.0406260606
2023-05-08,59337.170744197116,61135.26682735461,58737.80538314462,59936.536105249616,16773.79454533476
2023-05-09,59069.392867613475,60859.37446966237,58472.73233359718,59666.053401629775,3119.4344411704706
2023-05-10,58386.08707831223,60155.36244432169,57796.32862297574,58975.84553364872,16148.83510364453
2023-05-11,56038.78492625201,57736.929924017226,55472.736593663605,56604.833258840416,53160.035859275304
2023-05-12,53495.22089595623,55116.28819583369,52954.86512933041,54035.57666258205,37819.85626913724
2023-05-13,54569.12646441412,56222.73635727516,54017.92316679378,55120.32976203447,40908.09193928314
2023-05-14,53449.254634645615,55068.92901751366,52909.3631736896,53989.14609560163,15130.850520211368
2023-05-15,54205.79317594056,55848.39296915088,53658.25991153713,54753.326440344004,11428.925712847315
2023-05-16,52367.67757813157,53954.57689868101,51838.71113794842,52896.64401831471,78374.63900271269
2023-05-17,52825.502507892685,54426.275311162164,52291.91157346953,53359.09344231585,13395.617144150525
2023-05-18,55658.59345080339,57345.21749476713,55096.385436148805,56220.80146545797,29557.181994221803
2023-05-19,57047.087900132654,58775.78753347001,56470.8546890202,57623.3211112451,25934.636754133833
2023-05-20,56191.57823842186,57894.353336555854,55623.986539043864,56759.16993779986,95008.06068102398
2023-05-21,56853.96224840336,58576.80958926407,56279.67980144979,57428.24469535693,58186.71585033903
2023-05-22,56391.93244188612,58100.778879519035,55822.316962675155,56961.547921097095,6031.441882720965
2023-05-23,56494.295494266335,58206.24384257744,55923.6460448293,57064.94494370337,6717.335374466743
2023-05-24,55843.23025765667,57535.449356373545,55279.15722475105,56407.3032905623,39297.249890550156
2023-05-25,55559.91475337526,57243.54853378057,54998.70349324016,56121.126013510366,20653.960104554924
2023-05-26,56114.61017016767,57815.052902596995,55547.79592602456,56681.42441431078,13972.246050756325
2023-05-27,53969.104637975484,55604.53205124747,53423.96216688483,54514.24710906615,60817.1976470155
2023-05-28,51857.01546639941,53428.44017750242,51333.20722936508,52380.82370343375,26567.910174602734
2023-05-29,49054.57408200786,50541.07632691719,48559.07333370474,49550.074830310965,23212.759545717163
2023-05-30,45988.13124524392,47381.710979948286,45523.60466700913,46452.65782347871,48041.89111073778
2023-05-31,43817.89119361581,45145.706078270836,43375.286232064136,44260.496155167486,15136.903854529653
2023-06-01,44163.11046131042,45501.38653589558,43717.01843644869,44609.20248617214,105716.78793206441
2023-06-02,42652.22418039651,43944.7158222267,42221.39363311978,43083.05472767324,10016.13304768961
2023-06-03,43592.474487494255,44913.45856287287,43152.14646236805,44032.80251262046,42485.96505367588
2023-06-04,43718.39352749995,45043.19333136359,43276.79359287874,44159.993462121165,92395.43380000776
2023-06-05,40341.57744324614,41564.049486980875,39934.08676200123,40749.06812449105,5556.393416807103
2023-06-06,41458.999739583596,42715.33306502552,41040.22196443629,41877.77751473091,15625.58359750706
2023-06-07,42865.784272650635,44164.747432427925,42432.79655272487,43298.771992576396,69023.85116347976
2023-06-08,41225.974828415194,42475.24679291262,40809.55084024938,41642.398816581,70069.61646354652
2023-06-09,41980.72602947788,43252.869242492365,41556.678291806384,42404.773767149374,18555.182324497877
2023-06-10,40605.44040454585,41835.90829559269,40195.284440863565,41015.59636822813,10565.28500816829
2023-06-11,40824.98651164642,42062.10731502965,40412.61291051868,41237.360112774164,57293.11980777673
2023-06-12,38821.298775096504,39997.701768281244,38429.16444403492,39213.43310615808,71937.22211441725
2023-06-13,36095.101870083214,37188.89283584331,35730.50488149652,36459.698858669915,6872.867217438176
2023-06-14,35596.531504620376,36675.214277487656,35236.97058033128,35956.09242890947,6608.330645055156
2023-06-15,35473.75344851308,36548.7156742256,35115.43270660891,35832.074190417254,27591.32475937064
2023-06-16,34962.67642257526,36022.15146568361,34609.51807487248,35315.834770278045,41330.69128818349
2023-06-17,33359.24534594607,34370.13156855049,33022.28327174459,33696.20742014754,16332.80457219876
2023-06-18,32875.67097687513,33871.90343071983,32543.593492260232,33207.74846149003,43446.85821319266
2023-06-19,33279.11431060617,34287.57232001848,32942.961640802074,33615.26698041028,10827.704859037425
2023-06-20,33269.27297082418,34277.43275781886,32933.21970849262,33605.32623315574,2657.9392963670584
2023-06-21,33562.04394445891,34579.07557913948,33223.03339956538,33901.05448935243,14416.071327939273
2023-06-22,32712.769578155792,33704.0656259787,32382.337562214827,33043.20159409676,23464.223750387653
2023-06-23,34295.04425871131,35334.2880241268,33948.629670239476,34641.45884718314,16716.642183146527
2023-06-24,32733.01015977688,33724.919558558,32402.373693516507,33063.646626037254,6914.643833023816
2023-06-25,33420.482321338284,34433.22420986369,33082.901691829815,33758.062950846754,3584.4166643126296
2023-06-26,35050.58785994092,36112.726885999735,34696.54151792131,35404.63420196052,13172.82396250342
2023-06-27,35777.4081960289,36861.57208075705,35416.02023445285,36138.79615760495,54049.51077309224
2023-06-28,35541.24263067159,36618.249983116184,35182.24017985673,35900.24508148646,77357.85787606276
2023-06-29,34843.501153956946,35899.364825288976,34491.546596846274,35195.455711067625,72237.41356878025
2023-06-30,36339.80325628111,37441.00941556236,35972.73453652069,36706.871976041526,9740.91626750795
2023-07-01,34325.88780826031,35366.06622669244,33979.16166878293,34672.613947737686,6948.58747134675
2023-07-02,33045.36157909817,34046.73617240418,32711.57004799617,33379.153110200175,36193.49244640111
2023-07-03,32569.43201709673,33556.3845024633,32240.447855307873,32898.416178885585,41568.58578568754
2023-07-04,34230.673361762034,35267.96649393664,33884.90898437049,34576.43773915357,32865.199310489574
2023-07-05,34802.00744791205,35856.61373421241,34450.472019145265,35153.54287667884,2939.329360863652
2023-07-06,33506.61303118019,34521.96494121595,33168.1623945016,33845.063667858776,9256.815917584907
2023-07-07,33140.97854252994,34145.250619576305,32806.22118351449,33475.7359015454,21382.138644343286
2023-07-08,32376.319204876745,33357.41978684271,32049.285677554755,32703.35273219873,35854.27890274086
2023-07-09,31505.66948445763,32460.386741562408,31187.430398756038,31823.908570159223,47444.09562126372
2023-07-10,32786.550824431375,33780.08266759596,32455.373543376514,33117.72810548624,25444.465234647527
2023-07-11,31036.741617641524,31977.24893938824,30723.239177059284,31350.24405822376,30662.135669465333
2023-07-12,33080.54935962142,34082.990249306924,32746.402396392925,33414.69632284992,23977.36305910993
2023-07-13,34226.10190955112,35263.25651287085,33880.38370844454,34571.820110657696,43722.554718530344
2023-07-14,35770.87877070766,36854.84479406244,35409.55676292274,36132.20077849259,30117.619697721082
2023-07-15,35162.14496235068,36227.66450666434,34806.97178091279,35517.318143788565,23523.087391594738
2023-07-16,35003.99868779346,36064.7259207569,34650.42294347231,35357.574432114605,16842.00261510271
2023-07-17,33049.862916423874,34051.373913891264,32716.025917268078,33383.69991557967,23891.820122355417
2023-07-18,32405.83688556016,33387.83194269834,32078.50519984743,32733.168571272887,35760.2199086494
2023-07-19,33094.337579708095,34097.196294244706,32760.05134152923,33428.62381788697,28781.134197732245
2023-07-20,34859.673025725,35916.026753777274,34507.55511637425,35211.79093507576,32235.59056996799
2023-07-21,33368.157550386146,34379.31383979179,33031.105453917604,33705.209646854695,84349.3060872102
2023-07-22,32930.359399074696,33928.24907783454,32597.72950615475,33262.98929199464,28714.684408039073
2023-07-23,32780.46143021104,33773.808746278046,32449.345658188708,33111.57720223338,11510.345049775524
2023-07-24,30999.44755806933,31938.824756798702,30686.321825159535,31312.57329097912,53295.47906402947
2023-07-25,31779.206721742175,32742.212986037393,31458.204633643767,32100.20880984058,5618.396951941696
2023-07-26,30906.561995145144,31843.124479846512,30594.37450024469,31218.7494900456,7469.524483405446
2023-07-27,30711.368078061627,31642.015595578647,30401.152238889284,31021.583917233966,30817.785842710644
2023-07-28,30202.23578964134,31117.45505599411,29897.162700857083,30507.308878425596,36915.864422588376
2023-07-29,29293.94763662225,30181.6430195502,28998.04917564627,29589.846097598234,6341.995696305747
2023-07-30,29329.633540646457,30218.41031460544,29033.37461599346,29625.89246529945,15020.669812235354
2023-07-31,29120.677993867295,30003.122781560243,28826.529731302977,29414.82625643161,12015.060310762781
2023-08-01,28731.208864885357,29601.85155776067,28440.99463392692,29021.423095843795,13538.91861221539
2023-08-02,27937.122358080647,28783.701823477033,27654.92920294852,28219.315513212776,56590.577568204855
2023-08-03,28336.09203458132,29194.761490174697,28049.868882716863,28622.31518644578,44645.351160911574
2023-08-04,30252.87821703201,31169.632102396616,29947.293588577137,30558.462845486876,21609.27328186583
2023-08-05,30467.537191125546,31390.795893886927,30159.784290205083,30775.290092046005,12759.58551071726
2023-08-06,31727.20924729473,32688.639830546086,31406.732386210944,32047.686108378515,5712.147518648513
2023-08-07,30010.485584384835,30919.894238457106,29707.349366360744,30313.621802408925,91142.99618233377
2023-08-08,30244.88120874931,31161.392760529594,29939.37735815588,30550.385059342738,39819.57483085906
2023-08-09,28962.65755258144,29840.31384205361,28670.105456090718,29255.209649072163,10865.315124732511
2023-08-10,27295.07470263121,28122.19817846852,27019.366877352106,27570.782527910313,45233.782976162984
2023-08-11,26528.769402701797,27332.671505813974,26260.802034997738,26796.736770405856,20532.74852300396
2023-08-12,27833.347460561512,28676.78223209368,27552.202536717454,28114.492384405567,16529.31078482111
2023-08-13,28932.782307848167,29809.53328687387,28640.53198150627,29225.03263419007,34037.275057375315
2023-08-14,29257.413590229102,30144.001880842105,28961.884160024765,29552.943020433435,10493.399821654953
2023-08-15,27507.585542987425,28341.14874125977,27229.73114356331,27785.43994241154,15619.001243774868
2023-08-16,27332.878648962425,28161.147698930985,27056.788965639575,27608.96833228528,24871.082550050225
2023-08-17,27703.731156203954,28543.23816093741,27423.89548795947,27983.56682444844,13367.060755068733
2023-08-18,27939.80709343503,28786.46791444821,27657.58681976397,28222.02736710609,43005.582432783995
2023-08-19,25921.10732237257,26706.595423050527,25659.277955479916,26182.93668926522,142780.89103876214
2023-08-20,25036.868003774252,25795.560973585594,24783.970347170474,25289.765660378034,10359.941482527669
2023-08-21,25010.25104486118,25768.137440160004,24757.62224642824,25262.879843294122,4166.679454493261
2023-08-22,25584.277232632547,26359.55836089414,25325.85018987868,25842.70427538641,2975.7751317305842
2023-08-23,23375.199927948765,24083.53931970479,23139.086797363423,23611.313058534106,18949.481686583214
2023-08-24,23258.675514242466,23963.483863158905,23023.739397936984,23493.611630547945,11348.438199508966
2023-08-25,23426.64852436687,24136.5469644992,23190.015710989424,23663.281337744313,27115.491919150052
2023-08-26,24257.930954635733,24993.019771442876,24012.90134903335,24502.960560238113,25149.61008995262
2023-08-27,24966.609508660782,25723.173433165655,24714.421533825822,25218.79748349574,4432.7842007876325
2023-08-28,25585.852648029573,26361.181516151682,25327.409691988873,25844.295604070277,3587.1603173244016
2023-08-29,24805.54502973499,25557.228212454233,24554.983968828572,25056.106090641402,29611.948972145296
2023-08-30,22949.592030109874,23645.034212840477,22717.777969199673,23181.406091020075,25220.91361611824
2023-08-31,22623.20040132028,23308.751928633013,22394.683225549365,22851.71757709119,14388.463255274079
2023-09-01,23563.5399023236,24277.586566030375,23325.524347754676,23801.555456892525,4200.069765083607
2023-09-02,24912.2740666329,25667.191462591472,24660.63493464671,25163.91319861909,35291.28267702638
2023-09-03,25657.69823670255,26435.204243875356,25398.529567644946,25916.86690576015,78582.12579939088
2023-09-04,26136.82067494338,26928.84554388106,25872.812385297486,26400.828964589273,29085.133322282614
2023-09-05,26572.928842394296,27378.16911034564,26304.515419743846,26841.342265044743,9438.25234858204
2023-09-06,26021.68008023406,26810.21584024115,25758.83482689836,26284.525333569756,23029.980948588232
2023-09-07,25925.33710635467,26710.95338230481,25663.465014371286,26187.20919833805,5618.870359669726
2023-09-08,27695.072716453844,28534.317344225172,27415.324507196732,27974.820925710952,63447.033191541086
2023-09-09,26692.44682513325,27501.30885013729,26422.826150131907,26962.0675001346,23905.03378900833
2023-09-10,28456.58137558598,29318.90202333101,28169.14115967097,28744.02159150099,3758.7550891405635
2023-09-11,28132.713432308035,28985.219899953736,27848.54460975947,28416.882254856602,16306.606958665556
2023-09-12,29666.432570422556,30565.415375586876,29366.771635367782,29966.09350547733,35006.93662898618
2023-09-13,28041.52491454551,28891.26809377416,27758.27718813596,28324.77264095506,15787.1623463348
2023-09-14,28740.773092097144,29611.70561003948,28450.462252783032,29031.083931411256,16715.710063361097
2023-09-15,27936.870519803124,28783.442353736555,27654.67990849198,28219.061131114267,6474.313080282353
2023-09-16,26397.250373914376,27197.167051911783,26130.611481248576,26663.88926658018,38814.18249646742
2023-09-17,26667.594162785063,27475.703076808855,26398.22452477713,26936.963800792993,11516.439323612793
2023-09-18,27784.402913111568,28626.35451653919,27503.75237863569,28065.05344758744,2549.250371554825
2023-09-19,26887.031782766604,27701.79032163832,26615.445603142696,27158.61796239051,15195.317943182845
2023-09-20,25315.198739571977,26082.32597410446,25059.48966139448,25570.90781774947,58756.06822275039
2023-09-21,25260.168799188195,26025.628459769658,25005.015578994375,25515.322019382016,14959.03214730838
2023-09-22,25209.71380583001,25973.644527218803,24955.070232033748,25464.357379626275,125239.72568502158
2023-09-23,25800.44761192949,26582.279357745534,25539.83702999081,26061.05819386817,33825.42266325046
2023-09-24,26819.14688298987,27631.848303686533,26548.246409424315,27090.047356555424,30907.6239516644
2023-09-25,26795.637024369298,27607.626025107762,26524.97402412314,27066.30002461545,19372.34347943924
2023-09-26,28824.606212735496,29698.079128272937,28533.448574223014,29115.763851247975,20572.56749346028
2023-09-27,29126.38225047232,30008.99989442603,28832.17636915442,29420.588131790224,16925.495352916594
2023-09-28,28766.46579042193,29638.176874980174,28475.895428902517,29057.036151941345,16280.61813665087
2023-09-29,26955.251596923878,27772.07740289127,26682.97632826808,27227.526865579675,37453.938940542525
2023-09-30,26712.482336141282,27521.951497842536,26442.659282240864,26982.3053900417,8640.094249187972
2023-10-01,26393.12184614935,27192.913417244785,26126.524655784207,26659.719036514496,7510.86690317772
2023-10-02,27446.529188826516,28278.242194548533,27169.29152025251,27723.766857400522,7163.865217370867
2023-10-03,27995.441794101956,28843.78851513535,27712.659553757494,28278.224034446423,170357.51678940927
2023-10-04,26716.75657285603,27526.35525688197,26446.890344847383,26986.622800864676,37434.30846984922
2023-10-05,26940.91484812933,27757.306207163554,26668.78439511792,27213.045301140737,29866.48422326284
2023-10-06,27704.992785018203,28544.538020927845,27425.144373048322,27984.841196988084,7650.1866843556145
2023-10-07,29439.914185680587,30332.03279736788,29142.541315118156,29737.287056243018,41082.696441347965
2023-10-08,30529.195682563954,31454.322824459832,30220.81996859866,30837.571396529245,19602.81884591193
2023-10-09,31504.110931843767,32458.780960081458,31185.887589097867,31822.334274589663,27287.08906080882
2023-10-10,31627.08533183378,32585.481857040864,31307.619823431418,31946.55084023614,8294.763442514348
2023-10-11,32165.773037067647,33140.4934321303,31840.866238713428,32490.679835421866,25855.247500428097
2023-10-12,33821.67333841597,34846.57253048918,33480.04027439156,34163.30640244037,14417.044937593939
2023-10-13,32069.335377608357,33041.13341935407,31745.402697026453,32393.26805819026,10243.39967463367
2023-10-14,31669.187901528916,32628.860262181308,31349.297114644785,31989.078688413047,45894.764933482475
2023-10-15,30738.02668853279,31669.482042730757,30427.541570466805,31048.51180659878,4732.894273362112
2023-10-16,31250.310475863356,32197.28958119255,30934.650774086957,31565.970177639752,38745.7466278421
2023-10-17,32834.97893931232,33829.978301109666,32503.312485379873,33166.64539324477,43673.03460592663
2023-10-18,32100.16588244939,33072.89818191755,31775.92178262667,32424.40998227211,9139.457648496873
2023-10-19,29079.149463060578,29960.335810426048,28785.42068060542,29372.878245515734,9697.966844555953
2023-10-20,28643.28704100154,29511.265436183403,28353.96090927425,28932.613172728827,17623.249766719724
2023-10-21,29732.84758398662,30633.84296531955,29432.515790208978,30033.179377764263,29203.277072287427
2023-10-22,30416.857573802692,31338.580530584593,30109.616588208723,30724.098559396658,18904.306045364294
2023-10-23,30983.446064752003,31922.338369744488,30670.48196308784,31296.410166416164,33981.191528433534
2023-10-24,30682.914939164344,31612.700240351143,30372.98650543541,30992.843372893276,128409.49967864291
2023-10-25,29159.16366021275,30042.774680219198,28864.626653543935,29453.700666881567,13257.029656624076
2023-10-26,29803.924464000116,30707.07369018194,29502.874721939508,30104.974206060724,3963.2514052626507
2023-10-27,28854.035468777667,29728.40017995275,28562.58056505264,29145.490372502696,50308.210985332735
2023-10-28,31418.116706468874,32370.180849089145,31100.76199226212,31735.471420675633,118576.6156169321
2023-10-29,32182.214363687137,33157.432980768564,31857.14149132666,32507.287236047614,32622.853946738614
2023-10-30,31483.02575952458,32437.056843146536,31165.015398317257,31801.036120731897,7422.352427384502
2023-10-31,30760.319998462684,31692.45090750701,30449.609695447907,31071.030301477458,19459.83032948233
2023-11-01,30692.100736962886,31622.164395658732,30382.079517397604,31002.121956528168,7197.409983604315
2023-11-02,30444.10620337282,31366.654876202298,30136.589979096327,30751.622427649312,41892.223581129365
2023-11-03,31849.812605627787,32814.95844216196,31528.09732678306,32171.52788447251,5702.783097049937
2023-11-04,32135.080127456502,33108.87043434912,31810.483358492293,32459.676896420708,16315.505840457081
2023-11-05,31242.84096550305,32189.593722033445,30927.25671332625,31558.425217679847,8068.010283737464
2023-11-06,33652.21473419286,34671.97881704719,33312.29337324141,33992.1360951443,25004.840000567237
2023-11-07,33769.066438714275,34792.37148231168,33427.96475751514,34110.16811991341,15270.197360674252
2023-11-08,34858.23996231287,35914.55026420114,34506.13652835012,35210.34339627563,26285.220531988787
2023-11-09,34062.45910033838,35094.65483065167,33718.39385690062,34406.524343776146,22524.312378329094
2023-11-10,34608.29723773855,35657.033517670025,34258.718477761395,34957.87599771571,8211.911262733023
2023-11-11,35090.88916547971,36154.249443221524,34736.43573956578,35445.34259139365,41228.17098822137
2023-11-12,32491.146544404994,33475.7267427203,32162.95314496656,32819.33994384343,20978.100686991686
2023-11-13,35159.027221872355,36224.45228920182,34803.88553276253,35514.168910982175,8196.569500611453
2023-11-14,37026.87791211854,38148.90451551608,36652.86904431937,37400.886779917724,207093.68537333113
2023-11-15,36494.14212985861,37600.02522470281,36125.514431577205,36862.76982814001,35469.56084685583
2023-11-16,34939.82780010786,35998.61046071719,34586.900246571415,35292.7553536443,18896.640739521532
2023-11-17,35477.987259256966,36553.07778226476,35119.62375158771,35836.35076692623,90690.19500730804
2023-11-18,35654.23863515509,36734.67010894767,35294.094810557566,36014.38245975262,138942.5211085877
2023-11-19,36214.96421579535,37312.38737384976,35849.15649644388,36580.77193514682,19046.72743647661
2023-11-20,36546.80540402801,37654.28435566522,36177.64575348227,36915.965054573746,31175.80170307061
2023-11-21,37341.68524908229,38473.251468751456,36964.49650919258,37718.87398897202,8200.88358730851
2023-11-22,39559.49113239159,40758.26359094891,39159.90031287248,39959.081951910695,19011.650401015962
2023-11-23,40517.78531731298,41745.59699359519,40108.514758552235,40927.05587607371,18050.65852075998
2023-11-24,38877.373348810135,40055.47557150135,38484.67260791307,39270.07408970721,26498.066144220167
2023-11-25,41054.60399827823,42298.682907316965,40639.91102859865,41469.29696795781,30722.804599068226
2023-11-26,43810.37715298844,45137.96433944264,43367.84809083704,44252.90621513984,38554.51330638122
2023-11-27,49399.80449258158,50896.76826508405,48900.81656841409,49898.79241674907,27935.195389434768
2023-11-28,47253.88877569573,48685.824799201655,46776.57676786042,47731.200783531036,6563.356242069878
2023-11-29,47783.85439426008,49231.84998196493,47301.189198358465,48266.5195901617,8617.350021196715
2023-11-30,43875.90212514506,45205.47491681613,43432.71119458804,44319.093055702084,12753.89992818639
2023-12-01,44912.512708168804,46273.49794174968,44458.850963641846,45366.17445269576,16609.98680285249
2023-12-02,43995.03936290958,45328.22237390684,43550.64502591049,44439.433699908666,62992.7103829687
2023-12-03,47445.91486018381,48883.66985594696,46966.66319492943,47925.166525438195,6884.728750005517
2023-12-04,46046.991095797064,47442.35446233637,45581.8699736173,46512.112217976835,15407.118961719872
2023-12-05,43004.78973010276,44307.965176469515,42570.39791464718,43439.18154555835,57125.706641622746
2023-12-06,42258.632991644576,43539.19762775502,41831.778112941094,42685.48787034806,16319.606643540472
2023-12-07,38982.76443299816,40164.0603249072,38588.99913569515,39376.529730301176,34906.05712923237
2023-12-08,40212.43590368015,41430.99456742803,39806.24968243085,40618.62212492944,19157.66081308899
2023-12-09,36951.07377220131,38070.803280449836,36577.830602785136,37324.316941617486,28475.041830071706
2023-12-10,37048.56191012671,38171.24560437297,36674.334012044616,37422.78980820879,17527.51929970451
2023-12-11,34024.93715917048,35055.99586096352,33681.25092523947,34368.623393101494,42918.81010171566
2023-12-12,33640.05005804605,34659.44551435048,33300.25157261124,33979.84854348086,4698.241612019057
2023-12-13,35901.84307015568,36989.77770864525,35539.19819065916,36264.487949652204,15316.531152992427
2023-12-14,36473.61279483733,37578.87378862028,36105.19246357635,36842.033126098315,29630.889983799825
2023-12-15,35268.53395809722,36337.277411372896,34912.28614033866,35624.78177585578,37560.01181953267
2023-12-16,35277.416706664,36346.42933413867,34921.07916417244,35633.75424915556,98022.52936916832
2023-12-17,35355.7563798385,36427.142936803306,34998.627527516895,35712.8852321601,14897.89688233329
2023-12-18,36077.19814902259,37170.44657778085,35712.78200610317,36441.61429194201,96710.93549484793
2023-12-19,34158.81714569688,35193.9328167786,33813.77858866964,34503.85570272412,11395.526821949748
2023-12-20,35019.71125757042,36080.91462901195,34665.97680042325,35373.4457147176,83170.3681679493
2023-12-21,31283.96026181202,32231.959057624503,30967.960663207858,31599.95986041618,49884.57554783862
2023-12-22,30542.674869977585,31468.21047209812,30234.163002604077,30851.186737351098,8835.574608334311
2023-12-23,29991.96131358207,30900.80862611486,29689.012209404475,30294.910417759667,29942.652181051777
2023-12-24,30796.737802207732,31729.972281062514,30485.65964258947,31107.815961825992,20926.344874346003
2023-12-25,30870.811166356245,31806.290292609465,30558.984790938503,31182.637541773984,41174.919240634845
2023-12-26,29181.4825183856,30065.76986742759,28886.72006870494,29476.244968066265,17618.916616096136
2023-12-27,28075.512354892813,28926.28545655623,27791.921321005007,28359.10338878062,16199.793501824344
2023-12-28,28340.747345933887,29199.55787156825,28054.477170722435,28627.017521145342,86603.41974670677
2023-12-29,28293.625364588872,29151.007951394597,28007.831168986966,28579.41956019078,19955.879796661222
2023-12-30,27680.644978730365,28519.452402328254,27401.042504197732,27960.247453262993,50333.30801883468
2023-12-31,27189.77436934811,28013.706925995022,26915.13018379914,27464.41855489708,17582.30917418283
2024-01-01,1399385.2530769506,1441790.8668065553,1385250.0485004156,1413520.4576534855,116618.5066264812
2024-01-02,1372506.2768725404,1414097.3761717083,1358642.577106151,1386369.9766389297,11177.581177518612
2024-01-03,1369728.8048731526,1411235.7383541572,1355893.1603794843,1383564.4493668207,11918.611736199418
2024-01-04,1490672.3840581458,1535844.2744841503,1475615.0872494776,1505729.680866814,101165.91604336978
2024-01-05,1408018.6170155948,1450685.8478342493,1393796.2067427102,1422241.0272884797,14115.850714343534
2024-01-06,1305833.483267433,1345404.1948815978,1292643.2460627116,1319023.7204721547,109215.06669406821
2024-01-07,1348721.7383497872,1389592.0940573567,1335098.286447264,1362345.1902523104,53736.11460010119
2024-01-08,1314132.7949834077,1353955.0008919958,1300858.7263472115,1327406.8636196037,18870.408635719385
2024-01-09,1299375.7393038422,1338750.7617069888,1286250.7318361267,1312500.7467715577,3592.869723305354
2024-01-10,1260724.1770589568,1298927.9400001373,1247989.5894118967,1273458.764706017,21605.03559128814
2024-01-11,1249513.8105777884,1287377.865443782,1236892.4589557904,1262135.1621997862,24382.72219110937
2024-01-12,1331283.8992056276,1371625.8355451922,1317836.5870924394,1344731.2113188158,70771.93008235727
2024-01-13,1375995.2531365533,1417692.0789891763,1362096.3111856792,1389894.1950874277,107844.66419099728
2024-01-14,1425515.8643962266,1468713.314832476,1411116.71425081,1439915.014541643,11103.46855428783
2024-01-15,1346899.972768038,1387715.1234579785,1333294.922538058,1360505.0229980182,49078.76639771974
2024-01-16,1286900.7652705947,1325897.7581575825,1273901.7676415988,1299899.7628995907,47353.79086959014
2024-01-17,1142686.6164362922,1177313.4836010283,1131144.3273813801,1154228.9054912042,64435.02962000013
2024-01-18,1107405.9010868873,1140963.655665278,1096219.9828940905,1118591.8192796842,36267.95732599368
2024-01-19,1151445.360106202,1186337.643745784,1139814.598893008,1163076.121319396,3157.394082850409
2024-01-20,1176981.9548256223,1212648.074668823,1165093.248211222,1188870.6614400225,18855.832613320857
2024-01-21,1168318.743227893,1203722.341507526,1156517.5438013487,1180119.9426544374,6934.695507022185
2024-01-22,1169029.067764851,1204454.1910304525,1157220.6933429837,1180837.442186718,17986.814255576643
2024-01-23,1138569.522421154,1173071.6291611888,1127068.8201744757,1150070.2246678323,58688.80288771808
2024-01-24,1149602.665622693,1184439.110035502,1137990.51748509,1161214.813760296,29886.16179049955
2024-01-25,1186545.2980864646,1222501.216210297,1174559.9920451872,1198530.6041277421,69431.14814911058
2024-01-26,1111632.2012399167,1145318.0255199142,1100403.5931465842,1122860.8093332492,31000.354556661525
2024-01-27,1126623.5702948598,1160763.6784856133,1115243.5342312753,1138003.6063584443,6012.969870685445
2024-01-28,1170333.629785597,1205798.2852336455,1158512.0779695811,1182155.1816016133,1770.7403118876514
2024-01-29,1152656.8971139737,1187585.8939962154,1141013.8981532264,1164299.896074721,25560.635255382334
2024-01-30,1186692.5781945556,1222652.9593519664,1174705.7844754185,1198679.3719136924,17784.33928647386
2024-01-31,1322077.798639363,1362140.7622344953,1308723.4774409856,1335432.1198377404,8292.06457057322
2024-02-01,1318542.9437350824,1358498.7905149334,1305224.3281417987,1331861.559328366,4021.3492126810693
2024-02-02,1341264.4475709163,1381908.824770035,1327716.3218378767,1354812.5733039558,10564.523069446157
2024-02-03,1303679.1551785565,1343184.5841233612,1290510.6788636215,1316847.6314934914,18133.358193412358
2024-02-04,1315086.4084127713,1354937.511698007,1301802.707317693,1328370.10950785,42867.86787560492
2024-02-05,1341270.9163530818,1381915.4895759025,1327722.7252788083,1354819.1074273554,26599.058025511105
2024-02-06,1353736.2772987515,1394758.588732047,1340062.173487653,1367410.38110985,109981.47782338812
2024-02-07,1300550.9398714348,1339961.5744129934,1287414.0616909151,1313687.8180519543,7819.656790978959
2024-02-08,1313237.1261072757,1353032.1905347689,1299972.1046314447,1326502.1475831068,53159.86068006276
2024-02-09,1392015.381491128,1434197.665778738,1377954.6200619247,1406076.1429203313,23093.32152249398
2024-02-10,1419083.719959015,1462086.25692747,1404749.54096953,1433417.8989485,44120.02871114991
2024-02-11,1475817.9598917929,1520539.7162521502,1460910.7077716736,1490725.212011912,14235.372065375026
2024-02-12,1464040.2259494714,1508405.0812812736,1449251.9408388706,1478828.511060072,64323.50360824755
2024-02-13,1510151.6509270135,1555913.822167226,1494897.5938469428,1525405.7080070844,29590.97686934427
2024-02-14,1529286.3498807445,1575628.3604831912,1513839.013013262,1544733.6867482266,11165.176975673836
2024-02-15,1473411.6874509326,1518060.5264645973,1458528.7411130443,1488294.6337888208,21763.204833726777
2024-02-16,1494394.3078288801,1539678.9838236948,1479299.4158306085,1509489.1998271516,17334.328852822862
2024-02-17,1437356.4653330997,1480912.7218583452,1422837.7131580177,1451875.2175081815,35924.62780781166
2024-02-18,1403125.5178356017,1445644.472921529,1388952.5328069592,1417298.5028642442,6769.775813260816
2024-02-19,1415856.2612807774,1458760.996471104,1401554.6828840019,1430157.839677553,21389.347525281675
2024-02-20,1434814.2522965022,1478293.472063063,1420321.1790409822,1449307.3255520226,32705.785003138557
2024-02-21,1368713.3660674922,1410189.528675598,1354887.978531457,1382538.7536035276,22765.996205087326
2024-02-22,1428470.6126231118,1471757.6008844182,1414041.6165360098,1442899.608710214,84705.96001920976
2024-02-23,1463297.0848935724,1507639.4207994381,1448516.3062582838,1478077.863528861,47763.77443111537
2024-02-24,1424242.9479020722,1467401.825111226,1409856.6554990208,1438629.2403051234,21862.30507334098
2024-02-25,1338783.5401981582,1379352.7383859812,1325260.4741355504,1352306.6062607658,27355.9435175694
2024-02-26,1333031.8808935126,1373426.7863751343,1319566.912399639,1346496.8493873866,29604.023244023196
2024-02-27,1311253.1412084138,1350988.084881396,1298008.1599840862,1324498.122432741,32968.22850688479
2024-02-28,1319154.2521085679,1359128.6233845851,1305829.4616832286,1332479.0425339069,3548.719113759872
2024-02-29,1301972.7079837373,1341426.426407487,1288821.4685091542,1315123.9474583205,16292.720700092726
2024-03-01,1199379.5052399246,1235724.3387320435,1187264.5607425517,1211494.4497372976,4991.845359007759
2024-03-02,1182547.5601489411,1218382.3346989092,1170602.6352989518,1194492.4849989305,79085.19336795648
2024-03-03,1169865.0161240157,1205315.4711580768,1158048.1977793288,1181681.8344687028,20726.129543146653
2024-03-04,1201271.7282467803,1237673.9018300162,1189137.6703857016,1213405.7861078589,18154.23326648913
2024-03-05,1169524.5346478962,1204964.672061469,1157711.1555100386,1181337.9137857538,54003.132441138594
2024-03-06,1249808.8700979187,1287681.866161492,1237184.5380767274,1262433.2021191097,33601.46000207167
2024-03-07,1156116.1707373282,1191149.9940930048,1144438.2296187694,1167794.111855887,7125.003423448903
2024-03-08,1218484.8228636268,1255408.6053746457,1206176.8953599536,1230792.7503672997,20518.755257370765
2024-03-09,1209379.3796381077,1246027.2396271413,1197163.42630843,1221595.3329677857,15753.739218482424
2024-03-10,1252776.017494011,1290738.9271150418,1240121.7142870007,1265430.3207010212,3848.609185108536
2024-03-11,1258654.1169358206,1296795.1507823607,1245940.4389869738,1271367.7948846673,11044.896739767939
2024-03-12,1317914.3487870428,1357851.147235135,1304602.0826376788,1331226.614936407,18333.0308805072
2024-03-13,1299470.8246598837,1338848.728437456,1286344.8567340265,1312596.7925857413,19634.609296762115
2024-03-14,1244315.0233011136,1282021.539158723,1231746.1846819103,1256883.8619203167,5002.87775236051
2024-03-15,1316883.6888486661,1356789.2551774136,1303581.8334057503,1330185.544291582,69679.7889759091
2024-03-16,1312881.3819194513,1352665.6662200408,1299619.9538192546,1326142.8100196477,19888.499739175808
2024-03-17,1326485.9037934393,1366682.4463326344,1313087.056280374,1339884.7513065042,22869.354838252413
2024-03-18,1393990.8729956248,1436233.020662159,1379910.1571067802,1408071.5888844696,32880.71643570564
2024-03-19,1338540.411752333,1379102.2424114945,1325019.8015326124,1352061.0219720535,10015.846283188157
2024-03-20,1372431.7676227943,1414020.6090659092,1358568.8204750891,1386294.7147704992,34764.63707613869
2024-03-21,1342106.803141277,1382776.7062667704,1328550.1687661128,1355663.4375164416,15259.00888211513
2024-03-22,1337024.5476909045,1377540.4430754774,1323519.2492293802,1350529.8461524288,8985.922448662861
2024-03-23,1342895.6345524606,1383589.4416601108,1329331.032183244,1356460.2369216774,39083.18074115847
2024-03-24,1264324.322460399,1302637.1807167747,1251553.3697082738,1277095.2752125242,97897.26180301927
2024-03-25,1226832.7042852493,1264009.452899954,1214440.4547470144,1239224.9538234842,45470.96973387886
2024-03-26,1294974.5697531053,1334216.2233819873,1281894.018543478,1308055.1209627327,55435.61660327438
2024-03-27,1342820.8337339985,1383512.3741501803,1329256.9869286045,1356384.6805393924,13086.93120682392
2024-03-28,1341470.5158065474,1382121.1374976549,1327920.308576178,1355020.7230369165,4457.664578815804
2024-03-29,1356528.4396320954,1397635.3620451894,1342826.132161064,1370230.7471031267,97746.9741224898
2024-03-30,1342597.2992097652,1383282.0658524854,1329035.7103288586,1356158.888090672,171873.64941186376
2024-03-31,1417465.0027571996,1460418.487689236,1403147.1744465206,1431782.8310678783,103033.22353258022
2024-04-01,1408231.4895719185,1450905.171074098,1394006.9290711922,1422456.050072645,15743.99121057147
2024-04-02,1423403.3301963778,1466536.7644447528,1409025.5187802527,1437781.1416125027,6942.142068438406
2024-04-03,1490788.9601387621,1535964.3831732702,1475730.4857939263,1505847.4344835982,7587.954253038414
2024-04-04,1446669.2704775722,1490507.733219317,1432056.4495636572,1461282.091391487,4089.865782100136
2024-04-05,1539041.3708778666,1585678.988177196,1523495.4984447567,1554587.2433109763,19783.85305268382
2024-04-06,1447132.1958890988,1490984.686673617,1432514.698960926,1461749.6928172715,109719.01395418275
2024-04-07,1543635.1980113587,1590412.0221935213,1528042.9232839714,1559227.4727387463,19117.078333955567
2024-04-08,1522939.6448552676,1569089.331063003,1507556.416119356,1538322.8735911795,29801.76504234172
2024-04-09,1510439.4325297566,1556210.3244245977,1495182.4685648095,1525696.3964947036,87168.38303752488
2024-04-10,1398515.2560610701,1440894.5062447388,1384388.8393331806,1412641.6727889597,14704.43882643267
2024-04-11,1375171.5349200142,1416843.3996145602,1361280.9133551654,1389062.1564848628,168641.67163280022
2024-04-12,1320037.7984907103,1360038.9438995197,1306704.0833544405,1333371.5136269801,161473.19094059902
2024-04-13,1289933.2094281374,1329022.0945623235,1276903.5810500754,1302962.8378061994,19319.856135179747
2024-04-14,1284783.2302506908,1323716.0554098026,1271805.6218643202,1297760.8386370614,12363.02863241798
2024-04-15,1335932.5892700476,1376415.3950055037,1322438.3206915623,1349426.857848533,44233.51534229078
2024-04-16,1349030.2514650638,1389909.9560549143,1335403.683268447,1362656.8196616806,15560.253003747586
2024-04-17,1367656.4013665668,1409100.5347413113,1353841.690241652,1381471.1124914817,6928.819857386053
2024-04-18,1309776.1217695838,1349466.307277753,1296546.0599335274,1323006.1836056402,79319.45038483929
2024-04-19,1265597.1589237358,1303948.5879820308,1252813.3492376374,1278380.968609834,74343.19248282432
2024-04-20,1358554.0055785398,1399722.3087778897,1344831.2378454232,1372276.7733116564,25732.539637417467
2024-04-21,1320639.4241595839,1360658.8006492683,1307299.6319963557,1333979.216322812,6230.0226429158665
2024-04-22,1410110.539787235,1452841.16220503,1395866.9989813033,1424354.0805931666,6441.223263329673
2024-04-23,1398515.9792627066,1440895.2513615764,1384389.55522975,1412642.4032956632,24519.629710803976
2024-04-24,1400741.7418418496,1443188.4612916026,1386592.8353585985,1414890.6483251005,13361.449884550017
2024-04-25,1462815.0608125045,1507142.7899280349,1448039.1511073275,1477590.9705176812,15660.659273467994
2024-04-26,1539431.0190255295,1586080.443844485,1523881.2107525445,1554980.8272985148,61203.71413014441
2024-04-27,1534916.633850417,1581429.2591186117,1519412.4254276857,1550420.8422731487,45852.2393566692
2024-04-28,1513382.1799681091,1559242.2460277488,1498095.4912815627,1528668.8686546558,87390.57169641559
2024-04-29,1512267.0928264877,1558093.3683666843,1496991.667646422,1527542.5180065532,8179.422079088426
2024-04-30,1534978.775414464,1581493.283760357,1519473.9392991664,1550483.6115297617,15627.827704411528
2024-05-01,1592006.5332493351,1640249.155469012,1575925.6591761094,1608087.4073225607,47050.73165420069
2024-05-02,1594663.9015753453,1642987.0501079315,1578556.1853978166,1610771.617752874,34478.055942598985
2024-05-03,1636532.5229731936,1686124.417608745,1620001.8914280096,1653063.1545183773,101964.53977805226
2024-05-04,1746236.481205295,1799152.7382115163,1728597.728869888,1763875.2335407021,33541.43120000602
2024-05-05,1775490.106149944,1829292.8366393363,1757555.86265348,1793424.349646408,139819.71253590897
2024-05-06,1800286.8038047631,1854840.9493746045,1782102.0886148158,1818471.5189947102,37798.23932137085
2024-05-07,1693608.2294278361,1744929.6909256494,1676501.0755952317,1710715.3832604405,63714.500154108064
2024-05-08,1517931.5934064775,1563929.520479401,1502598.951048836,1533264.2357641186,15938.375810642265
2024-05-09,1543789.602377017,1590571.105479351,1528195.7680095725,1559383.4367444618,22343.421393054326
2024-05-10,1540249.7402883903,1586923.974842584,1524691.6621036592,1555807.8184731216,54772.54829168025
2024-05-11,1510844.3596451273,1556627.5220586162,1495583.3055072979,1526105.413782957,110522.91683322584
2024-05-12,1527828.0756005219,1574125.896073265,1512395.468776274,1543260.6824247695,45671.82880644044
2024-05-13,1526428.357180402,1572683.7619434446,1511009.8889260544,1541846.8254347495,20268.601187581462
2024-05-14,1597577.0299255971,1645988.4550748577,1581439.888209177,1613714.1716420173,87320.01911124682
2024-05-15,1605476.145276785,1654126.9375578996,1589259.2145164132,1621693.0760371564,2460.2576118801803
2024-05-16,1559917.658833423,1607187.8909192842,1544160.9148048025,1575674.4028620434,5312.22208521575
2024-05-17,1624040.647375004,1673254.0003257617,1607636.196391418,1640445.09835859,43548.66048303705
2024-05-18,1612371.5206852322,1661231.2637363,1596084.9396682095,1628658.1017022547,22339.425503679722
2024-05-19,1648748.9881002314,1698711.0786487232,1632094.9579174006,1665403.018283062,40356.738101681694
2024-05-20,1619736.8948326376,1668819.8310396874,1603375.9160969544,1636097.8735683209,23491.81924830306
2024-05-21,1580064.5569071115,1627945.3010558118,1564104.3088575448,1596024.8049566783,38985.52469719474
2024-05-22,1587754.303235833,1635868.0700005554,1571716.3809809256,1603792.2254907405,9755.604106343058
2024-05-23,1590950.6840503332,1639161.3108397373,1574880.4751205319,1607020.8929801346,38967.61073474442
2024-05-24,1623872.3560821172,1673080.6092967268,1607469.6050105805,1640275.1071536536,59540.64861072853
2024-05-25,1608858.3081210982,1657611.590185374,1592607.214099673,1625109.4021425236,74648.86540057733
2024-05-26,1493093.887790541,1538339.157117527,1478012.1313482122,1508175.6442328696,164975.83616092676
2024-05-27,1469486.6470069787,1514016.5454011296,1454643.347542262,1484329.9464716958,28116.122451255138
2024-05-28,1518351.1024821047,1564361.7419512596,1503014.222659053,1533687.9823051563,28966.95819625062
2024-05-29,1502567.777225005,1548100.1341106112,1487390.324929803,1517745.229520207,4802.190926729371
2024-05-30,1490013.3184323856,1535165.237172761,1474962.6788522606,1505063.9580125108,12946.60148197498
2024-05-31,1551036.9036415801,1598038.0219337493,1535369.864210857,1566703.9430723032,18158.933564214094
2024-06-01,1509191.589001707,1554924.6674563044,1493947.2295168412,1524435.9484865728,62964.07170354744
2024-06-02,1418319.9507669318,1461299.3432144145,1403993.486617771,1432646.4149160928,11956.123775208911
2024-06-03,1411334.3778316006,1454102.08625074,1397078.4750252208,1425590.2806379804,48841.71390011303
2024-06-04,1386118.1257084317,1428121.705275354,1372116.9325194578,1400119.3188974059,21990.774050360033
2024-06-05,1334624.0413886325,1375067.194157985,1321142.9904655148,1348105.09231175,18450.225744816657
2024-06-06,1327263.4053073549,1367483.5084984868,1313856.7042436444,1340670.1063710656,28251.277848682366
2024-06-07,1355348.5987790185,1396419.7684389888,1341658.2088923617,1369038.9886656753,14895.934878261036
2024-06-08,1356878.0521209624,1397995.5688519008,1343172.2132106498,1370583.8910312753,14342.217676852251
2024-06-09,1375574.8043969243,1417258.8893786492,1361680.109403016,1389469.4993908326,4004.660529391108
2024-06-10,1477417.2842106088,1522187.5049442637,1462493.8772993905,1492340.691121827,17189.358726896393
2024-06-11,1459370.4038787007,1503593.7494507825,1444629.2886880066,1474111.5190693946,13630.04537653581
2024-06-12,1477808.009858938,1522590.0707637544,1462880.656223999,1492735.3634938768,13147.922109727535
2024-06-13,1449923.9384346781,1493861.0274781531,1435278.2420868531,1464569.6347825031,33418.77218648152
2024-06-14,1403012.5356066904,1445528.0669887115,1388840.6918126836,1417184.3794006975,42558.37546366876
2024-06-15,1372291.7436134038,1413876.341904719,1358430.210849632,1386153.2763771755,27783.414047687344
2024-06-16,1348070.3238334896,1388920.9397072317,1334453.4518755754,1361687.1957914035,59600.25850936421
2024-06-17,1369476.3755116262,1410975.6596180391,1355643.2808094886,1383309.4702137639,39165.906916377084
2024-06-18,1500210.7418418166,1545671.6734127807,1485057.0979848285,1515364.3856988046,16398.478091286328
2024-06-19,1459492.4157655258,1503719.4586675114,1444750.0681315304,1474234.763399521,13865.287788195239
2024-06-20,1437359.1954387033,1480915.5346944216,1422840.4156867974,1451877.9751906095,30116.31217795543
2024-06-21,1435886.0164982916,1479397.7139679368,1421382.117341743,1450389.91565484,39095.67436889199
2024-06-22,1460772.7268113769,1505038.5670177822,1446017.446742575,1475528.0068801786,89129.38054033995
2024-06-23,1478363.3994308957,1523162.290322741,1463430.4358002804,1493296.3630615107,72487.7633298353
2024-06-24,1556515.3534554844,1603682.4853783778,1540792.976147853,1572237.7307631155,12816.991025065592
2024-06-25,1407781.4660340396,1450441.5104593136,1393561.451225615,1422001.4808424644,19890.424616744047
2024-06-26,1275482.1129537106,1314133.0860735201,1262598.4552471074,1288365.7706603138,43088.775154335475
2024-06-27,1252095.986579016,1290038.2892026226,1239448.552371147,1264743.4207868848,64087.06176905946
2024-06-28,1308931.1369947197,1348595.7169036507,1295709.6103584096,1322152.6636310301,56329.26415565338
2024-06-29,1228921.5153744894,1266161.5612949284,1216508.1667343432,1241334.8640146358,20663.459279643183
2024-06-30,1082919.1339441203,1115734.8652757602,1071980.5568335736,1093857.711054667,6285.3533937837055
2024-07-01,1109285.1569614215,1142899.8586875251,1098080.2563860537,1120490.0575367894,8111.707145241342
2024-07-02,1121760.4983624578,1155753.2407370778,1110429.5842375844,1133091.412487331,28929.974435994627
2024-07-03,1074525.0300807909,1107086.3946286936,1063671.2418981565,1085378.818263425,31014.979592667936
2024-07-04,1033777.3388614932,1065103.924887599,1023335.1435194579,1044219.5342035284,7341.662734686493
2024-07-05,995228.0415953221,1025386.4670982107,985175.2330943593,1005280.850096285,23030.38271743666
2024-07-06,1001121.1975591832,1031458.2035458252,991008.8622303026,1011233.5328880639,41407.79209555895
2024-07-07,977542.1793818442,1007164.6696661426,967668.0159537449,987416.3428099437,6965.839028514991
2024-07-08,998327.2254552877,1028579.5656205995,988243.1120668505,1008411.338843725,66502.65840130582
2024-07-09,885830.6556499496,912674.0088514632,876882.871249445,894778.4400504541,15100.284315097728
2024-07-10,856798.3756541829,882761.9627952188,848143.8466071709,865452.9047011948,77467.44887361683
2024-07-11,819491.5250333621,844324.6015495246,811213.832861308,827769.2172054163,12920.203838994557
2024-07-12,812318.0017830099,836933.6988067374,804112.7694417672,820523.2341242523,7890.182286952571
2024-07-13,796053.8435840628,820176.6873290344,788012.8956690723,804094.7914990534,13930.876828940101
2024-07-14,822652.9886520653,847581.8670960673,814343.3625040647,830962.614800066,20027.30511000932
2024-07-15,762703.4100503703,785815.6345973512,754999.3352013767,770407.484899364,14935.856734679059
2024-07-16,765235.3253304734,788424.274582912,757505.6755796606,772964.9750812863,17747.475837032063
2024-07-17,783473.5284968796,807215.1505725427,775559.6544716585,791387.4025221006,30759.83777392912
2024-07-18,842834.1035215402,868374.5309009808,834320.6277283933,851347.579314687,18561.05096865953
2024-07-19,827856.4030626724,852942.9607312382,819494.2171731504,836218.5889521943,20617.33706756119
2024-07-20,839842.3929929469,865292.1624775816,831359.1364980686,848325.6494878251,3986.9172842278267
2024-07-21,780503.7388089756,804155.3672577324,772619.8626593899,788387.6149585611,32587.954851962375
2024-07-22,706997.2639958434,728421.4235108689,699855.8774908349,714138.6505008519,20146.71853613525
2024-07-23,731947.8867866955,754128.1257802318,724554.47378885,739341.2997845409,110226.53988230463
2024-07-24,732883.0148094508,755091.5910157979,725480.1560740018,740285.8735448999,8607.892834032342
2024-07-25,768530.8166552917,791819.6292812097,760767.879113319,776293.7541972643,3610.87235421149
2024-07-26,727463.5151260083,749507.8640692207,720115.3988116042,734811.6314404125,40866.604554035424
2024-07-27,743683.1039164219,766218.9555502529,736171.1533718116,751195.0544610323,31148.675969273823
2024-07-28,800390.9586646983,824645.2301393861,792306.2015064689,808475.7158229275,8035.0377750121215
2024-07-29,815028.688071896,839726.5271043776,806796.0750610688,823261.3010827232,4770.7129827917715
2024-07-30,825268.1055698767,850276.2299810852,816932.064099474,833604.1470402796,102477.31445595794
2024-07-31,826788.450152752,851842.6456119263,818437.0516663605,835139.8486391434,90591.02185584018
2024-08-01,776077.1670155477,799594.6569251098,768238.0037123604,783916.3303187351,1830.8639555643922
2024-08-02,819322.4509112325,844150.4039691486,811046.4665585938,827598.4352638712,13929.678276012472
2024-08-03,800531.8594434819,824790.400638739,792445.6790450629,808618.0398419009,116330.67424750327
2024-08-04,817886.8540042631,842671.3041256043,809625.3706304826,826148.3373780434,13683.382812488418
2024-08-05,767978.2758171775,791250.3447813344,760220.9194957918,775735.6321385631,13485.735362487108
2024-08-06,732898.2672491196,755107.3056506081,725495.2544486234,740301.2800496158,16601.372843996523
2024-08-07,776068.5373796342,799585.7657850777,768229.4612444864,783907.613514782,7180.347263278602
2024-08-08,766451.4250088993,789677.2257667447,758709.4914229508,774193.3585948477,4004.7012232044026
2024-08-09,812155.7045281444,836766.4834532398,803952.1115531127,820359.2975031763,63104.49680538776
2024-08-10,810832.5190440017,835403.2014392745,802642.2915789108,819022.7465090926,3487.9278295740587
2024-08-11,752309.9433798094,775107.2143913188,744710.8530426396,759909.0337169792,28205.476835918285
2024-08-12,780282.8613126845,803927.796503978,772401.2162489201,788164.506376449,53454.1466143107
2024-08-13,763041.9709820651,786164.4549512186,755334.4763256805,770749.4656384495,5160.422325217751
2024-08-14,785511.6895133045,809315.0740440107,777577.2280030692,793446.15102354,8740.57798443222
2024-08-15,787482.0942937948,811345.1880602734,779527.7297049686,795436.458882621,74100.62074625927
2024-08-16,740056.1984799003,762482.1438883821,732580.8833437396,747531.5136160608,37529.843428843546
2024-08-17,746029.7771572317,768636.7401013902,738494.1228425122,753565.4314719512,11881.220141082487
2024-08-18,812686.7362760798,837313.6070723246,804477.7793439982,820895.6932081614,73295.0975291067
2024-08-19,829931.5086204307,855080.9482755953,821548.3620687091,838314.6551721522,73609.96749394527
2024-08-20,829266.9740623899,854396.2763067049,820890.5399809517,837643.4081438283,28826.566620167105
2024-08-21,866180.7452842337,892428.6466564833,857431.4448268173,874930.0457416503,8953.857930922954
2024-08-22,874779.0951300608,901287.5525582446,865942.9426539995,883615.247606122,14567.54366630658
2024-08-23,883423.1103466783,910193.5076299111,874499.6445856007,892346.5761077559,29330.60367579999
2024-08-24,846173.5688153376,871815.192112772,837626.3610495261,854720.7765811491,18240.60023764523
2024-08-25,855357.8699102728,881277.8053620992,846717.8914263305,863997.8483942149,56328.57184677986
2024-08-26,892067.8937182985,919100.2541340046,883057.1069130631,901078.6805235338,4770.593119631782
2024-08-27,863573.0274372178,889741.9070565274,854850.0675641145,872295.987310321,4943.04328913884
2024-08-28,914074.6337354094,941773.8650607248,904841.5566269709,923307.7108438478,26393.448922936932
2024-08-29,912092.699668741,939731.8723859756,902879.6420963294,921305.7572411525,13473.170090116682
2024-08-30,881071.7150997326,907770.8579815427,872172.000805796,889971.4293936694,11765.789271389978
2024-08-31,917552.7388744073,945357.3673251469,908284.5293908273,926820.9483579871,3759.1317073730124
2024-09-01,908403.1145229171,935930.4816296721,899227.3254873321,917578.9035585021,22461.226720218387
2024-09-02,937363.5467674577,965768.502730108,927895.2281132409,946831.8654216744,20894.57619346232
2024-09-03,927830.2358342534,955946.3035868065,918458.2132500691,937202.2584184378,42339.63745526274
2024-09-04,927001.6409935887,955092.5998115763,917637.9880542594,936365.2939329179,23597.737862155205
2024-09-05,946693.3882289598,975381.0666601404,937130.8287518995,956255.94770602,19291.038135867988
2024-09-06,959129.0411543321,988193.5575529482,949440.8690214601,968817.2132872042,71467.6827354761
2024-09-07,884008.8353889567,910796.9819158948,875079.4532133107,892938.2175646027,5928.53668361623
2024-09-08,845687.27372732,871314.160809966,837144.9780331047,854229.5694215354,37661.333814147525
2024-09-09,878395.412486419,905013.4552890377,869522.7315522127,887268.0934206252,4141.663655294779
2024-09-10,875070.2786646395,901587.5598362952,866231.1849407542,883909.3723885247,9524.646819588877
2024-09-11,858050.8162001731,884052.3560850269,849383.6362385552,866717.996161791,6550.802677973971
2024-09-12,812708.8707180726,837336.4122549839,804499.6902057688,820918.0512303764,48143.55402407386
2024-09-13,778827.4825706544,802428.3153758257,770960.5383022638,786694.4268390448,20631.81882797301
2024-09-14,717010.4299934569,738738.0187811374,709767.9003975634,724252.9595893504,21731.036157964707
2024-09-15,715181.1723717977,736853.3291103371,707957.120125618,722405.2246179775,7282.773269556629
2024-09-16,699134.2925115037,720320.1801633674,692072.3299608824,706196.2550621249,16322.609377542169
2024-09-17,673152.0042977028,693550.5498824817,666352.4891027765,679951.5194926291,10265.404112650927
2024-09-18,672327.435496492,692700.9941479008,665536.2492793557,679118.6217136283,32320.436394670156
2024-09-19,683124.2242832273,703824.958352416,676223.9795934977,690024.4689729569,8175.595724986122
2024-09-20,741345.4791681392,763810.4936883858,733857.1409947235,748833.8173415547,83265.898718359
2024-09-21,697624.379861993,718764.5125850837,690577.668954296,704671.0907696899,4123.3431207259655
2024-09-22,731023.3156860371,753175.5373734927,723639.2417902185,738407.3895818556,9832.811333711346
2024-09-23,760574.247844866,783621.9523250135,752891.6796848169,768256.8160049152,117853.84216140442
2024-09-24,738012.7942465201,760376.8183145965,730558.1195571613,745467.468935879,14254.975063624777
2024-09-25,745119.4428273056,767698.8198826786,737592.9838088481,752645.9018457633,5914.258064103534
2024-09-26,732597.4647209189,754797.3878942801,725197.4903297984,739997.4391120393,27421.195796407606
2024-09-27,739137.7602476961,761535.874194596,731671.722265396,746603.798229996,13692.558071762543
2024-09-28,784864.6955747945,808648.4742285763,776936.7693568673,792792.6217927218,9548.408251828292
2024-09-29,805054.7506746517,829450.3491799443,796922.8845062209,813186.6168430826,7362.311237059945
2024-09-30,822640.6362848431,847569.1404146868,814331.1349082285,830950.1376614576,350941.0731624097
2024-10-01,809714.999928599,834251.8181082535,801536.0605353807,817893.9393218171,17127.6278048338
2024-10-02,762863.0547351621,785980.1169998639,755157.3673135948,770568.7421567293,3211.3048847232008
2024-10-03,757646.0414809436,780605.0124349116,749993.0511629543,765299.0317989329,98096.7738826973
2024-10-04,795349.7862292158,819451.2949028284,787315.9500046783,803383.6224537534,40581.63507137417
2024-10-05,747957.5057775715,770622.8847405282,740402.379456586,755512.6320985571,10234.64250674965
2024-10-06,717512.9615484829,739255.7785651037,710265.355876276,724760.5672206898,8663.5592097058
2024-10-07,722213.1804857387,744098.4283792459,714918.0978545697,729508.2631169078,43194.687673860986
2024-10-08,694851.2737026656,715907.3729057766,687832.5739682952,701869.9734370359,17207.17406271775
2024-10-09,673866.1135465303,694286.298805516,667059.3851268683,680672.8419661921,3209.9870490591125
2024-10-10,663458.9635179304,683563.7805942313,656757.3578258301,670160.5692100307,131562.85018640183
2024-10-11,628212.9076613656,647249.6624389827,621867.3227354932,634558.492587238,14271.35324992031
2024-10-12,604676.990325736,623000.535487122,598569.1419386073,610784.8387128647,98279.59802061587
2024-10-13,622597.8728365867,641464.475043756,616309.0054341969,628886.7402389764,79097.37425659063
2024-10-14,590973.1438287284,608881.4209144474,585003.7181334887,596942.569523968,8094.907631764109
2024-10-15,554087.6227941221,570878.1568181864,548490.7781194339,559684.4674688102,61894.7019389847
2024-10-16,540955.1924998792,557347.7740907846,535490.9986362441,546419.3863635143,11482.24777744455
2024-10-17,557604.8304790914,574501.9465542154,551972.4584540501,563237.2025041328,3406.018910073977
2024-10-18,554049.0556701804,570838.4209935191,548452.6005624008,559645.51077796,14406.0254774448
2024-10-19,544584.1009491979,561086.64946281,539083.2514446606,550084.9504537353,32782.086496305354
2024-10-20,546367.2609351906,562923.8445998934,540848.399713623,551886.1221567582,13866.946698818398
2024-10-21,509034.9162871642,524460.2167807146,503893.1494559807,514176.68311834766,16202.999510894591
2024-10-22,519871.36670384137,535625.0444827457,514620.1407775399,525122.5926301428,69117.69429552845
2024-10-23,528624.6495066148,544643.5782795425,523285.00658230553,533964.292430924,24501.606854744397
2024-10-24,520762.76453451713,536543.4543688964,515502.53458972403,526022.9944793102,9477.744914317938
2024-10-25,542497.8298683644,558937.1580461937,537018.053809088,547977.6059276408,44446.00335682483
2024-10-26,518845.0091384841,534567.5851729836,513604.15046031756,524085.8678166506,26840.72404207975
2024-10-27,543031.674728673,559487.1800234813,537546.5062970702,548516.8431602757,1769.398962227159
2024-10-28,547202.0203992923,563783.8998053315,541674.727263946,552729.3135346387,33804.62524818588
2024-10-29,540656.3331438133,557039.8583905955,535195.1580615526,546117.508226074,32592.21410568342
2024-10-30,541037.5253705502,557432.6018969305,535572.4998617568,546502.5508793436,22474.15203966411
2024-10-31,539527.711120454,555877.0356998617,534077.9362606514,544977.4859802566,53728.59214988339
2024-11-01,566672.0602080823,583843.9408204484,560948.1000039602,572396.0204122043,11244.185343655288
2024-11-02,543117.1091245126,559575.203340407,537631.0777192146,548603.1405298108,30837.90175305165
2024-11-03,527366.2949955146,543347.0918135605,522039.3627228326,532693.2272681965,4596.454979933775
2024-11-04,550017.7931054239,566684.9989571035,544462.0578215307,555573.5283893171,33093.440959264844
2024-11-05,537740.6273644017,554035.7978905957,532308.9038556704,543172.350873133,155291.56532746486
2024-11-06,557917.3671841157,574823.9540684829,552281.8382226599,563552.8961455714,8144.870711338602
2024-11-07,596680.0372084186,614761.2504571585,590652.9661255053,602707.1082913319,10303.07700560168
2024-11-08,587985.3343992035,605803.07180524,582046.0885971914,593924.5802012157,10829.016865964786
2024-11-09,604892.5546183384,623222.6320310152,598782.5288141127,611002.580422564,25084.319926854925
2024-11-10,577885.4985981408,595397.180373842,572048.2713395738,583722.7258567079,7608.061799434383
2024-11-11,596198.3039765393,614264.9192485557,590176.0988858672,602220.5090672114,33565.276654548106
2024-11-12,601848.451121206,620086.2829733638,595769.1738371535,607927.7284052586,51371.557665158994
2024-11-13,614139.1180954544,632749.3944013773,607935.6926601469,620342.5435307621,37584.50763379472
2024-11-14,599201.4842531227,617359.1049880659,593148.9440081416,605254.0244981038,3757.783524347216
2024-11-15,560287.3405564586,577265.7448157452,554627.8724700296,565946.8086428874,59585.50776370746
2024-11-16,572406.4020068151,589752.0505524762,566624.5191582614,578188.2848553688,56239.09385543611
2024-11-17,526020.8046338139,541960.8290166568,520707.4631728663,531334.1460947616,50521.858962153245
2024-11-18,520132.5173895504,535894.1088255974,514878.6535775348,525386.3812015661,31979.240876336775
2024-11-19,540494.2879057315,556872.9026907537,535034.7496440575,545953.8261674056,27451.863019709977
2024-11-20,545453.8145416469,561982.7180126058,539944.1800513272,550963.4490319665,61845.17714395625
2024-11-21,588781.2323688499,606623.0878951787,582833.947193407,594728.5175442928,150770.4088632374
2024-11-22,613807.0054241905,632407.217709772,607606.93466233,620007.076186051,8492.67695667257
2024-11-23,598673.0194687337,616814.6261193014,592625.8172518779,604720.2216855896,64739.408817382304
2024-11-24,600225.1003414391,618413.7397457252,594162.2205400104,606287.9801428678,20206.97057820611
2024-11-25,599988.114604432,618169.5726227482,593927.6285983267,606048.6006105375,19347.66361914808
2024-11-26,562916.6066478994,579974.6856372296,557230.5803181226,568602.6329776761,4738.468729356675
2024-11-27,542586.3348793618,559028.3450272213,537105.6648300752,548067.0049286482,16567.704883623763
2024-11-28,531229.7661712077,547327.6378733654,525863.8089371551,536595.7234052602,8125.27653772931
2024-11-29,488758.57315625733,503569.43900947727,483821.6178718507,493695.528440664,13851.455141904651
2024-11-30,490420.22460706835,505281.44353455526,485466.4849645727,495373.964249564,7345.282990775345
2024-12-01,486269.86014405725,501005.3104514529,481358.0433749253,491181.6769131891,14060.03440939418
2024-12-02,454460.1495972083,468231.6692819722,449869.64303562033,459050.6561587963,14674.838550651515
2024-12-03,462489.7853905263,476504.6273720574,457818.1713966826,467161.39938437,24264.142407541658
2024-12-04,476426.87335097406,490864.0513313066,471614.4806908632,481239.2660110849,4381.9545043545495
2024-12-05,481468.12673733913,496058.069971804,476604.8123258509,486331.44114882743,5189.963027063409
2024-12-06,475949.1890373232,490371.8917354239,471141.6214712896,480756.75660335674,31631.674992995973
2024-12-07,487922.9693204305,502708.51384529204,482994.45447880996,492851.484162051,9922.516851124981
2024-12-08,501930.65929745126,517140.6792761619,496860.65263788105,507000.66595702147,64507.04942547119
2024-12-09,508855.3663431892,524275.22592934646,503715.41314780345,513995.31953857496,27591.684553458992
2024-12-10,492834.3146412615,507768.68781220884,487856.1902509457,497812.43903157726,40407.15491828965
2024-12-11,499026.3000612215,514148.3091539858,493985.6303636334,504066.9697588096,90281.90397918195
2024-12-12,523637.89095036214,539505.7058276458,518348.6193246009,528927.1625761234,16159.916875086177
2024-12-13,511926.64450954186,527439.5731310431,506755.6683023748,517097.62071670895,12400.763156566627
2024-12-14,555654.1763269714,572492.181670213,550041.5078792243,561266.8447747186,52664.800311981686
2024-12-15,544804.8966444369,561314.1359366926,539301.8168803516,550307.9764085221,36662.64117450668
2024-12-16,546328.3239715367,562883.72772825,540809.8560526322,551846.7918904411,18263.68041875909
2024-12-17,532451.8993150482,548586.8053548982,527073.597301765,537830.2013283316,88561.98372843963
2024-12-18,538005.8163899169,554309.0229471871,532571.4142041602,543440.2185756736,17814.28050444973
2024-12-19,501319.80895136326,516511.31831352576,496255.9724973091,506383.6454054174,22760.312936572427
2024-12-20,491122.1258543,506004.6145165515,486161.2963002161,496082.9554083838,22498.9214352913
2024-12-21,470404.2136188519,484658.8867588171,465652.6559055302,475155.77133217367,8650.791555984155
2024-12-22,473656.36910379,488009.5924099655,468871.9613350649,478440.7768725152,23803.440058467964
2024-12-23,493207.90698337945,508153.6011343909,488226.0089330423,498189.8050337166,89032.80509733345
2024-12-24,506692.33322165767,522046.6463495867,501574.22884568135,511810.43759763404,34370.994872343515
2024-12-25,459384.30711506703,473305.0436943115,454744.0615886522,464024.55264148186,22721.421261422558
2024-12-26,497597.1736793789,512675.87591208733,492570.9396018094,502623.4077569484,18736.57394861948
2024-12-27,504220.7879957843,519500.2058138384,499127.6487230996,509313.927268469,30664.687535860216
2024-12-28,489316.0388378808,504143.7975905439,484373.45258699317,494258.62508876855,46619.14760302444
2024-12-29,493125.42133259715,508068.61591843347,488144.35647065175,498106.4861945426,40507.35456839541
2024-12-30,497340.4566828423,512411.3796126254,492316.8157062479,502364.09765943664,15805.845803945609
2024-12-31,484820.43355078413,499511.96184020187,479923.2574543116,489717.60964725673,30478.64623981883
2025-01-01,489385.8259798188,504215.6994943588,484442.5348083055,494329.11715133215,35594.26260774689
2025-01-02,478228.37162931205,492720.1404665639,473397.7820168947,483058.9612417293,8044.991577263813
2025-01-03,471210.6190942386,485489.728763761,466450.9158710645,475970.32231741276,26061.920445315038
2025-01-04,458982.15436565556,472890.7044979482,454345.9709882247,463618.33774308645,2536.894853926483
2025-01-05,433367.80539470294,446500.16313393635,428990.35281495843,437745.2579744474,35686.712864582645
2025-01-06,436545.8903445449,449774.553688319,432136.33589662024,440955.4447924696,42631.25951357595
2025-01-07,447421.11172534915,460979.32723217795,442901.7065564062,451940.5168942921,46515.74450568862
2025-01-08,457307.0350315627,471164.8239719131,452687.7720514459,461926.2980116795,14838.095127924238
2025-01-09,472991.299033315,487324.3687009912,468213.60914408957,477768.9889225404,30002.825364428638
2025-01-10,479837.1898724117,494377.7107776363,474990.3495706702,484684.0301741533,91487.15377825884
2025-01-11,470332.08541570924,484584.57285254897,465581.256270096,475082.9145613225,90560.15891974026
2025-01-12,486834.41780007817,501586.9759152321,481916.89842836023,491751.93717179616,21393.176622984935
2025-01-13,461129.2189802845,475102.8316766568,456471.3480814938,465787.0898790753,25319.23419479819
2025-01-14,445207.8771617201,458699.02495449956,440710.8278974603,449704.92642597994,66897.11657969198
2025-01-15,428704.9102991618,441695.9681870152,424374.55766987737,433035.2629284463,4910.828700916319
2025-01-16,447868.981102666,461440.7684088074,443345.05200061883,452392.9102047131,15945.37754824749
2025-01-17,465430.61382324854,479534.5718178924,460729.29449170054,470131.9331547965,83748.24175834743
2025-01-18,475201.0307678688,489601.0620032588,470401.0203560722,480001.0411796655,58407.55586426869
2025-01-19,496289.119388401,511328.18361229193,491276.09798043733,501302.14079636463,31865.00860041281
2025-01-20,479578.4139564184,494111.09316721896,474734.1875528182,484422.6403600186,4886.187346765058
2025-01-21,486984.92936518806,501742.04843686044,482065.8896746306,491903.9690557455,20954.103283482913
2025-01-22,485277.08435265574,499982.45054516045,480375.29562182084,490178.87308349065,12210.904020904232
2025-01-23,502443.89910573326,517669.471805907,497368.70820567536,507519.09000579116,30669.95846392061
2025-01-24,500881.8164473921,516060.0533094343,495822.40416004474,505941.22873473953,9805.054678467131
2025-01-25,493920.7034450494,508887.9974888388,488931.6054304529,498909.80145964585,7897.303136331118
2025-01-26,505348.22113969945,520661.8035984782,500243.69365343987,510452.74862595904,2793.7350924626007
2025-01-27,523817.0646737108,539690.3090577626,518525.9832123602,529108.1461350614,74742.53985314265
2025-01-28,510599.1655445841,526071.8675307836,505441.5982158509,515756.73287331726,14768.170302815673
2025-01-29,510117.65681979695,525575.7676325181,504964.95321555657,515270.3604240373,25774.625616136796
2025-01-30,489285.663068381,504112.5013431804,484343.3836434479,494227.94249331416,21977.223124814223
2025-01-31,441128.97390981123,454496.5185737449,436673.1256885,445584.82213112246,7574.677589575606
2025-02-01,445327.80943131103,458822.5915352902,440829.5487299846,449826.0701326374,6253.740780412053
2025-02-02,456842.3006835327,470686.0067648519,452227.73198975966,461456.8693773058,8060.129271363508
2025-02-03,462316.4922943969,476326.08296998474,457646.6287358677,466986.3558529262,10687.515474715956
2025-02-04,426957.385638293,439895.48823339277,422644.68477325974,431270.08650332625,31780.438787045223
2025-02-05,421605.911500025,434381.848212147,417347.2659293177,425864.55707073235,9939.602774015228
2025-02-06,384827.5791912601,396489.02098493464,380940.4319267019,388714.7264558183,126309.51368553413
2025-02-07,406488.7710190128,418806.6125650435,402382.8238370025,410594.718201023,61522.05675340247
2025-02-08,389439.7444817514,401240.9488599863,385506.00968900643,393373.4792744964,49432.310578518955
2025-02-09,409580.06653405516,421991.5837017538,405442.8941448223,413717.23892328807,19542.38738534646
2025-02-10,425690.8106975641,438590.53223385394,421390.90351880086,429990.7178763274,100135.61895446827
2025-02-11,410994.42542251124,423448.8019504661,406842.9665798596,415145.88426516287,17711.941797231913
2025-02-12,392988.18505370285,404896.91793411813,389018.6074268978,396957.76268050796,21348.539009475215
2025-02-13,399085.32154866494,411178.81614104874,395054.156684537,403116.4864127929,26107.412054307853
2025-02-14,386205.65633616905,397908.8580433257,382304.58910045016,390106.72357188794,44436.79140517453
2025-02-15,388368.17076023686,400136.90320751676,384445.2599444769,392291.0815759968,41643.81257778275
2025-02-16,381450.12828700704,393009.223083583,377597.0966881484,385303.1598858657,13696.21397666087
2025-02-17,354845.3792515416,365598.2695318914,351261.08249142504,358429.6760116582,12926.132036548453
2025-02-18,323718.79651423276,333528.4570146641,320448.9096807557,326988.6833477099,41768.71766651842
2025-02-19,327139.6527934603,337052.97560538334,323835.2118561526,330444.09373076796,45036.86177067335
2025-02-20,320282.0500263274,329987.5666937918,317046.8778038392,323517.2222488155,14863.277837075415
2025-02-21,313676.683484969,323182.03752996813,310508.232136636,316845.13483330206,4504.408803852436
2025-02-22,322878.24895835883,332662.4383207333,319616.852504234,326139.64541248366,17902.289774157918
2025-02-23,338517.72583310807,348775.8387371417,335098.35486509686,341937.0968011193,41090.23573188612
2025-02-24,335335.053651329,345496.7219437935,331947.8308871742,338722.27641548385,133976.1189714733
2025-02-25,331269.4688055983,341307.93755728315,327923.3125550367,334615.6250561599,6647.805223926079
2025-02-26,338393.65768506506,348648.01094824885,334975.53993067046,341811.77543945966,14377.629162023433
2025-02-27,320534.11254464835,330247.26747024374,317296.39423611655,323771.83085318014,14922.067528815682
2025-02-28,323876.04036807246,333690.4658337716,320604.5652128394,327147.5155233055,85460.13931986726
2025-03-01,331511.56016016245,341557.3650135007,328162.95854238304,334860.16177794186,21270.11892828497
2025-03-02,341028.9946068266,351363.20656460925,337584.2572875658,344473.7319260875,8889.920987096013
2025-03-03,315120.98502127803,324670.1057794986,311937.9447685379,318304.02527401823,38510.84939027351
2025-03-04,305996.9055958766,315269.539098782,302906.02776157483,309087.7834301784,14696.453423624625
2025-03-05,295706.06744776847,304666.8573704281,292719.1374735486,298692.99742198834,6474.4097663843695
2025-03-06,297331.1136880474,306341.1474361701,294327.76910533983,300334.45827075496,9020.244261905209
2025-03-07,303494.72321065573,312691.5330049181,300429.1199459016,306560.32647540985,124746.87390507336
2025-03-08,322119.7137288447,331880.91717517335,318865.97924673517,325373.44821095426,32344.821882118587
2025-03-09,316225.36774576496,325807.9546471518,313031.1721119694,319419.5633795606,24532.647376293666
2025-03-10,310405.90394706326,319812.14346061065,307270.49077588075,313541.3171182457,17156.051786342254
2025-03-11,325146.1120934919,334999.0245811735,321861.8079309314,328430.41625605244,29500.09734399179
2025-03-12,329491.06480162084,339475.6425228821,326162.87222786713,332819.2573753746,29150.750745292764
2025-03-13,346692.49524757173,357198.3284368921,343190.5508511316,350194.43964401184,29500.686941440752
2025-03-14,351216.52726289624,361859.45233146887,347668.88557337207,354764.16895242047,24707.079235535126
2025-03-15,335487.4128352842,345653.69807271706,332098.6510894733,338876.17458109517,52512.07059800634
2025-03-16,318100.7326456665,327740.14878644433,314887.5939320739,321313.8713592591,22541.29740383084
2025-03-17,298836.39641926024,307892.04479560145,295817.8469604798,301854.9458780406,8283.833840630172
2025-03-18,307198.4583955683,316507.5025893734,304095.4436642999,310301.47312683664,11939.137033688361
2025-03-19,322264.6605514095,332030.2563256947,319009.4619599812,325519.85914283793,3044.163124808087
2025-03-20,346587.4200514571,357090.0691439255,343086.53702063434,350088.3030822799,167178.45539588158
2025-03-21,358795.6892599959,369668.2859042382,355171.49037858174,362419.88814140996,52195.65808446507
2025-03-22,376022.74155087705,387417.3700827218,372224.53204026213,379820.951061492,9603.947634617229
2025-03-23,367862.8024012544,379010.1600497773,364147.0165184135,371578.5882840954,16616.561381823256
2025-03-24,351398.50208131503,362046.9415383246,347849.0222623119,354947.98190031823,11650.72310065678
2025-03-25,363874.26399690955,374900.7568453007,360198.76638077915,367549.76161303994,103006.48345276709
2025-03-26,370499.40644517634,381726.6611859393,366756.98819825536,374241.8246920973,5324.759555860096
2025-03-27,372647.4786316111,383939.8264689326,368883.36268583726,376411.59457738494,24697.96322818807
2025-03-28,378980.57007162564,390464.8297707658,375152.4835052456,382808.6566380057,19761.130030304586
2025-03-29,384448.28166196845,396098.229591119,380564.96568558493,388331.59763835196,50354.266465268825
2025-03-30,404767.401514036,417033.0803477947,400678.84190278314,408855.9611252889,19850.625010114898
2025-03-31,426341.27062288683,439260.7030660046,422034.79314184753,430647.7481039261,3796.3339245679713
2025-04-01,436261.72638944595,449481.77870427765,431855.042284502,440668.4104943898,17135.063931641303
2025-04-02,451675.77583380835,465362.92055604496,447113.3942597295,456238.1574078872,8331.824860499622
2025-04-03,461640.8735853018,475629.9909666746,456977.8344581775,466303.91271242604,23850.955217353967
2025-04-04,453817.54297697736,467569.58973385545,449233.5273913513,458401.5585626034,92427.24158441165
2025-04-05,468231.9621663331,482420.8095047068,463502.3463868752,472961.577945791,3868.316799057087
2025-04-06,442816.4236166527,456235.10312018765,438343.53044880775,447289.3167844977,9894.92486323041
2025-04-07,462147.8677747763,476152.3486164362,457479.70749422297,466816.0280553296,12673.988800409907
2025-04-08,440759.2403916012,454115.58100952854,436307.12685229216,445211.35393091035,15038.500693264048
2025-04-09,446459.1968357514,459988.26340653177,441949.50797882467,450968.8856926782,46171.85369826782
2025-04-10,432035.81533174514,445127.8097357374,427671.81719708105,436399.8134664092,18517.205065815033
2025-04-11,442247.2234746694,455648.65448905336,437780.07980320806,446714.3671461307,33383.021978269695
2025-04-12,442310.4608309866,455713.80812889535,437842.67839835037,446778.24326362286,11780.8069465952
2025-04-13,414758.8368115057,427327.2864118544,410569.35361138947,418948.3200116219,27720.412812476636
2025-04-14,422360.5306510531,435159.3346101759,418094.26266467886,426626.7986374274,47944.41657474559
2025-04-15,413230.4344079363,425752.5687839344,409056.38961593696,417404.4791999357,10590.370780049165
2025-04-16,428414.94574830175,441397.21683158365,424087.52205387445,432742.36944272905,48115.42639778983
2025-04-17,429080.28596161347,442082.71886954113,424746.1416589709,433414.430264256,23210.795407774407
2025-04-18,436510.6003699767,449738.1943205821,432101.4023864416,440919.79835351184,62658.85182718017
2025-04-19,420445.806292558,433186.58830142336,416198.8789562695,424692.7336288464,18008.156982479162
2025-04-20,411165.18439333,423624.73543555214,407012.0007125893,415318.3680740707,32249.075500507737
2025-04-21,404238.88259462366,416488.5457035517,400155.6615583143,408322.103630933,21149.970048386247
2025-04-22,418697.7390516873,431385.5493259809,414468.46896025614,422927.0091431185,20006.00460966892
2025-04-23,447418.34542831534,460976.47710796125,442898.96820176666,451937.72265486396,28536.24829815138
2025-04-24,433679.52842844103,446821.332320212,429298.9271311841,438060.12972569803,37677.08897579743
2025-04-25,453010.3275436511,466737.91322679206,448434.46564927074,457586.1894380314,6313.434410634604
2025-04-26,414374.3919282472,426931.1916836486,410188.79200978007,418559.99184671434,92377.02770591587
2025-04-27,395202.2932391486,407178.12030700163,391210.3508831976,399194.2355950996,3430.0734689522674
2025-04-28,380638.63889527513,392173.1431042229,376793.80415895925,384483.47363159107,11105.412602086104
2025-04-29,360616.9141879082,371544.69946632965,356974.319095101,364259.5092807153,20044.917899025117
2025-04-30,338315.0892204302,348567.06162104924,334897.7650868905,341732.41335396987,33268.156895497246
2025-05-01,344411.5124065744,354848.2249037433,340932.6082408514,347890.41657229734,106529.0000220859
2025-05-02,341979.03449391044,352342.0355391805,338524.70081215375,345433.3681756671,3434.781221919227
2025-05-03,347681.95070784225,358217.76739595865,344170.01181180344,351193.88960388105,13257.32980924871
2025-05-04,357806.0692507525,368648.67740986624,354191.86653104797,361420.2719704571,2625.8672783236516
2025-05-05,362144.35324475926,373118.42455520655,358486.32947461016,365802.37701490836,22734.115799643027
2025-05-06,372215.77857523423,383495.0445926656,368456.02323609043,375975.53391437803,28902.506039194
2025-05-07,371738.8616807059,383003.67567103036,367983.92368393106,375493.7996774807,108098.24215089393
2025-05-08,354646.4071335749,365393.2679558044,351064.1201928317,358228.69407431805,24850.539980678375
2025-05-09,370184.3766899968,381402.0850745422,366445.140561815,373923.6128181786,62568.993910643425
2025-05-10,362016.448948068,372986.6443707367,358359.7171405118,365673.18075562426,39491.355606699784
2025-05-11,349011.4236324129,359587.5273788497,345486.05571693403,352536.79154789186,14253.414955621869
2025-05-12,347051.1259228956,357567.82670843793,343545.5589943815,350556.6928514097,5383.205282718982
2025-05-13,334900.02031991724,345048.50578415714,331517.19183183723,338282.8488079972,28998.58452491824
2025-05-14,329810.4726139807,339804.7293598589,326479.05369868793,333141.8915292734,4953.739291737846
2025-05-15,334844.09178192326,344990.8824419815,331461.82822857046,338226.355335276,80435.19214699605
2025-05-16,340011.96485190035,350315.35772620037,336577.500560467,343446.4291433337,18731.05082977086
2025-05-17,328311.06419963855,338259.88432690036,324994.79082388466,331627.3375753925,72778.61285154775
2025-05-18,322398.7679955907,332168.4276318207,319142.214783514,325655.32120766735,13626.6888734928
2025-05-19,336736.9116337812,346941.06047116854,333335.52868798544,340138.294579577,28820.7469332234
2025-05-20,343928.2667044468,354350.33539246034,340454.24380844226,347402.2896004513,27155.879479580974
2025-05-21,372991.099995789,384293.86060172203,369223.51312714466,376758.68686443334,21056.31685020901
2025-05-22,391157.67887217755,403010.94186830416,387206.59120680206,395108.7665375531,14290.36033660303
2025-05-23,409648.37621638295,422061.96337445517,405510.5138303589,413786.23860240704,32612.66596626761
2025-05-24,387521.3248568673,399264.39530707547,383606.96804013127,391435.68167360337,8724.03148667638
2025-05-25,399943.0938629772,412062.5815557947,395903.2646320381,403982.9230939164,6571.942113315159
2025-05-26,399693.4205607385,411805.3423959124,395656.1132823472,403730.7278391298,76330.42504740751
2025-05-27,391484.00862266246,403347.1603991068,387529.62469718105,395438.3925481439,45577.433284364306
2025-05-28,394702.24739646754,406662.9215599969,390715.3560086244,398689.13878431066,23526.709015671448
2025-05-29,410217.385446611,422648.2153086295,406073.77549260476,414360.99540061713,116441.27906365579
2025-05-30,419050.7045572134,431749.21075591684,414817.86915764556,423283.5399567812,16852.166130805
2025-05-31,404954.27799855144,417225.6197560833,400863.83074604085,409044.7252510621,82677.53668475586
2025-06-01,417588.1859474489,430242.3734004019,413370.12346313125,421806.2484317666,26254.011750307698
2025-06-02,407564.60722324223,419915.0498663708,403447.7930088661,411681.42143761844,7904.988144722591
2025-06-03,411708.44894498057,424184.4625493739,407549.7777435161,415867.120146445,139810.07756506864
2025-06-04,407330.3401876634,419673.6838297138,403215.8923069799,411444.78806834685,59320.5368705093
2025-06-05,404375.30110694206,416629.09811018273,400290.7021058618,408459.90010802227,19515.786263006114
2025-06-06,417375.8534087259,430023.60654232366,413159.9356975266,421591.77111992514,45577.582352068704
2025-06-07,400635.84752809664,412776.32775622077,396589.0207853886,404682.6742708047,14710.20229929229
2025-06-08,432409.3963870056,445512.71142903605,428041.6247063288,436777.1680676824,50470.73967987282
2025-06-09,401559.82136188936,413728.30079709814,397503.6615501531,405615.9811736256,2016.1024265398542
2025-06-10,392562.1879690684,404458.011846919,388596.9133431182,396527.4625950186,7944.210205631754
2025-06-11,398964.2788321297,411054.1054634064,394934.33662170416,402994.2210425553,58645.12581309245
2025-06-12,408887.5444513084,421278.07610134804,404757.36723462853,413017.7216679883,17160.138803324804
2025-06-13,407857.54494152375,420216.8644852063,403737.7717602962,411977.31812275125,27106.864974738943
2025-06-14,407533.04200978886,419882.5281312976,403416.5466359526,411649.5373836251,5728.530604884495
2025-06-15,414836.85057964124,427407.66423356975,410646.57936166506,419027.1217976174,139785.86510607527
2025-06-16,411624.8604837656,424098.3411044858,407467.03361019224,415782.687357339,72441.13961478448
2025-06-17,435181.0194115334,448368.3230300647,430785.2515386896,439576.78728437715,18021.392107101146
2025-06-18,450444.5430675897,464094.3777060015,445894.5981881191,454994.4879470603,14695.610799841952
2025-06-19,466846.56852087105,480993.4342336247,462130.9466166198,471562.1904251223,61673.175681847
2025-06-20,449504.9603352985,463126.32276970154,444964.5061904975,454045.4144800995,159926.63377825063
2025-06-21,448751.79815325874,462350.33749123634,444218.9517072662,453284.6445992513,57168.610302994995
2025-06-22,444031.54045959905,457487.0416856475,439546.3733842496,448516.70753494854,193262.11733787516
2025-06-23,426836.8386528611,439771.28830900835,422525.3554341453,431148.32187157683,8757.350386978356
2025-06-24,433626.34757769626,446766.5399285355,429246.28346074984,438006.4116946427,9707.10304801062
2025-06-25,424951.29244959465,437828.6043420066,420658.85515212396,429243.7297470653,6708.01850742136
2025-06-26,436729.30757112,449963.52901266905,432317.90042393695,441140.714718303,34260.92084482216
2025-06-27,418689.0407232248,431376.5874118074,414459.85849369725,422918.2229527523,26254.785332972016
2025-06-28,448106.8128905099,461685.80722052534,443580.4814471714,452633.1443338484,18921.40077365874
2025-06-29,432712.86227259104,445825.3732505484,428342.0252799386,437083.6992652435,49476.77408916619
2025-06-30,437157.72924732266,450404.9331639082,432741.9946084608,441573.4638861845,75533.27791505546
2025-07-01,451660.16256169765,465346.83415447635,447097.93869743805,456222.3864259572,4790.248608927651
2025-07-02,442028.2308268017,455423.02570034115,437563.29920228856,446493.16245131486,12125.039482619342
2025-07-03,457763.88142472156,471635.5141951677,453140.00383457285,462387.7590148703,50018.26882232479
2025-07-04,435943.4930583497,449153.90193890576,431540.0234314977,440346.9626852017,13797.756923263085
2025-07-05,461919.05878247716,475916.60601830983,457253.2097038663,466584.90786108805,9914.89968735847
2025-07-06,462873.3699768688,476899.8357337436,458197.8813912439,467548.85856249376,60994.40561074181
2025-07-07,452525.16169986594,466238.04538774065,447954.2004705744,457096.1229291575,6066.27444434694
2025-07-08,447788.4582446007,461357.805464134,443265.34250475623,452311.57398444513,16291.848866995113
2025-07-09,462949.1294313961,476977.89092931716,458272.8755987557,467625.38326403644,30596.59556804437
2025-07-10,452820.63038339384,466542.4676677391,448246.68462194543,457394.57614484226,12409.034637479415
2025-07-11,439926.8764766864,453257.9939456769,435483.1706536896,444370.58229968324,48201.993399189305
2025-07-12,436688.37065538997,449921.3515843412,432277.3770124062,441099.3642983737,12470.523578014428
2025-07-13,416784.7765174273,429414.6182300766,412574.8292798775,420994.72375497705,90094.95903246175
2025-07-14,447760.9531146713,461329.4668454189,443238.11520442204,452283.7910249205,19423.78650509382
2025-07-15,438288.2192642913,451569.6804541183,433861.06553434895,442715.3729942336,43099.64919387011
2025-07-16,453525.16520619974,467268.35203063005,448944.10293138964,458106.22748100985,46444.99336585222
2025-07-17,458005.4511256935,471884.4041901085,453379.1334375552,462631.76881383185,11760.009123450453
2025-07-18,440655.58082479815,454008.7802437314,436204.5143518204,445106.6472977759,2825.705795084962
2025-07-19,441211.60516216425,454581.65380344196,436754.9222817383,445668.28804259014,31595.050408481347
2025-07-20,455709.86755835917,469519.25748437,451106.7375830222,460312.9975336961,23677.68558555509
2025-07-21,452961.730436555,466687.843480087,448386.35942204436,457537.1014510657,38400.51030096417
2025-07-22,475258.5532145673,489660.3275544027,470457.9617679555,480059.1446611791,17561.644754139626
2025-07-23,495390.798150786,510402.6405189917,490386.85069471743,500394.74560685456,14322.28938799083
2025-07-24,514342.7628792843,529928.9072089596,509147.38143605914,519538.14432250935,164139.6733285683
2025-07-25,505657.43165452045,520980.3841288999,500549.7808297273,510765.0824793136,5052.537839382524
2025-07-26,484574.7034525336,499258.78537533764,479680.0094782656,489469.3974268016,45887.612450170745
2025-07-27,473408.4042312794,487754.1134504091,468626.5011582361,478190.3073043226,12399.3352565897
2025-07-28,477834.6012602614,492314.4376620875,473007.9891263193,482661.2133942034,15744.106476521054
2025-07-29,488983.1842275071,503800.85647682555,484043.96014440095,493922.40831061325,16040.90285293744
2025-07-30,447242.1829927618,460794.97641678486,442724.58518475405,451759.78080076945,9863.19790184508
2025-07-31,447767.90362725477,461336.62797959585,443244.9955098078,452290.8117447018,38996.38428747156
2025-08-01,451271.0467230565,464945.9269267855,446712.75332181354,455829.3401242995,88489.89077584817
2025-08-02,446938.0458107614,460481.62295654207,442423.5200955012,451452.57152602164,35242.69882470454
2025-08-03,470693.22912813025,484956.6603138312,465938.75206622994,475447.70619003056,24425.476763582672
2025-08-04,479340.4299770642,493865.8975521268,474498.60745204333,484182.25250208506,8213.705996501976
2025-08-05,505180.5587249084,520489.0605044511,500077.7247983942,510283.39265142265,36931.689880784186
2025-08-06,501574.36730967375,516773.59056148207,496507.95955907094,506640.7750602765,190298.5876833353
2025-08-07,521135.31606748706,536927.2953422593,515871.32297589624,526399.3091590778,15052.590418626622
2025-08-08,556000.6527337253,572849.15736202,550384.4845242937,561616.8209431568,15123.671141834106
2025-08-09,586006.750272112,603764.530583388,580087.4901683532,591926.0103758706,12568.021228419926
2025-08-10,561285.6665574331,578294.3231197796,555616.1143699843,566955.2187448819,13501.900948391947
2025-08-11,556432.205206347,573293.787182297,550811.6778810305,562052.7325316637,1414.7391493405844
2025-08-12,549584.4231856436,566238.4966155116,544033.0653756876,555135.7809955996,33025.50384860628
2025-08-13,561164.2666784573,578169.2444565924,555495.9407524123,566832.5926045023,9456.40741107572
2025-08-14,577412.2966537502,594909.6389765912,571579.8492128032,583244.7440946972,4401.659382552944
2025-08-15,558902.9372765226,575839.3899212658,553257.4530616082,564548.421491437,46779.013401228985
2025-08-16,561257.8974699833,578265.7125448313,555588.6257783674,566927.1691615994,7465.011234719787
2025-08-17,516751.7776166641,532410.9223929268,511532.0626912433,521971.492542085,15698.664846818541
2025-08-18,547332.0110820329,563917.8295996704,541803.4049094871,552860.6172545787,95458.0717874893
2025-08-19,536935.4561556078,553206.2275542626,531511.8656893896,542359.0466218261,5381.832464653879
2025-08-20,538940.6725407635,555272.2080723018,533496.8273635841,544384.517717943,4757.1392345277
2025-08-21,533073.7705452234,549227.5211678059,527689.1870043625,538458.3540860842,28833.874981539575
2025-08-22,558310.0708234892,575228.5578181405,552670.5751586055,563949.566488373,69528.17631579714
2025-08-23,495779.19903937733,510802.8111314797,490771.3283420099,500787.0697367448,4562.6472998491145
2025-08-24,496193.46534937195,511229.63096601964,491181.4101438227,501205.5205549212,33113.281572066306
2025-08-25,494837.49250812613,509832.5680386754,489839.1339979431,499835.85101830924,39379.45607808288
2025-08-26,486600.6970450358,501346.17271306715,481685.5384890253,491515.85560104623,2809.718322802231
2025-08-27,520929.919705161,536715.6748477417,515668.0013243008,526191.8380860212,48947.39054253798
2025-08-28,503221.8560345684,518471.0031871311,498138.80698371417,508304.9050854226,52923.66545151124
2025-08-29,519512.07701017684,535254.8672226064,514264.4802727003,524759.6737476534,16126.423659758071
2025-08-30,527694.4501737467,543685.1910881026,522364.2032022947,533024.6971451987,77060.5197034747
2025-08-31,555113.8601830202,571935.4923097785,549506.6494741009,560721.0708919397,68627.97808169777
2025-09-01,541131.8946403821,557529.8308416058,535665.9159066409,546597.8733741234,24419.027567404493
2025-09-02,526078.2785185302,542020.0445342432,520764.35651329247,531392.2005237679,14024.409269401569
2025-09-03,549932.1387387749,566596.7490035864,544377.2686505045,555487.0088270454,8326.280421589052
2025-09-04,560112.9512165291,577086.0709503633,554455.2446385843,565770.6577944738,21214.421538426
2025-09-05,526339.5439756837,542289.227126462,521022.98292542424,531656.1050259431,38939.28509845743
2025-09-06,515774.7510765914,531404.2889880033,510564.90510612074,520984.597047062,15927.829463246677
2025-09-07,524519.8698875582,540414.4113993023,519221.6893836434,529818.0503914729,2446.7086562249024
2025-09-08,542883.6089116723,559334.627363541,537399.9360943827,548367.2817289619,78332.18890096684
2025-09-09,528948.2067934868,544976.9403326834,523605.29561375466,534291.117973219,26641.44118813851
2025-09-10,468082.00990564306,482266.31323611713,463353.90879548504,472810.1110158011,15068.70722581179
2025-09-11,478580.5873368625,493083.0293773735,473746.4399900255,483414.7346836995,51904.37635458002
2025-09-12,455937.5865165593,469753.8770170611,451332.1563497253,460543.0166833932,101178.19988588765
2025-09-13,419830.2695842482,432552.39896558906,415589.5597904679,424070.9793780285,1336.8727950610444
2025-09-14,372896.1687231627,384196.0526238646,369129.540756262,376662.7966900633,34005.027146621695
2025-09-15,385596.7267435163,397281.47603877436,381701.81031176355,389491.64317526895,5288.821859556179
2025-09-16,388158.9005487616,399921.29147448164,384238.10357352154,392079.6975240016,36283.21464364554
2025-09-17,385237.51759402157,396911.38176353736,381346.2295375163,389128.80565052683,25032.42347057327
2025-09-18,407219.54576902825,419559.53200445336,403106.2170238865,411332.87451416993,41594.63728164146
2025-09-19,418211.6178048036,430884.6971322219,413987.25802899746,422435.9775806097,13369.782276795866
2025-09-20,445877.15346049896,459388.58235324133,441373.34382958483,450380.9630914131,3383.817835570051
2025-09-21,421706.41207655834,434485.3942606965,417446.75134851225,425966.07280460437,14039.524489588492
2025-09-22,421756.16290816787,434536.6526932639,417495.9996464692,426016.32616986654,33085.40855905112
2025-09-23,395114.44397091464,407087.6089397303,391123.3889813094,399105.49896051985,60802.873519736386
2025-09-24,392081.824736558,403963.09215281735,388121.4022644716,396042.24720864446,6823.778976648517
2025-09-25,388770.83716953173,400551.7716292145,384843.85901630414,392697.8153227593,61516.48255266366
2025-09-26,399098.3577589104,411192.2473879683,395067.0612158911,403129.6543019297,11523.315657774085
2025-09-27,400424.3841010229,412558.45634650846,396379.6933525277,404469.0748495181,31648.621799810535
2025-09-28,411010.11745277105,423464.96949679445,406858.50010476325,415161.73480077885,13228.198064759144
2025-09-29,423191.4730986467,436015.457131939,418916.81175421586,427466.13444307743,26427.76993369456
2025-09-30,460304.15796446626,474252.7688118743,455654.6210153302,464953.69491360226,53738.1058274013
2025-10-01,455189.31974459323,468982.9354944294,450591.44782798114,459787.19166120526,6457.425078850166
2025-10-02,438738.3644049882,452033.4663566545,434306.66375443275,443170.0650555436,11160.03199931327
2025-10-03,443715.1248672271,457161.0377419916,439233.1539089723,448197.0958254819,26501.658299129784
2025-10-04,430141.34625769965,443175.932507933,425796.4841742886,434486.2083411108,243186.4375899268
2025-10-05,456284.66227854165,470111.47022637626,451675.72629593016,460893.5982611532,9291.081939472879
2025-10-06,451799.9673819068,465490.87548438885,447236.33134774613,456363.6034160675,169419.62185690957
2025-10-07,442256.5719506819,455658.2862522178,437789.33385016996,446723.81005119387,163476.29983505758
2025-10-08,434582.2578028976,447751.41713025817,430192.53802711074,438971.97757868445,19984.032312816194
2025-10-09,447722.58982709184,461289.9410339734,443200.139424798,452245.0402293857,16347.78141424861
2025-10-10,445569.09819704,459071.1920817988,441068.40023545374,450069.79615862627,11025.155464844493
2025-10-11,434801.17558879725,447976.9687884578,430409.24452224374,439193.10665535077,20574.289025095633
2025-10-12,464417.2562142513,478490.5064025619,459726.1728181477,469108.3396103548,5395.28426868053
2025-10-13,449209.0801684317,462821.47653717204,444671.61471218494,453746.5456246785,20409.606639319856
2025-10-14,450521.9579247469,464174.13846792106,445971.23107702215,455072.6847724716,98408.28472449823
2025-10-15,462952.8706452259,476981.74551326304,458276.5790225469,467629.16226790496,11955.120239581554
2025-10-16,433438.04905711644,446572.5353921806,429059.8869454284,437816.2111688045,17314.086470404698
2025-10-17,442414.73312144517,455821.24018573144,437945.89743334975,446883.5688095406,4019.2858867962454
2025-10-18,424406.54799464444,437267.3524793306,420119.6131664157,428693.48282287316,32018.274219111285
2025-10-19,439010.9338071641,452314.2954376842,434576.4799303241,443445.38768400415,28695.100846140904
2025-10-20,422764.87742095644,435575.9343125006,418494.52512377506,427035.2297181378,23475.25953374113
2025-10-21,435114.1613303126,448299.43894638267,430719.0687916226,439509.2538690026,17732.82905976451
2025-10-22,455013.3776607942,468801.6618323334,450417.28293694777,459609.4723846406,16436.20958045788
2025-10-23,471374.5034540278,485658.57931627106,466613.14483328006,476135.86207477556,36384.57622344336
2025-10-24,476820.13562012766,491269.2306389194,472003.7706138637,481636.50062639156,21400.796039195888
2025-10-25,473123.8079444857,487460.8930337126,468344.77958141005,477902.8363075613,30181.12088288105
2025-10-26,462924.7806592309,476952.8043155712,458248.7727737841,467600.78854467766,27309.306416376938
2025-10-27,490858.3042937648,505732.79836327286,485900.13960392884,495816.46898360085,67739.67218823689
2025-10-28,477860.4702448822,492341.0905553332,473033.5968080652,482687.3436816992,43347.05729234572
2025-10-29,458754.34568660264,472655.9925255906,454120.46340694,463388.2279662653,26711.830687237798
2025-10-30,471652.11282237957,485944.6010897244,466887.95006659796,476416.2755781612,100551.16995144295
2025-10-31,457339.60677887057,471198.38274186663,452720.0147912052,461959.1987665359,33532.43737074821
2025-11-01,440645.54953519424,453998.44497565465,436194.58438837406,445096.51468201436,81223.72707233396
2025-11-02,415861.80612289114,428463.67903570604,411661.18181861955,420062.4304271628,40414.44737790668
2025-11-03,408452.6485107729,420830.0014959479,404326.86418238125,412578.43283916457,3491.4797451073864
2025-11-04,407713.92066025286,420068.8879529878,403595.5982293412,411832.2430911645,81213.33715336643
2025-11-05,412289.9667958279,424783.60215327726,408125.4216766781,416454.5119149777,25214.54378489215
2025-11-06,428596.96254101756,441584.7492846848,424267.7002931285,432926.22478890663,20911.305591664484
2025-11-07,438272.9319709222,451553.92990943504,433845.9326580846,442699.9312837598,29183.196126570834
2025-11-08,435584.1762770637,448783.6967703081,431184.33611264895,439984.0164414785,15599.854059645397
2025-11-09,432784.31652397796,445898.9927822803,428412.7577712105,437155.8752767454,27640.264861771855
2025-11-10,442265.0190589264,455666.9893334393,437797.69563408877,446732.34248376405,12186.985921992846
2025-11-11,465440.94728197175,479545.2184117285,460739.5235720528,470142.37099189067,78768.80002987472
2025-11-12,468490.7807293997,482687.47105453303,463758.5506210219,473223.01083777746,19661.385934893948
2025-11-13,460402.1776943623,474353.7588366157,455751.65064694453,465052.7047417801,15024.17962545654
2025-11-14,442808.0741985648,456226.5006894304,438335.2653682763,447280.88302885334,8734.833702142314
2025-11-15,417874.3439116225,430537.2028180353,413653.3909428182,422095.29688042676,28818.585537443076
2025-11-16,429637.83551042597,442657.16385922674,425298.059394159,433977.6116266929,26558.552427411418
2025-11-17,440215.14993841195,453555.00296684867,435768.5322622664,444661.7676145575,32481.45576679649
2025-11-18,451042.0394942716,464709.98008500715,446486.0592973598,455598.01969118346,7885.24138797042
2025-11-19,449397.36979019956,463015.4719050541,444858.00241858134,453936.7371618177,4441.816978863226
2025-11-20,475362.3768156926,489767.2973252591,470560.7366458371,480164.0169855481,41175.19547715912
2025-11-21,466870.1516510651,481017.7320041277,462154.2915333776,471586.01176875265,97211.26335533733
2025-11-22,485409.92462424276,500119.31627952284,480506.79407248273,490313.0551760028,7892.327607409802
2025-11-23,485385.79208171513,500094.45244782773,480482.90529301093,490288.67887041933,107951.9266676366
2025-11-24,474302.4780587418,488675.2804241582,469511.5439369363,479093.41218054725,29258.080143575073
2025-11-25,486255.47549925884,500990.4899083273,481343.8040295693,491167.1469689483,21871.443069100264
2025-11-26,494952.370939402,509950.9276345354,489952.8520410242,499951.8898377798,14801.018921862606
2025-11-27,502762.18003820896,517997.3976151244,497683.77417923714,507840.5858971808,5516.40677400446
2025-11-28,505150.87197478785,520458.47415584204,500048.3379144364,510253.4060351392,59143.88695745121
2025-11-29,505142.9293519073,520450.29084741964,500040.4755200698,510245.38318374474,10141.524779401761
2025-11-30,554159.41274036,570952.1222173406,548561.8429146998,559756.9825660202,10099.0165243593
2025-12-01,581241.3305409017,598854.7041936564,575370.2059899835,587112.45509182,59392.682640193394
2025-12-02,598918.6671843983,617067.7177051377,592868.9836774851,604968.3506913114,3351.008262205503
2025-12-03,602495.3892981153,620752.8253374521,596409.5772850029,608581.2013112275,4800.148765997386
2025-12-04,627671.435168378,646691.781688632,621331.3196616268,634011.5506751294,21630.632417339457
2025-12-05,641618.1633094245,661061.1379551647,635137.1717608444,648099.1548580045,29533.616295912012
2025-12-06,643253.1283681828,662745.6474096429,636755.6220210294,649750.6347153361,35765.34361125724
2025-12-07,636407.259985204,655692.328469604,629978.9038237373,642835.6161466707,16288.286463704011
2025-12-08,635302.0156292934,654553.5918604841,628884.8235522299,641719.207706357,276611.6092642535
2025-12-09,555687.8542364846,572526.8801224388,550074.8456078332,561300.862865136,17537.687947298342
2025-12-10,561202.5191574278,578208.6561015924,555533.8068427064,566871.2314721494,17487.01436004384
2025-12-11,551078.9626679207,567778.3251730093,545512.508499558,556645.4168362836,9926.997365338819
2025-12-12,587013.0583329648,604801.3328279031,581083.6335013187,592942.4831646109,24931.98550434818
2025-12-13,588347.7868071769,606176.5076195155,582404.8798697307,594290.6937446231,40739.81839232069
2025-12-14,561249.3486282642,578256.9046473025,555580.1632885848,566918.5339679436,73392.5752264763
2025-12-15,560971.4144906512,577970.5482630952,555305.0365665032,566637.7924147992,4967.71738818874
2025-12-16,538339.1106197468,554652.4170021635,532901.341825608,543776.8794138858,17223.06342912849
2025-12-17,549340.7683710941,565987.4583217333,543791.8717208811,554889.6650213072,34430.690482552105
2025-12-18,556557.9494709226,573423.3418791323,550936.1520015193,562179.7469403258,39618.740672244174
2025-12-19,578716.516835593,596253.3809821261,572870.8954534153,584562.1382177707,22171.18291621208
2025-12-20,561276.7373821196,578285.123363396,555607.2753883608,566946.1993758784,37889.29773504025
2025-12-21,562882.1706200131,579939.2060933469,557196.4921289019,568567.8491111244,9808.808692131035
2025-12-22,532992.6366298083,549143.9286488935,527608.8726234466,538376.4006361701,104600.69054066394
2025-12-23,548747.7877207572,565376.5085607802,543204.8807740828,554290.6946674315,59434.378643886186
2025-12-24,560960.0858974813,577958.8763792232,555293.8224035673,566626.3493913952,5739.183391679192
2025-12-25,572926.5991136887,590288.0112080429,567139.461748904,578713.7364784734,7516.80870008955
2025-12-26,573823.092457527,591211.671016846,568026.8996044205,579619.2853106332,7731.655234442277
2025-12-27,584204.077610612,601907.2314776003,578303.026321616,590105.1288996082,43389.379184839585
2025-12-28,622570.8416847902,641436.6247661475,616282.2473243377,628859.4360452426,6095.293735289089
2025-12-29,616405.0430846716,635083.9837842071,610178.7295181598,622631.3566511835,15819.136638679152
2025-12-30,620748.1142668306,639558.6631840073,614477.9312944383,627018.2972392228,34707.26799876297
2025-12-31,594710.8023553318,612732.3418206449,588703.6225335607,600717.9821771028,20616.23323262934
2026-01-01,574948.3016338266,592370.9774409123,569140.7430314647,580755.8602361885,28535.023762299938
2026-01-02,578060.2275559257,595577.2041485296,572221.2353583912,583899.2197534604,7587.043650512558
2026-01-03,604452.9209857847,622769.6761671721,598347.3359253223,610558.5060462472,39928.848968055616
2026-01-04,599163.2126548032,617319.6736443427,593111.0589916233,605215.366317983,11929.720750982537
2026-01-05,594407.8572489445,612420.2165595186,588403.7374787531,600411.9770191358,15920.777968970715
2026-01-06,585625.2375815356,603371.4569021881,579709.8311413181,591540.6440217531,27937.683732971513
2026-01-07,573976.9953414472,591370.2376245214,568179.2479137557,579774.7427691385,24418.05804903041
2026-01-08,581610.2340288289,599234.7865751571,575735.3831800529,587485.084877605,22561.044854580356
2026-01-09,547649.8346033201,564245.284136754,542118.0180921755,553181.6511144647,10398.045949691035
2026-01-10,576531.5632471603,594002.2166788925,570708.0121032496,582355.114391071,16324.961385807732
2026-01-11,562050.8822816273,579082.7271992523,556373.6006424188,567728.1639208356,22074.615133784646
2026-01-12,579123.8182415572,596673.0248549377,573274.0827037637,584973.5537793507,5568.688051418899
2026-01-13,550573.046493553,567257.0782054788,545011.7025895778,556134.3903975283,13869.771429522687
2026-01-14,566128.7199949723,583284.1357523957,560410.2480758312,571847.1919141135,32457.274706732216
2026-01-15,582194.1987041467,599836.4471497269,576313.4492222866,588074.9481860067,6139.89792343121
2026-01-16,592014.6987002807,609954.5380548347,586034.7522487628,597994.6451517987,70023.18297747638
2026-01-17,569354.0686798403,586607.2222761991,563603.017481054,575105.1198786265,78402.67005635521
2026-01-18,575891.3508660342,593342.6039225807,570074.266513852,581708.4352182164,6341.365634756407
2026-01-19,549502.714917249,566154.3123389839,543952.1824433375,555053.2473911607,85615.32984330185
2026-01-20,544771.205193358,561279.4235325507,539268.4657469604,550273.9446397555,19080.42866154422
2026-01-21,568020.1466271186,585232.8783430918,562282.5693884608,573757.7238657763,33473.674034569245
2026-01-22,586973.8866643725,604760.9741390505,581044.8575061465,592902.9158225985,13404.542859783629
2026-01-23,588210.8271261276,606035.3976451011,582269.303619803,594152.350632452,55439.34544390755
2026-01-24,566157.4720743542,583313.7591069103,560438.7097301688,571876.2344185396,33060.48424902547
2026-01-25,581626.8805675379,599251.937554433,575751.8615719061,587501.8995631696,9758.039061611888
2026-01-26,582950.2268413429,600615.3852304745,577061.8407116324,588838.6129710535,6869.166134412318
2026-01-27,529719.5120083278,545771.6184328225,524368.8098668294,535070.214149826,5113.797535325272
2026-01-28,547097.0628635221,563675.7617381742,541570.8299053047,552623.2958217395,26580.729475929413
2026-01-29,547387.3999684185,563974.8969371585,541858.2343121719,552916.5656246652,39045.05098042447
2026-01-30,574536.7475572607,591946.9520286928,568733.3460667833,580340.149047738,42233.35872141602
2026-01-31,550227.6262149446,566901.1906457006,544669.7714046927,555785.4810251966,19575.203278301044
2026-02-01,481136.55972135504,495716.455470487,476276.5944716444,485996.5249710657,6925.763269025087
2026-02-02,487229.36246005574,501993.88859520893,482307.853748338,492150.87117177347,11135.853221828174
2026-02-03,493642.54187599657,508601.4067813298,488656.25357421883,498628.8301777743,69727.40042667712
2026-02-04,460999.5080996394,474969.1901632648,456342.94741176424,465656.0687875145,13566.671450780785
2026-02-05,443647.4949889799,457091.3584734944,439166.2071608084,448128.7828171514,25423.20530661255
2026-02-06,493206.7842374843,508152.4443658929,488224.8975280147,498188.6709469538,7512.694858609207
2026-02-07,487917.4252844148,502702.80180818494,482988.9664431581,492845.8841256715,30840.469319960754
2026-02-08,502915.206292022,518155.0610281439,497835.25471331476,507995.15787072934,13937.1809759271
2026-02-09,490580.5102491839,505446.586317341,485625.1515597982,495535.8689385696,62737.37953235703
2026-02-10,450297.90650676854,463943.29761303426,445749.44280468,454846.3702088571,47741.5661991205
2026-02-11,447906.67608262034,461479.60566088156,443382.36622319993,452430.98594204074,13417.21755620003
2026-02-12,443819.89386673894,457268.9815596705,439336.86463576177,448302.9230977161,19405.96889350891
2026-02-13,437386.66700972244,450640.8084342595,432968.61986821005,441804.7141512348,12693.98781494582
2026-02-14,436037.05209242296,449250.2960952237,431632.6374248227,440441.4667600232,5327.12410210345
2026-02-15,441300.33799575845,454673.07551078143,436842.7588240841,445757.9171674328,9344.634155673708
2026-02-16,439312.4220496642,452624.9196875328,434874.9228370413,443749.92126228707,26855.269232963346
2026-02-17,417759.6462376718,430419.0294569952,413539.8518312307,421979.44064411294,30493.21559151193
2026-02-18,426510.6211681904,439435.18544601434,422202.43307558243,430818.8092607984,25553.968426554304
2026-02-19,393893.276769931,405829.43667205016,389914.556802558,397871.9967373041,16289.352394886546
2026-02-20,362179.2359891124,373154.36435241887,358520.8598680102,365837.61211021454,55997.73966182556
2026-02-21,373431.13791625877,384747.23300463025,369659.10622013494,377203.1696123826,23471.493108343493
2026-02-22,381564.7709099379,393127.3397253906,377710.581304787,385418.9605150888,44500.4165193512
2026-02-23,381261.1160932721,392814.4832476137,377409.9937084916,385112.23847805266,3737.696784923621
2026-02-24,360551.7975924678,371477.60964072443,356909.8602430489,364193.7349418867,435.98147258788765
2026-02-25,350883.08280104003,361515.9034919807,347338.80923739314,354427.3563646869,29254.48071711732
2026-02-26,347721.67187227414,358258.69223204,344209.3317523522,351234.0119921961,5298.7930451621405
2026-02-27,326046.1776247438,335926.3648254936,322752.78189116047,329339.57335832703,17810.586332718933
2026-02-28,316896.9481270361,326499.8859490675,313695.96885302564,320097.92740104656,16283.424360231193
2026-03-01,325641.15328278136,335509.06701862323,322351.8487041674,328930.4578613953,107731.85582977057
2026-03-02,344721.1896092592,355167.28626408527,341239.15739098383,348203.22182753455,32859.51240565578
2026-03-03,339454.7495176762,349741.25707881793,336025.9136639623,342883.5853713901,26000.187455347153
2026-03-04,350235.67423504917,360848.8764845961,346697.9401518668,353773.40831823146,50868.09326620929
2026-03-05,323946.14297245827,333762.69275950245,320673.9597101102,327218.3262348063,31840.60327439719
2026-03-06,332977.12962840317,343067.34567774873,329613.7242786213,336340.534978185,13937.286462537542
2026-03-07,322768.7379026353,332549.6087481697,319508.4476207905,326029.0281844801,64310.3544214672
2026-03-08,327220.9532816788,337136.73974476,323915.6911273184,330526.2154360392,7260.833236578327
2026-03-09,324468.9934126318,334301.38715240854,321191.5288327062,327746.4579925574,30431.91546575618
2026-03-10,342093.0330884506,352459.4886365855,338637.547905739,345548.51827116223,4686.447941134098
2026-03-11,330640.6389108325,340660.05221116083,327300.83447738976,333980.4433442753,27009.497908466074
2026-03-12,339437.08575761097,349723.0580532962,336008.42832571594,342865.74318950606,26715.244640555073
2026-03-13,336151.2334346923,346337.63444786484,332755.7664303015,339546.70043908316,117766.00920494022
2026-03-14,334526.8770171476,344664.0551085764,331147.817653338,337905.9363809572,4605.590204804773
2026-03-15,332568.50458443357,342646.3380566891,329209.2267603484,335927.7824085188,12077.66096658227
2026-03-16,321817.58775215497,331569.6358658566,318566.90504758776,325068.2704567222,50145.418163497794
2026-03-17,322118.82232586783,331879.998759985,318865.09684782877,325372.5478039069,30801.456487454303
2026-03-18,321794.793698129,331546.15108292084,318544.34123653173,325045.2461597263,26378.512871165094
2026-03-19,325382.6801273853,335242.7613433667,322095.9863887249,328669.3738660458,8466.430726839098
2026-03-20,326970.6145791804,336878.81502097374,323667.8810985826,330273.34805977816,12199.883139043804
2026-03-21,337897.90123375115,348137.23157416785,334484.7911202789,341311.01134722336,76499.61661422088
2026-03-22,350886.81301094947,361519.746738554,347342.50176841463,354431.1242534843,20920.62526771007
2026-03-23,336667.1484676205,346869.1832696696,333266.4702002708,340067.8267349702,32059.84835594723
2026-03-24,348871.63560796104,359443.50335365685,345347.67969272914,352395.591523193,19629.948647064826
2026-03-25,332839.77787308826,342925.8317480303,329477.7599147743,336201.7958314023,6747.413226750324
2026-03-26,341165.5104690639,351503.8592711568,337719.3942016996,344611.6267364282,56039.40741510507
2026-03-27,350134.5986883928,360744.7380425865,346597.8855703282,353671.31180645735,36433.07826577028
2026-03-28,323891.07367328147,333705.95469368395,320619.4466664807,327162.7006800823,220937.87610093603
2026-03-29,325581.51620330114,335447.6227549163,322292.8140194294,328870.21838717285,7977.805242516606
2026-03-30,319968.5414806779,329664.5578891833,316736.53601117607,323200.5469501797,50139.927271390894
2026-03-31,310737.25377658714,320153.5341940595,307598.4936374297,313876.0139157446,5934.013251302775
2026-04-01,327993.76539721654,337932.9704092534,324680.69705987093,331306.83373456215,25779.801267383784
2026-04-02,319909.64873734093,329603.88051726035,316678.23814403446,323141.0593306474,58483.88873580685
2026-04-03,310070.80280468496,319466.88773816027,306938.7744935265,313202.8311158434,2773.498736416498
2026-04-04,311474.7406415173,320913.36914580566,308328.5311400878,314620.95014294673,17945.012959465294
2026-04-05,320483.70828907087,330195.3358129821,317246.4991144338,323720.91746370797,12541.397683087342
2026-04-06,319148.5912867674,328819.7607196997,315924.8681424566,322372.31443107815,10916.631180020699
2026-04-07,334517.1348364463,344654.01771027804,331138.17387850245,337896.09579439025,32377.293955478235
2026-04-08,342123.7288230255,352491.11454493535,338667.93358238885,345579.5240636621,67554.2127543223
2026-04-09,312828.2032614184,322307.8457844917,309668.322420394,315988.08410244284,19278.028077018836
2026-04-10,306672.1576111035,315965.2532962884,303574.45904937515,309769.8561728318,27051.194102225465
2026-04-11,300240.11269372265,309338.2979268658,297207.38428267493,303272.84110477037,24693.831462335063
2026-04-12,306447.40832990804,315733.6934308143,303351.9799629393,309542.8366968768,22066.226509450513
2026-04-13,274732.3440717635,283057.5666193927,271957.2698892205,277507.4182543066,7410.530901041125
2026-04-14,303156.2590813793,312342.8123868756,300094.0746462138,306218.4435165447,66732.31529258353
2026-04-15,310050.3488461103,319445.8139626591,306918.527140594,313182.17055162654,29590.10719779813
2026-04-16,312361.79656897037,321827.3055559089,309206.62690665753,315516.9662312832,32691.863065482255
2026-04-17,327593.40385056706,337520.47669452365,324284.37956924824,330902.42813188594,9832.911662634979
2026-04-18,358795.41830070555,369668.00673406024,355171.222156254,362419.6144451571,13915.792176374764
2026-04-19,371830.40769131784,383097.99580317596,368074.54498736514,375586.27039527055,18469.3116192303
2026-04-20,386500.05572221096,398212.17862288404,382596.01475532,390404.096689102,4749.883196667819
2026-04-21,389100.2738753071,400891.19126546796,385169.9680785868,393030.5796720274,4072.309958477371
2026-04-22,387481.21591030055,399223.07093788544,383567.2642344389,391395.16758616216,12079.34284017694
2026-04-23,380687.96584746195,392223.9648125366,376842.63285910373,384533.29883582017,37142.634490668795
2026-04-24,368679.3620487129,379851.46392897697,364955.3280886249,372403.39600880095,11462.80368582777
2026-04-25,359100.86429195874,369982.70866444235,355473.5828344642,362728.1457494533,7952.127663012263
2026-04-26,340240.0830255877,350550.38857181766,336803.3145101777,343676.8515409977,9752.8452970959
2026-04-27,339717.8628029123,350012.34349390963,336286.36923924653,343149.3563665781,13969.862041394608
2026-04-28,317334.9728423683,326951.18414062186,314129.5690762838,320540.3766084528,15462.005524565493
2026-04-29,320234.35490180395,329938.42626246467,316999.6644482504,323469.0453553575,192052.0008703857
2026-04-30,320249.3340809715,329953.8593561525,317014.49232257786,323484.17583936517,63235.468204628305
2026-05-01,322611.945340546,332388.06489632017,319353.23882195464,325870.6518591374,61375.997179074264
2026-05-02,316358.0279974423,325944.6349064557,313162.4923611045,319553.5636337801,70868.43183923353
2026-05-03,355768.1442047897,366548.99705948035,352174.52658655954,359361.76182301994,8112.644157595676
2026-05-04,375657.23280952004,387040.78531889943,371862.71530639357,379451.7503126465,6487.518538308266
2026-05-05,357519.8629909076,368353.7982330564,353908.5512435247,361131.17473829055,7281.773385724141
2026-05-06,361386.34145386674,372337.4427100445,357735.97436847416,365036.7085392593,83659.15406293923
2026-05-07,353139.4163429437,363840.6107775784,349572.3515313988,356706.4811544886,12743.902630192017
2026-05-08,339339.0143242098,349622.0147582768,335911.3475128542,342766.6811355655,6302.135465740841
2026-05-09,321658.47341615224,331405.6998833084,318409.3979271002,324907.5489052043,14314.149460148552
2026-05-10,327702.0075636605,337632.371429226,324391.8862751387,331012.12885218236,17350.80996740054
2026-05-11,319261.9737371461,328936.57900190813,316037.1053155588,322486.84215873346,28808.140248224845
2026-05-12,332100.46856433037,342164.11912688584,328745.91837681184,335455.01875184884,28309.451997482578
2026-05-13,345800.04083103506,356278.82994712703,342307.1111256711,349292.97053639905,9622.115598123562
2026-05-14,365322.7269124603,376393.11257647426,361632.5983577889,369012.8554671316,43724.17328292708
2026-05-15,353414.8606921776,364124.40192527394,349845.01361447887,356984.7077698764,11623.758932360548
2026-05-16,360665.0338264386,371594.2772757246,357021.9526766766,364308.1149762006,18839.738411517188
2026-05-17,370330.196234737,381552.3233933654,366589.4871818609,374070.90528761316,43773.07014940638
2026-05-18,363861.59166362986,374887.70050192164,360186.22205086594,367536.9612763938,11593.253302690531
2026-05-19,353174.6571383922,363876.9194759193,349607.23635921656,356742.0779175679,12464.608361601493
2026-05-20,376442.0954958033,387849.43172294885,372639.65008675476,380244.5409048518,39801.82520699022
2026-05-21,380432.319606136,391960.5717154129,376589.56890304375,384275.0703092283,9341.917625717375
2026-05-22,390680.6755494637,402519.4838994475,386734.40609946917,394626.9449994583,14991.040121720456
2026-05-23,378419.9280966302,389887.1986450129,374597.50458050263,382242.3516127578,38397.29057112616
2026-05-24,360531.4963827485,371456.6932428318,356889.7640960541,364173.22866944293,171801.0570721047
2026-05-25,352860.1104548243,363552.84107466746,349295.86691487656,356424.353994772,40352.33355093394
2026-05-26,351638.9126023787,362294.6372266932,348087.00439427386,355190.82081048354,35335.371368033295
2026-05-27,337197.52433260425,347415.631130562,333791.48873328505,340603.5599319235,37451.482851896166
2026-05-28,337570.53481492575,347799.9449608326,334160.73143295676,340980.3381968947,7531.20041637049
2026-05-29,315277.3066421857,324831.1644192217,312092.68738317373,318461.9259011977,24725.65725335849
2026-05-30,301625.20121543604,310765.358828025,298578.4820112397,304671.92041963234,21380.477358396944
2026-05-31,310172.1886276276,319571.34585876786,307039.1362172476,313305.2410380077,30381.35996753322
2026-06-01,318128.6079964575,327768.868844835,314915.18771366496,321342.02827924996,24748.2003562879
2026-06-02,313619.11251330504,323122.7219834052,310451.2426899383,316786.98233667173,32199.289865315277
2026-06-03,301321.92760765774,310452.8951109201,298278.2717732369,304365.5834420785,16131.558781436725
2026-06-04,289390.7417559984,298160.15817284683,286467.6029503822,292313.8805616145,23355.993646429975
2026-06-05,285504.0128859557,294155.6496400756,282620.1339679157,288387.89180399565,6452.167719970811
2026-06-06,293292.773535042,302180.4333391342,290330.2202670113,296255.32680307276,15995.980037490372
2026-06-07,304622.6228287977,313853.61139936734,301545.6266386078,307699.6190189876,88506.70122418087
2026-06-08,299029.36477983085,308090.86068225,296008.86614569114,302049.86341397057,30297.132184087284
2026-06-09,285680.78453017754,294337.778000789,282795.12003997376,288566.4490203814,21570.43621956222
2026-06-10,289170.0169308557,297932.74471663916,286249.10766892787,292090.9261927835,146696.8184229852
2026-06-11,280078.1071002909,288565.32246696635,277249.035311399,282907.1788891827,5648.61138687439
2026-06-12,274692.17553726217,283016.18085657316,271917.5070974919,277466.8439770325,7262.972393008978
2026-06-13,289665.93269935483,298443.6882356989,286740.0141872401,292591.8512114695,122114.13403676976
2026-06-14,299683.91808102495,308765.24893196515,296656.8077973782,302711.0283646717,23062.447769632432
2026-06-15,302027.1383922134,311179.47591925017,298976.3592165344,305077.9175678923,17281.93410919735
2026-06-16,287114.01685289136,295814.4416060093,284213.87526851875,290014.15843726404,6639.524808365305
2026-06-17,289972.48458358727,298759.5295709687,287043.46958779346,292901.4995793811,34464.88526879978
2026-06-18,302733.0983052836,311906.8285569589,299675.1882213918,305791.00838917535,37966.5151329017
2026-06-19,298638.5282141426,307688.1805842682,295621.97742410074,301655.07900418446,7372.452067667705
2026-06-20,315226.2749377848,324778.5862995359,312042.1711505345,318410.3787250352,19143.613005297506
2026-06-21,331999.40563251916,342059.99368198944,328645.87628269574,335352.9349823426,15748.244346340889
2026-06-22,354591.7371970856,365336.941354573,351010.00247792306,358173.47191624803,28452.09703757127
2026-06-23,359453.0924230501,370345.6103752637,355822.25310564553,363083.93174045463,7192.181108548146
2026-06-24,368437.86258004076,379602.64629458747,364716.2680085252,372159.45715155633,77029.78579266605
2026-06-25,389832.12504593364,401645.2197442953,385894.4268131464,393769.82327872084,55040.457328730416
2026-06-26,397393.21440231317,409435.4330205651,393379.14152956253,401407.2872750638,15318.621230987184
2026-06-27,390021.82289340347,401840.6660113854,386082.20852074283,393961.4372660641,17740.071536659805
2026-06-28,383609.19583780854,395233.71692380274,379734.3554758105,387484.0361998066,19217.52399304638
2026-06-29,387845.08459077607,399597.96594201174,383927.45747369755,391762.71170785464,10114.157429211204
2026-06-30,368405.33606308926,379569.1341256071,364684.07004225,372126.60208392853,14137.280323909305
2026-07-01,366846.85011283273,377963.42132837314,363141.32637431927,370552.3738513462,16810.00682356247
2026-07-02,383487.7146409249,395108.5544785287,379614.1013617236,387361.32792012615,110510.78209577387
2026-07-03,350450.1889496263,361069.8916450695,346910.2880511452,353990.08984810737,56761.76963731039
2026-07-04,372486.245933599,383773.7079315869,368723.7586009364,376248.73326626164,56086.74041506913
2026-07-05,389767.73367279535,401578.8771174255,385830.68585791864,393704.78148767207,31886.104970067117
2026-07-06,383184.328779897,394795.97510656057,379313.7800043425,387054.87755545153,7206.026660525121
2026-07-07,392087.85925879533,403969.3095393649,388127.3758319388,396048.34268565185,21131.263290850955
2026-07-08,392725.3584678529,404626.12690627266,388758.4356550463,396692.2812806595,58132.98208259053
2026-07-09,412636.38283983816,425140.5156531666,408468.3385687287,416804.42711094767,6258.74754024012
2026-07-10,429474.9701145088,442489.3631482818,425136.8391032511,433813.10112576646,41629.036971204114
2026-07-11,406067.3692897917,418372.44108645205,401965.6786909049,410169.0598886785,224719.72213044038
2026-07-12,416215.19447645324,428827.7761272548,412011.0005928527,420419.38836005377,63692.15292553
2026-07-13,413416.0997844119,425943.8603839395,409240.17958456936,417592.01998425444,90583.66117735155
2026-07-14,415405.9966636369,427994.0571685956,411209.9764953173,419602.01683195645,27401.1085734336
2026-07-15,403929.62668803945,416169.91840585886,399849.5294487663,408009.7239273126,57984.554292715206
2026-07-16,432780.4952772517,445895.05574019876,428408.975122936,437152.0154315674,10744.473256149213
2026-07-17,451434.4048016235,465114.23525015754,446874.4613187788,455994.3482844682,48818.4606512777
2026-07-18,438753.2302049243,452048.78263537656,434321.3793947735,443185.08101507503,42378.148129328096
2026-07-19,415988.77145632694,428594.4918034884,411786.8646739398,420190.6782387141,29434.159718547973
2026-07-20,410195.33525571926,422625.496930135,406051.948030914,414338.7224805245,82125.79365421651
2026-07-21,417939.86660191976,430604.71104440215,413718.25178775896,422161.48141608055,12851.491609571047
2026-07-22,422582.4403368581,435387.9688319144,418313.930838506,426850.9498352102,18268.66330889944
2026-07-23,444398.39108363475,457865.00899526005,439909.5184464263,448887.2637208432,24232.792124343094
2026-07-24,459106.5508151562,473018.8705368276,454469.1109079324,463743.99072238,7866.661368979842
2026-07-25,477600.6302890041,492073.3766613982,472776.38149820606,482424.87907980214,27637.58619139665
2026-07-26,484561.28504823404,499244.960352726,479666.72661340336,489455.8434830647,3948.41529811499
2026-07-27,458360.11185472965,472249.8122139639,453730.21173498494,462990.0119744744,62752.55256091021
2026-07-28,455459.63599745976,469261.4431488979,450859.03361364704,460060.2383812725,23078.053190497692
2026-07-29,475455.9489339937,489863.7049622965,470653.36359122605,480258.5342767613,13083.49898971083
2026-07-30,475189.2575424529,489588.93201343634,470389.3660521251,479989.1490327807,9562.709512559124
2026-07-31,485464.56697848963,500175.6144626863,480560.88448375737,490368.24947322183,17420.81388096474
2026-08-01,480003.1233155138,494548.672506893,475154.6069183874,484851.6397126402,43838.14951541419
2026-08-02,460950.61185139086,474918.81221052393,456294.54506501317,465606.67863776855,38091.215824204475
2026-08-03,459367.8168975562,473288.0537732397,454727.737938995,464007.89585611736,10877.612453554493
2026-08-04,465735.5265918498,479848.7243673604,461031.12733334623,470439.9258503533,9451.798571194064
2026-08-05,454219.0472696102,467983.2608232348,449630.97608506866,458807.1184541517,42484.67519840362
2026-08-06,450617.7943577334,464272.8790352405,446066.09946523106,455169.4892502358,10696.293893785327
2026-08-07,434360.1668899145,447522.59618960886,429972.690456683,438747.6433231459,23386.396217837333
2026-08-08,454457.9235076025,468229.3757351056,449867.43943176814,459048.40758343687,24928.1917931254
